# File generated by ImageToStl.com - Free Image and 3D model conversion tools

o obj1
v 1626.79675293 2761.11889648 2.3906486
v 1626.7956543 2761.08032227 2.00000095
v 1626.91271973 2761.09399414 2.23876405
v 1627.02856445 2761.09228516 2.00000095
v 1627.03320312 2761.12182617 2.33635759
v 1627.17529297 2761.15039062 2.28902364
v 1627.08752441 2761.19921875 2.60435891
v 1627.25024414 2761.24707031 2.58112645
v 1627.14355469 2761.32397461 2.87207103
v 1627.31140137 2761.38842773 2.85245204
v 1627.20703125 2761.49658203 3.11962032
v 1627.35974121 2761.56860352 3.09746432
v 1627.28015137 2761.7199707 3.33911109
v 1627.42407227 2761.79589844 3.29995489
v 1627.35583496 2761.97607422 3.50881195
v 1627.5045166 2762.02807617 3.41874313
v 1627.42687988 2762.23608398 3.61789751
v 1627.5645752 2762.26513672 3.50445437
v 1627.49145508 2762.52172852 3.68653893
v 1627.61584473 2762.5090332 3.55461168
v 1627.58508301 2762.76635742 3.66043544
v 1627.67272949 2762.7253418 3.54416347
v 1627.67260742 2762.96630859 3.58035517
v 1627.7512207 2762.81201172 3.43104911
v 1627.74804688 2763.07543945 3.46200585
v 1627.81140137 2762.93066406 3.30299115
v 1627.81164551 2763.14746094 3.30914497
v 1627.84924316 2763.00732422 3.15177083
v 1627.8494873 2763.20703125 3.14570379
v 1627.86120605 2763.08056641 2.99995017
v 1627.86120605 2763.27587891 2.98077536
v 1627.25244141 2761.15795898 2.00000095
v 1627.34606934 2761.22460938 2.28007746
v 1627.40649414 2761.32958984 2.56660151
v 1627.46740723 2761.48925781 2.83545303
v 1627.47766113 2761.66210938 3.08983278
v 1627.55773926 2761.8527832 3.20279551
v 1627.64453125 2762.0690918 3.26869297
v 1627.67736816 2762.31616211 3.38097262
v 1627.71118164 2762.55395508 3.43330979
v 1627.45495605 2761.2734375 2.00000095
v 1627.50073242 2761.32983398 2.2673316
v 1627.53930664 2761.4296875 2.54028916
v 1627.59912109 2761.56860352 2.72468758
v 1627.57348633 2761.67944336 2.96878076
v 1627.6640625 2761.72558594 2.8469851
v 1627.66369629 2761.86743164 3.03994012
v 1627.74853516 2761.85913086 2.80441928
v 1627.74450684 2762.02075195 3.01879168
v 1627.81054688 2762.03051758 2.79284024
v 1627.81091309 2762.18164062 2.95885086
v 1627.84887695 2762.20019531 2.75202632
v 1627.84936523 2762.34936523 2.89288878
v 1627.86120605 2762.37231445 2.70755005
v 1627.86120605 2762.52416992 2.83178973
v 1627.62524414 2761.43286133 2.00000095
v 1627.6105957 2761.44165039 2.29017162
v 1627.65698242 2761.54467773 2.4749105
v 1627.70214844 2761.67822266 2.64411879
v 1627.70703125 2761.55981445 2.21491003
v 1627.75390625 2761.62744141 2.00000095
v 1627.79455566 2761.73242188 2.18968892
v 1627.83398438 2761.84667969 2.00000095
v 1627.84655762 2761.92211914 2.18014216
v 1627.86120605 2762.078125 2.00000095
v 1627.86120605 2762.09741211 2.19532466
v 1627.84936523 2761.99047852 2.38222051
v 1627.86120605 2762.15478516 2.38308525
v 1627.84936523 2762.08081055 2.5790453
v 1627.86120605 2762.24755859 2.55604362
v 1627.85009766 2762.51342773 2.99974537
v 1627.86120605 2762.69750977 2.92405438
v 1627.84594727 2762.65551758 3.09493446
v 1627.8494873 2762.81542969 3.12140417
v 1627.81420898 2762.73120117 3.25568652
v 1627.86120605 2762.88525391 2.98080564
v 1627.84985352 2763.39648438 3.10622096
v 1627.86120605 2763.46386719 2.92391467
v 1627.84667969 2763.55810547 3.06812477
v 1627.85229492 2763.66845703 2.96933818
v 1627.81958008 2763.7331543 3.10813189
v 1627.82873535 2763.8684082 2.97520185
v 1627.77929688 2763.94018555 3.10163355
v 1627.79455566 2764.07226562 2.93079758
v 1627.72631836 2764.16064453 3.0447619
v 1627.74328613 2764.28515625 2.84732795
v 1627.65844727 2764.38330078 2.93771267
v 1627.6751709 2764.49291992 2.71495008
v 1627.57531738 2764.59423828 2.77836514
v 1627.59179688 2764.67944336 2.53105855
v 1627.47766113 2764.77758789 2.56798315
v 1627.49755859 2764.82983398 2.29372907
v 1627.36608887 2764.91845703 2.31949139
v 1627.39990234 2764.92553711 2.02530336
v 1627.24023438 2765.00805664 2.04532528
v 1627.31530762 2764.95507812 1.7340045
v 1627.18408203 2765.00732422 1.70905137
v 1627.21203613 2764.93334961 1.42945063
v 1627.06591797 2764.9921875 1.48030114
v 1627.08239746 2764.86865234 1.15603137
v 1626.93017578 2764.92773438 1.23385251
v 1626.92285156 2764.74267578 0.88804495
v 1627.13513184 2764.70605469 0.89901364
v 1627.06628418 2764.53271484 0.65447253
v 1627.2331543 2764.49780273 0.6910181
v 1627.17834473 2764.2980957 0.47766209
v 1627.31945801 2764.25292969 0.51801413
v 1627.26672363 2764.01928711 0.33140463
v 1627.421875 2763.9831543 0.4096621
v 1627.31982422 2763.73876953 0.22984439
v 1627.46435547 2763.69262695 0.30975986
v 1627.36157227 2763.43554688 0.16834697
v 1627.49401855 2763.39624023 0.25398082
v 1627.39038086 2763.12475586 0.15209685
v 1627.51721191 2763.10083008 0.24541703
v 1627.41369629 2762.81787109 0.18564534
v 1627.53930664 2762.81542969 0.28567949
v 1627.43530273 2762.53393555 0.26523721
v 1627.56005859 2762.55126953 0.36833659
v 1627.45800781 2762.27294922 0.38817263
v 1627.58044434 2762.30981445 0.4900555
v 1627.48010254 2762.03735352 0.55034906
v 1627.59936523 2762.09326172 0.6467672
v 1627.50036621 2761.83129883 0.7462039
v 1627.61743164 2761.90576172 0.83386612
v 1627.52148438 2761.66259766 0.97023374
v 1627.63708496 2761.75537109 1.04673016
v 1627.54614258 2761.53930664 1.21373343
v 1627.65869141 2761.64672852 1.27881074
v 1627.57531738 2761.46386719 1.4687674
v 1627.68054199 2761.57763672 1.52835965
v 1627.59484863 2761.41748047 1.7493906
v 1627.70837402 2761.56323242 1.77743232
v 1627.7911377 2761.72509766 1.80189764
v 1627.83435059 2761.86499023 1.79514587
v 1627.85461426 2761.97094727 1.86850798
v 1627.85327148 2761.99682617 1.68690693
v 1627.86120605 2762.09765625 1.80469692
v 1627.86120605 2762.15478516 1.6169852
v 1627.85058594 2762.04638672 1.50414598
v 1627.86120605 2762.24755859 1.44396329
v 1627.84802246 2762.12939453 1.32946432
v 1627.86120605 2762.37231445 1.29255188
v 1627.83935547 2762.2019043 1.16960752
v 1627.85412598 2762.37768555 1.12824118
v 1627.8269043 2762.30810547 1.00386894
v 1627.85217285 2762.5168457 1.01509607
v 1627.82104492 2762.47167969 0.87296075
v 1627.85070801 2762.69091797 0.92398345
v 1627.81555176 2762.6574707 0.7719996
v 1627.84875488 2762.87768555 0.86112636
v 1627.8059082 2762.84448242 0.69344896
v 1627.8404541 2763.03613281 0.79842681
v 1627.79150391 2763.03881836 0.63393408
v 1627.82751465 2763.21533203 0.75001836
v 1627.77636719 2763.25317383 0.60742694
v 1627.81884766 2763.40380859 0.7532295
v 1627.76538086 2763.47973633 0.6298843
v 1627.8145752 2763.59936523 0.8056376
v 1627.75830078 2763.70581055 0.70041722
v 1627.81481934 2763.78173828 0.90316987
v 1627.75354004 2763.91870117 0.81409949
v 1627.81481934 2763.95092773 1.03153765
v 1627.75598145 2764.10302734 0.97535121
v 1627.81604004 2764.09472656 1.18891931
v 1627.76257324 2764.25805664 1.18068302
v 1627.81982422 2764.19726562 1.3609184
v 1627.78601074 2764.32299805 1.39353609
v 1627.82324219 2764.27441406 1.55251479
v 1627.77819824 2764.41210938 1.56393683
v 1627.82312012 2764.32885742 1.73733616
v 1627.7713623 2764.4765625 1.75853395
v 1627.82189941 2764.35888672 1.93578351
v 1627.76953125 2764.5012207 1.97409749
v 1627.82080078 2764.35595703 2.14738393
v 1627.76916504 2764.48730469 2.2031002
v 1627.81970215 2764.31640625 2.36118579
v 1627.76611328 2764.44213867 2.43034196
v 1627.81652832 2764.24853516 2.56509209
v 1627.75695801 2764.37646484 2.64318466
v 1627.80810547 2764.16967773 2.75147462
v 1627.86120605 2763.63720703 2.83174467
v 1627.85461426 2763.79052734 2.85999823
v 1627.84130859 2763.96142578 2.81439638
v 1627.86120605 2763.7890625 2.70741391
v 1627.84912109 2764.03173828 2.65778828
v 1627.86120605 2763.91381836 2.5559957
v 1627.85058594 2764.12280273 2.47885036
v 1627.86120605 2764.0065918 2.38304353
v 1627.85119629 2764.18847656 2.28308988
v 1627.86120605 2764.0637207 2.19527721
v 1627.8515625 2764.21923828 2.0801568
v 1627.86120605 2764.08325195 1.99999452
v 1627.85192871 2764.21289062 1.87968314
v 1627.86120605 2764.0637207 1.80471277
v 1627.85205078 2764.17529297 1.69187033
v 1627.86120605 2764.0065918 1.61692679
v 1627.84802246 2764.14379883 1.52653968
v 1627.85083008 2764.05395508 1.39651895
v 1627.86120605 2763.91381836 1.44402301
v 1627.85021973 2763.94213867 1.24010968
v 1627.86120605 2763.78881836 1.29258251
v 1627.85009766 2763.79907227 1.10279095
v 1627.86120605 2763.63696289 1.16824484
v 1627.85009766 2763.63891602 0.99570221
v 1627.86120605 2763.46386719 1.07612967
v 1627.84667969 2763.49853516 0.90731138
v 1627.85217285 2763.35180664 0.89870983
v 1627.86120605 2763.27587891 1.01926136
v 1627.85437012 2763.18847656 0.88889837
v 1627.86120605 2763.08056641 1.00005221
v 1627.86120605 2762.88525391 1.01930177
v 1627.86120605 2762.69750977 1.07593107
v 1627.86120605 2762.52416992 1.16831827
v 1627.48596191 2761.32641602 1.6801846
v 1627.44506836 2761.35888672 1.42983174
v 1627.41247559 2761.44580078 1.16411841
v 1627.38830566 2761.5871582 0.90561414
v 1627.36755371 2761.77587891 0.66979426
v 1627.34460449 2762.00048828 0.46637616
v 1627.31896973 2762.25219727 0.3017894
v 1627.2947998 2762.52807617 0.18091543
v 1627.2746582 2762.82788086 0.10653425
v 1627.25280762 2763.15185547 0.08125008
v 1627.21618652 2763.47241211 0.10526859
v 1627.15686035 2763.78051758 0.17433342
v 1627.13452148 2764.07617188 0.30886689
v 1627.03283691 2764.28808594 0.4231717
v 1626.91308594 2764.49365234 0.58516413
v 1627.3494873 2761.22729492 1.71522462
v 1627.17053223 2761.15014648 1.7025032
v 1626.9753418 2761.11083984 1.67895079
v 1626.79675293 2761.11889648 1.60939276
v 1626.95812988 2761.19995117 1.32841146
v 1626.80029297 2761.2331543 1.23396933
v 1626.95092773 2761.3527832 0.99726707
v 1626.80615234 2761.41821289 0.88792568
v 1626.9465332 2761.55664062 0.70847213
v 1626.81396484 2761.66723633 0.5851028
v 1626.93725586 2761.78295898 0.48113564
v 1626.82373047 2761.97045898 0.3366355
v 1627.03039551 2761.99755859 0.33538038
v 1626.99230957 2762.25463867 0.18759727
v 1627.1640625 2762.24902344 0.23236725
v 1627.14147949 2762.53613281 0.11719918
v 1626.83508301 2762.31616211 0.1518611
v 1626.98791504 2762.5793457 0.07222548
v 1627.12927246 2762.85449219 0.04992354
v 1626.84777832 2762.69091797 0.03860247
v 1626.98669434 2762.91821289 0.01479426
v 1627.11242676 2763.18408203 0.03482278
v 1626.86120605 2763.08081055 0.00010343
v 1626.97875977 2763.23266602 0.01276475
v 1627.06237793 2763.4831543 0.06191067
v 1626.875 2763.47045898 0.03852163
v 1627.00219727 2763.7121582 0.11301658
v 1626.88867188 2763.8449707 0.15225841
v 1627.0189209 2763.9909668 0.23300178
v 1626.90161133 2764.19067383 0.33648863
v 1626.93469238 2765.04150391 1.60942459
v 1627.07421875 2765.05419922 1.84859133
v 1626.9362793 2765.08032227 1.99998796
v 1627.08496094 2765.04785156 2.19703817
v 1627.22607422 2764.97290039 2.39578152
v 1627.35266113 2764.84692383 2.62313032
v 1627.46179199 2764.67431641 2.84012294
v 1627.55712891 2764.46459961 3.02045441
v 1627.63903809 2764.23364258 3.15155268
v 1627.70861816 2763.99560547 3.22850132
v 1627.76672363 2763.76538086 3.24932289
v 1627.81420898 2763.55810547 3.21236324
v 1626.93469238 2765.04150391 2.39055347
v 1627.07910156 2764.98510742 2.53416348
v 1627.22253418 2764.88134766 2.70652771
v 1627.33862305 2764.72607422 2.91040111
v 1627.44226074 2764.52612305 3.09800053
v 1627.5345459 2764.29321289 3.2483716
v 1627.61706543 2764.04321289 3.34686875
v 1627.69104004 2763.79052734 3.3873775
v 1627.75695801 2763.55615234 3.3640151
v 1627.81323242 2763.35986328 3.27600098
v 1626.93017578 2764.92773438 2.76608586
v 1627.09558105 2764.88134766 2.80889106
v 1627.20751953 2764.74902344 2.98988962
v 1627.31628418 2764.56494141 3.17286205
v 1627.4152832 2764.33813477 3.33422995
v 1627.50561523 2764.08300781 3.45325804
v 1627.59143066 2763.81713867 3.51393962
v 1627.67297363 2763.55053711 3.51266861
v 1627.74890137 2763.32421875 3.43990111
v 1627.05932617 2764.76757812 3.04027963
v 1626.92285156 2764.74267578 3.11199045
v 1627.04077148 2764.57983398 3.30070758
v 1626.91308594 2764.49365234 3.41482687
v 1627.01660156 2764.3684082 3.51534677
v 1626.90161133 2764.19067383 3.66348839
v 1627.08374023 2764.15917969 3.65528417
v 1627.01062012 2763.96557617 3.78136182
v 1627.15930176 2763.87353516 3.78672409
v 1627.00842285 2763.68530273 3.89494681
v 1627.11865234 2763.57202148 3.90384436
v 1627.00061035 2763.34179688 3.973032
v 1627.14794922 2763.29663086 3.94606447
v 1627.01513672 2763.00512695 3.98649669
v 1627.18896484 2763.00341797 3.94308853
v 1627.06896973 2762.70849609 3.94284797
v 1627.24523926 2762.71777344 3.88878751
v 1627.17150879 2762.43603516 3.84139132
v 1627.33557129 2762.45410156 3.77310562
v 1627.27026367 2762.18798828 3.69188809
v 1626.88867188 2763.84521484 3.84782839
v 1626.875 2763.47045898 3.96154976
v 1626.86120605 2763.08081055 3.99989963
v 1626.84777832 2762.69091797 3.96161032
v 1626.99572754 2762.41137695 3.87536883
v 1626.83508301 2762.31616211 3.84810758
v 1626.95874023 2762.09960938 3.73794842
v 1626.82373047 2761.97045898 3.66357875
v 1626.92211914 2761.83056641 3.56015062
v 1626.81396484 2761.66723633 3.41509914
v 1626.95617676 2761.6105957 3.35117888
v 1626.80615234 2761.41821289 3.11208606
v 1627.02661133 2761.44140625 3.12455773
v 1626.96154785 2761.28222656 2.86801195
v 1626.80029297 2761.23291016 2.76616931
v 1626.92907715 2761.16113281 2.5610323
v 1627.81335449 2761.82885742 2.37838745
v 1627.81542969 2761.92163086 2.59126377
v 1627.74719238 2761.67163086 2.40399027
v 1627.77050781 2761.78320312 2.57266974
v 1627.12255859 2761.65576172 3.35538983
v 1627.20239258 2761.91674805 3.55316377
v 1627.81384277 2762.35400391 3.08392668
v 1627.81628418 2762.53344727 3.17589116
v 1627.74719238 2762.20727539 3.1756134
v 1627.76123047 2762.41064453 3.27051353
v 1627.77429199 2762.60839844 3.32668495
v 1627.05249023 2761.86523438 3.56629586
v 1627.11083984 2762.15014648 3.73510098
v 1627.38378906 2762.703125 3.81376362
v 1627.48205566 2762.84472656 3.76820445
v 1627.3482666 2762.99023438 3.8710568
v 1627.47302246 2763.09423828 3.79083228
v 1627.4119873 2763.27392578 3.82449698
v 1627.52844238 2763.32592773 3.72753692
v 1627.41247559 2763.56542969 3.76907277
v 1627.5612793 2763.56665039 3.64373541
v 1627.46691895 2763.83886719 3.62807894
v 1627.57775879 2763.05419922 3.69726443
v 1627.29455566 2763.29931641 3.88864231
v 1627.25512695 2763.59594727 3.84863853
v 1627.6541748 2763.27270508 3.59772921
v 1627.32263184 2763.86303711 3.71759868
v 1627.37683105 2764.11474609 3.54313874
v 1627.23413086 2764.13378906 3.61556625
v 1627.14807129 2764.38061523 3.46539474
v 1627.28417969 2764.3671875 3.40773797
v 1627.17944336 2764.58642578 3.23796368
v 1627.68945312 2764.56494141 2.48806643
v 1627.70080566 2764.60449219 2.25788307
v 1627.69836426 2764.63012695 2.0045011
v 1627.69433594 2764.61743164 1.7610383
v 1627.70922852 2764.54272461 1.54210305
v 1627.73181152 2764.42749023 1.35333407
v 1627.60913086 2764.72167969 2.2882998
v 1627.52905273 2764.82739258 2.0237298
v 1627.45532227 2764.8684082 1.73999894
v 1627.35961914 2764.86791992 1.45307779
v 1627.24987793 2764.81347656 1.16509616
v 1627.62780762 2764.72387695 2.06617713
v 1627.59033203 2764.75292969 1.78025162
v 1627.6138916 2764.66748047 1.51089883
v 1627.64819336 2764.54223633 1.30359638
v 1627.6932373 2764.39208984 1.16184735
v 1627.68774414 2764.25708008 0.969558
v 1627.6640625 2764.06225586 0.74030679
v 1627.67626953 2763.81274414 0.60013169
v 1627.68920898 2763.55834961 0.5141319
v 1627.70336914 2763.30224609 0.47678024
v 1627.71984863 2763.05493164 0.4877364
v 1627.73779297 2762.82666016 0.5408839
v 1627.75305176 2762.61425781 0.62433153
v 1627.76489258 2762.41577148 0.73558986
v 1627.77526855 2762.23486328 0.87661684
v 1627.78857422 2762.08911133 1.0470078
v 1627.80249023 2761.98486328 1.22993684
v 1627.81347656 2761.90991211 1.41899133
v 1627.82299805 2761.86425781 1.61466336
v 1627.49902344 2764.77441406 1.4788537
v 1627.5369873 2764.63183594 1.21365952
v 1627.61254883 2764.44726562 1.0550667
v 1627.40136719 2764.74511719 1.20751083
v 1627.30200195 2764.65258789 0.93442386
v 1627.43103027 2764.60400391 0.9981398
v 1627.51525879 2764.47338867 0.92771059
v 1627.38464355 2764.45092773 0.75247681
v 1627.49780273 2764.32080078 0.73412424
v 1627.43310547 2764.22290039 0.58158404
v 1627.54260254 2764.11767578 0.61183524
v 1627.56677246 2763.89331055 0.4965485
v 1627.58911133 2763.62792969 0.40568048
v 1627.60900879 2763.35083008 0.35814941
v 1627.62792969 2763.07739258 0.35810274
v 1627.64819336 2762.81811523 0.40459406
v 1627.66687012 2762.57861328 0.48865494
v 1627.68383789 2762.35913086 0.60659778
v 1627.69885254 2762.16137695 0.75609368
v 1627.7142334 2761.99267578 0.9344539
v 1627.73120117 2761.86181641 1.13474321
v 1627.7479248 2761.76904297 1.34998667
v 1627.76586914 2761.71704102 1.57530093
v 1627.59729004 2764.28027344 0.82697159
v 1627.19567871 2761.98828125 0.39336708
v 1627.22436523 2761.74780273 0.60062838
v 1627.24328613 2761.53881836 0.84608877
v 1627.2635498 2761.37597656 1.12266302
v 1627.29504395 2761.26928711 1.41685987
v 1627.07775879 2761.75170898 0.53614169
v 1627.09350586 2761.52636719 0.78268862
v 1627.10668945 2761.3425293 1.07015884
v 1627.12744141 2761.21337891 1.38516617
v 1629.02563477 2761.11889648 1.60935354
v 1629.02685547 2761.08032227 2.00000095
v 1628.90966797 2761.09399414 1.7612381
v 1628.79394531 2761.09228516 2.00000095
v 1628.78918457 2761.12182617 1.66364443
v 1628.6472168 2761.15039062 1.71097839
v 1628.73486328 2761.19921875 1.39564312
v 1628.57214355 2761.24707031 1.41887546
v 1628.67883301 2761.32397461 1.127931
v 1628.51098633 2761.38842773 1.14754999
v 1628.61535645 2761.49658203 0.88038164
v 1628.46276855 2761.56860352 0.90253764
v 1628.54223633 2761.7199707 0.66089088
v 1628.39831543 2761.79589844 0.70004719
v 1628.4666748 2761.97607422 0.49119002
v 1628.31799316 2762.02807617 0.58125889
v 1628.39562988 2762.23608398 0.38210443
v 1628.2578125 2762.26513672 0.49554759
v 1628.33105469 2762.52172852 0.31346306
v 1628.20654297 2762.5090332 0.44539022
v 1628.23730469 2762.76635742 0.3395665
v 1628.14978027 2762.7253418 0.45583844
v 1628.14990234 2762.96630859 0.41964677
v 1628.07128906 2762.81201172 0.5689528
v 1628.07446289 2763.07543945 0.53799611
v 1628.01098633 2762.93066406 0.69701076
v 1628.01074219 2763.14746094 0.69085693
v 1627.9732666 2763.00732422 0.84823114
v 1627.97302246 2763.20703125 0.85429811
v 1627.96118164 2763.08056641 1.00005174
v 1627.96118164 2763.27587891 1.01922667
v 1628.57006836 2761.15795898 2.00000095
v 1628.47631836 2761.22460938 1.71992445
v 1628.41589355 2761.32958984 1.43340051
v 1628.35510254 2761.48925781 1.16454887
v 1628.34472656 2761.66210938 0.91016918
v 1628.26477051 2761.8527832 0.7972064
v 1628.17785645 2762.0690918 0.73130912
v 1628.1451416 2762.31616211 0.6190294
v 1628.11120605 2762.55395508 0.56669211
v 1628.36755371 2761.2734375 2.00000095
v 1628.32165527 2761.32983398 1.73267055
v 1628.28308105 2761.4296875 1.45971286
v 1628.2232666 2761.56860352 1.27531445
v 1628.24890137 2761.67944336 1.03122127
v 1628.1583252 2761.72558594 1.15301681
v 1628.15869141 2761.86743164 0.96006197
v 1628.07385254 2761.85913086 1.19558263
v 1628.07800293 2762.02075195 0.98121029
v 1628.01184082 2762.03051758 1.20716178
v 1628.01159668 2762.18164062 1.04115105
v 1627.97351074 2762.20019531 1.24797559
v 1627.97302246 2762.34936523 1.10711312
v 1627.96118164 2762.37231445 1.29245198
v 1627.96118164 2762.52416992 1.16821218
v 1628.19726562 2761.43286133 2.00000095
v 1628.21191406 2761.44165039 1.7098304
v 1628.16540527 2761.54467773 1.52509141
v 1628.12036133 2761.67822266 1.35588312
v 1628.11547852 2761.55981445 1.785092
v 1628.06860352 2761.62744141 2.00000095
v 1628.0279541 2761.73242188 1.81031299
v 1627.98840332 2761.84667969 2.00000095
v 1627.97583008 2761.92211914 1.81985974
v 1627.96118164 2762.078125 2.00000095
v 1627.96118164 2762.09741211 1.80467725
v 1627.97302246 2761.99047852 1.61778152
v 1627.96118164 2762.15478516 1.61691678
v 1627.97314453 2762.08081055 1.42095673
v 1627.96118164 2762.24755859 1.44395852
v 1627.97241211 2762.51342773 1.00025666
v 1627.96118164 2762.69750977 1.07594764
v 1627.9765625 2762.65551758 0.9050675
v 1627.97290039 2762.81542969 0.8785978
v 1628.00830078 2762.73120117 0.74431556
v 1627.96118164 2762.88525391 1.01919639
v 1627.97265625 2763.39648438 0.89378113
v 1627.96118164 2763.46386719 1.07608736
v 1627.97570801 2763.55810547 0.9318772
v 1627.97009277 2763.66845703 1.03066385
v 1628.00280762 2763.7331543 0.89187008
v 1627.99365234 2763.8684082 1.0248003
v 1628.04321289 2763.94018555 0.89836842
v 1628.02783203 2764.07226562 1.06920445
v 1628.09619141 2764.16064453 0.95524001
v 1628.07910156 2764.28515625 1.15267396
v 1628.16394043 2764.38330078 1.06228936
v 1628.1472168 2764.49291992 1.28505182
v 1628.24719238 2764.59423828 1.22163677
v 1628.23059082 2764.67944336 1.46894348
v 1628.34472656 2764.77758789 1.432019
v 1628.3248291 2764.82983398 1.70627296
v 1628.4564209 2764.91845703 1.68051052
v 1628.42260742 2764.92553711 1.97469866
v 1628.58215332 2765.00805664 1.95467675
v 1628.50708008 2764.95507812 2.26599741
v 1628.63830566 2765.00732422 2.29095078
v 1628.61047363 2764.93334961 2.5705514
v 1628.75646973 2764.9921875 2.51970077
v 1628.73999023 2764.86865234 2.84397054
v 1628.89233398 2764.92773438 2.76614952
v 1628.8996582 2764.74267578 3.11195707
v 1628.68725586 2764.70605469 3.10098839
v 1628.75610352 2764.53271484 3.34552956
v 1628.58935547 2764.49780273 3.3089838
v 1628.64404297 2764.2980957 3.52233982
v 1628.50292969 2764.25292969 3.48198795
v 1628.55566406 2764.01928711 3.66859746
v 1628.40063477 2763.9831543 3.5903399
v 1628.50256348 2763.73876953 3.77015758
v 1628.35803223 2763.69262695 3.69024205
v 1628.46081543 2763.43554688 3.83165503
v 1628.32849121 2763.39624023 3.74602127
v 1628.43200684 2763.12475586 3.84790516
v 1628.30529785 2763.10083008 3.75458503
v 1628.40869141 2762.81787109 3.81435657
v 1628.28308105 2762.81542969 3.71432257
v 1628.38708496 2762.53393555 3.73476481
v 1628.2623291 2762.55126953 3.63166547
v 1628.36450195 2762.27294922 3.61182928
v 1628.24206543 2762.30981445 3.50994658
v 1628.34240723 2762.03735352 3.44965291
v 1628.22302246 2762.09326172 3.35323477
v 1628.32202148 2761.83129883 3.25379801
v 1628.20507812 2761.90576172 3.16613579
v 1628.30090332 2761.66259766 3.02976823
v 1628.1854248 2761.75537109 2.95327187
v 1628.27636719 2761.53930664 2.78626847
v 1628.16381836 2761.64672852 2.72119117
v 1628.24707031 2761.46386719 2.5312345
v 1628.14196777 2761.57763672 2.47164226
v 1628.22753906 2761.41748047 2.25061131
v 1628.11401367 2761.56323242 2.2225697
v 1628.03125 2761.72509766 2.19810438
v 1627.98815918 2761.86499023 2.20485616
v 1627.96789551 2761.97094727 2.13149405
v 1627.96923828 2761.99682617 2.31309509
v 1627.96118164 2762.09765625 2.19530511
v 1627.96118164 2762.15478516 2.38301682
v 1627.97180176 2762.04638672 2.49585605
v 1627.96118164 2762.24755859 2.55603862
v 1627.9744873 2762.12939453 2.67053771
v 1627.96118164 2762.37231445 2.70745015
v 1627.98303223 2762.2019043 2.83039451
v 1627.96838379 2762.37768555 2.87176085
v 1627.99560547 2762.30810547 2.99613309
v 1627.97033691 2762.5168457 2.98490596
v 1628.00134277 2762.47167969 3.12704134
v 1627.97167969 2762.69091797 3.07601857
v 1628.00683594 2762.6574707 3.22800231
v 1627.97363281 2762.87768555 3.13887572
v 1628.01647949 2762.84448242 3.30655313
v 1627.98193359 2763.03613281 3.20157528
v 1628.03088379 2763.03881836 3.36606789
v 1627.99487305 2763.21533203 3.24998355
v 1628.04614258 2763.25317383 3.39257503
v 1628.00354004 2763.40380859 3.24677253
v 1628.05700684 2763.47973633 3.37011766
v 1628.00793457 2763.59936523 3.19436431
v 1628.06420898 2763.70581055 3.29958487
v 1628.00756836 2763.78173828 3.09683204
v 1628.06884766 2763.91870117 3.1859026
v 1628.00756836 2763.95092773 2.96846437
v 1628.06640625 2764.10302734 3.02465081
v 1628.00646973 2764.09472656 2.81108284
v 1628.05981445 2764.25805664 2.81931901
v 1628.00268555 2764.19726562 2.63908362
v 1628.03637695 2764.32299805 2.60646582
v 1627.99914551 2764.27441406 2.44748712
v 1628.04418945 2764.41210938 2.4360652
v 1627.99926758 2764.32885742 2.26266575
v 1628.05114746 2764.4765625 2.24146795
v 1628.00048828 2764.35888672 2.06421852
v 1628.05297852 2764.5012207 2.02590442
v 1628.00158691 2764.35595703 1.85261798
v 1628.05322266 2764.48730469 1.79690182
v 1628.00280762 2764.31640625 1.63881624
v 1628.05639648 2764.44213867 1.56965995
v 1628.00585938 2764.24853516 1.43490982
v 1628.06555176 2764.37646484 1.35681725
v 1628.01428223 2764.16967773 1.24852741
v 1627.96118164 2763.63720703 1.16825724
v 1627.96777344 2763.79052734 1.1400038
v 1627.9810791 2763.96142578 1.18560565
v 1627.96118164 2763.7890625 1.29258811
v 1627.9732666 2764.03173828 1.34221375
v 1627.96118164 2763.91381836 1.44400632
v 1627.97180176 2764.12280273 1.52115154
v 1627.96118164 2764.0065918 1.6169585
v 1627.97131348 2764.18847656 1.71691215
v 1627.96118164 2764.0637207 1.80472469
v 1627.97094727 2764.21923828 1.91984522
v 1627.96118164 2764.08325195 2.00000763
v 1627.97058105 2764.21289062 2.12031889
v 1627.96118164 2764.0637207 2.19528913
v 1627.97033691 2764.17529297 2.30813169
v 1627.96118164 2764.0065918 2.38307524
v 1627.97436523 2764.14379883 2.47346234
v 1627.97155762 2764.05395508 2.6034832
v 1627.96118164 2763.91381836 2.55597901
v 1627.97216797 2763.94213867 2.75989223
v 1627.96118164 2763.78881836 2.7074194
v 1627.97229004 2763.79907227 2.89721107
v 1627.96118164 2763.63696289 2.83175707
v 1627.97229004 2763.63891602 3.00429988
v 1627.96118164 2763.46386719 2.92387223
v 1627.97583008 2763.49853516 3.09269071
v 1627.97033691 2763.35180664 3.10129213
v 1627.96118164 2763.27587891 2.98074079
v 1627.96801758 2763.18847656 3.11110353
v 1627.96118164 2763.08056641 2.99994969
v 1627.96118164 2762.88525391 2.98070025
v 1627.96118164 2762.69750977 2.92407084
v 1627.96118164 2762.52416992 2.83168364
v 1628.33654785 2761.32641602 2.3198173
v 1628.37731934 2761.35888672 2.57017016
v 1628.41003418 2761.44580078 2.83588362
v 1628.4342041 2761.5871582 3.09438777
v 1628.45495605 2761.77587891 3.33020782
v 1628.4777832 2762.00048828 3.53362584
v 1628.50354004 2762.25219727 3.69821262
v 1628.52770996 2762.52807617 3.81908655
v 1628.54772949 2762.82788086 3.89346766
v 1628.56958008 2763.15185547 3.91875196
v 1628.60632324 2763.47241211 3.89473343
v 1628.66564941 2763.78051758 3.82566857
v 1628.68786621 2764.07617188 3.69113517
v 1628.78967285 2764.28808594 3.57683039
v 1628.90930176 2764.49365234 3.41483784
v 1628.47302246 2761.22729492 2.2847774
v 1628.65185547 2761.15014648 2.29749894
v 1628.8470459 2761.11083984 2.32105112
v 1629.02563477 2761.11889648 2.39060926
v 1628.86425781 2761.19995117 2.67159057
v 1629.02209473 2761.2331543 2.7660327
v 1628.87145996 2761.3527832 3.0027349
v 1629.01635742 2761.41821289 3.11207628
v 1628.87597656 2761.55664062 3.29152989
v 1629.00842285 2761.66723633 3.41489911
v 1628.88525391 2761.78295898 3.5188663
v 1628.99865723 2761.97045898 3.66336656
v 1628.79199219 2761.99755859 3.66462159
v 1628.8302002 2762.25463867 3.81240463
v 1628.6583252 2762.24902344 3.76763487
v 1628.68103027 2762.53613281 3.88280272
v 1628.98730469 2762.31616211 3.84814095
v 1628.83459473 2762.5793457 3.92777658
v 1628.69311523 2762.85449219 3.95007849
v 1628.97473145 2762.69091797 3.96139956
v 1628.83581543 2762.91821289 3.9852078
v 1628.70996094 2763.18408203 3.9651792
v 1628.96118164 2763.08081055 3.99989867
v 1628.84362793 2763.23266602 3.98723722
v 1628.76000977 2763.4831543 3.93809128
v 1628.9473877 2763.47045898 3.96148038
v 1628.82019043 2763.7121582 3.8869853
v 1628.93371582 2763.8449707 3.84774351
v 1628.8034668 2763.9909668 3.7670002
v 1628.92089844 2764.19067383 3.66351342
v 1628.88781738 2765.04150391 2.39057732
v 1628.74829102 2765.05419922 2.15141058
v 1628.88623047 2765.08032227 2.00001407
v 1628.73742676 2765.04785156 1.80296385
v 1628.59643555 2764.97290039 1.60422039
v 1628.46972656 2764.84692383 1.37687171
v 1628.3605957 2764.67431641 1.15987897
v 1628.26538086 2764.46459961 0.9795475
v 1628.18334961 2764.23364258 0.84844929
v 1628.1138916 2763.99560547 0.77150071
v 1628.05566406 2763.76538086 0.75067914
v 1628.00817871 2763.55810547 0.78763866
v 1628.88781738 2765.04150391 1.60944843
v 1628.7434082 2764.98510742 1.46583867
v 1628.59985352 2764.88134766 1.29347432
v 1628.48388672 2764.72607422 1.08960104
v 1628.38012695 2764.52612305 0.90200144
v 1628.2878418 2764.29321289 0.75163043
v 1628.20532227 2764.04321289 0.65313327
v 1628.13146973 2763.79052734 0.61262453
v 1628.06542969 2763.55615234 0.6359868
v 1628.00927734 2763.35986328 0.72400111
v 1628.89233398 2764.92773438 1.23391604
v 1628.72692871 2764.88134766 1.19111085
v 1628.61499023 2764.74902344 1.0101124
v 1628.50610352 2764.56494141 0.82714003
v 1628.40710449 2764.33813477 0.66577202
v 1628.31677246 2764.08300781 0.54674399
v 1628.2310791 2763.81713867 0.48606235
v 1628.14941406 2763.55053711 0.48733345
v 1628.07348633 2763.32421875 0.56010091
v 1628.76318359 2764.76757812 0.95972228
v 1628.8996582 2764.74267578 0.88801157
v 1628.78173828 2764.57983398 0.69929451
v 1628.90930176 2764.49365234 0.58517522
v 1628.8059082 2764.3684082 0.48465532
v 1628.92089844 2764.19067383 0.33651358
v 1628.73864746 2764.15917969 0.34471783
v 1628.81188965 2763.96557617 0.21864025
v 1628.66308594 2763.87353516 0.21327801
v 1628.81396484 2763.68530273 0.10505525
v 1628.70373535 2763.57202148 0.09615757
v 1628.82177734 2763.34179688 0.02697
v 1628.67443848 2763.29663086 0.05393757
v 1628.80737305 2763.00512695 0.01350528
v 1628.63342285 2763.00341797 0.05691357
v 1628.75354004 2762.70849609 0.05715394
v 1628.57714844 2762.71777344 0.11121459
v 1628.65087891 2762.43603516 0.1586106
v 1628.48681641 2762.45410156 0.22689633
v 1628.55212402 2762.18798828 0.30811396
v 1628.93371582 2763.84521484 0.15217368
v 1628.9473877 2763.47045898 0.03845235
v 1628.96118164 2763.08081055 0.00010243
v 1628.97473145 2762.69091797 0.0383917
v 1628.82666016 2762.41137695 0.12463309
v 1628.98730469 2762.31616211 0.15189432
v 1628.86364746 2762.09960938 0.26205355
v 1628.99865723 2761.97045898 0.33642334
v 1628.90039062 2761.83056641 0.43985128
v 1629.00842285 2761.66723633 0.58490288
v 1628.86621094 2761.6105957 0.64882302
v 1629.01635742 2761.41821289 0.88791591
v 1628.79589844 2761.44140625 0.87544417
v 1628.86083984 2761.28222656 1.13198996
v 1629.02209473 2761.23291016 1.2338326
v 1628.89331055 2761.16113281 1.43896973
v 1628.0090332 2761.82885742 1.62161446
v 1628.00708008 2761.92163086 1.40873814
v 1628.07519531 2761.67163086 1.59601188
v 1628.05200195 2761.78320312 1.4273324
v 1628.6998291 2761.65576172 0.64461225
v 1628.62011719 2761.91674805 0.44683826
v 1628.00866699 2762.35400391 0.91607523
v 1628.00622559 2762.53344727 0.82411087
v 1628.07519531 2762.20727539 0.82438868
v 1628.0612793 2762.41064453 0.72948843
v 1628.04821777 2762.60839844 0.67331707
v 1628.77001953 2761.86523438 0.43370625
v 1628.71166992 2762.15014648 0.26490113
v 1628.4387207 2762.703125 0.18623832
v 1628.3404541 2762.84472656 0.23179759
v 1628.47424316 2762.99023438 0.12894531
v 1628.34936523 2763.09423828 0.2091697
v 1628.41052246 2763.27392578 0.17550512
v 1628.29394531 2763.32592773 0.27246505
v 1628.40991211 2763.56542969 0.23092934
v 1628.2611084 2763.56665039 0.35626665
v 1628.35559082 2763.83886719 0.37192303
v 1628.24475098 2763.05419922 0.30273753
v 1628.5279541 2763.29931641 0.1113596
v 1628.56738281 2763.59594727 0.15136357
v 1628.16821289 2763.27270508 0.40227291
v 1628.49975586 2763.86303711 0.28240335
v 1628.44567871 2764.11474609 0.45686314
v 1628.58837891 2764.13378906 0.38443568
v 1628.67443848 2764.38061523 0.53460735
v 1628.53833008 2764.3671875 0.592264
v 1628.64294434 2764.58642578 0.76203829
v 1628.13293457 2764.56494141 1.51193547
v 1628.12158203 2764.60449219 1.74211895
v 1628.12414551 2764.63012695 1.9955008
v 1628.12805176 2764.61743164 2.23896384
v 1628.11328125 2764.54272461 2.45789886
v 1628.09069824 2764.42749023 2.64666796
v 1628.21337891 2764.72167969 1.71170235
v 1628.29345703 2764.82739258 1.97627211
v 1628.36706543 2764.8684082 2.26000309
v 1628.46289062 2764.86791992 2.54692411
v 1628.57263184 2764.81347656 2.83490586
v 1628.19458008 2764.72387695 1.9338249
v 1628.23205566 2764.75292969 2.2197504
v 1628.20849609 2764.66748047 2.48910308
v 1628.17431641 2764.54223633 2.69640565
v 1628.12927246 2764.39208984 2.83815455
v 1628.13464355 2764.25708008 3.03044391
v 1628.15844727 2764.06225586 3.25969529
v 1628.14624023 2763.81274414 3.3998704
v 1628.13330078 2763.55834961 3.48587012
v 1628.11914062 2763.30224609 3.52322173
v 1628.10266113 2763.05493164 3.51226568
v 1628.08459473 2762.82666016 3.45911813
v 1628.06945801 2762.61425781 3.37567043
v 1628.05749512 2762.41577148 3.26441216
v 1628.04724121 2762.23486328 3.12338519
v 1628.03381348 2762.08911133 2.95299411
v 1628.02001953 2761.98486328 2.77006507
v 1628.00891113 2761.90991211 2.58101082
v 1627.99951172 2761.86425781 2.38533854
v 1628.32336426 2764.77441406 2.5211482
v 1628.28552246 2764.63183594 2.78634238
v 1628.20996094 2764.44726562 2.94493532
v 1628.42114258 2764.74511719 2.7924912
v 1628.52050781 2764.65258789 3.06557822
v 1628.39147949 2764.60400391 3.00186229
v 1628.30712891 2764.47338867 3.07229137
v 1628.43774414 2764.45092773 3.24752522
v 1628.32458496 2764.32080078 3.26587772
v 1628.38928223 2764.22290039 3.41841793
v 1628.27990723 2764.11767578 3.38816667
v 1628.25561523 2763.89331055 3.50345349
v 1628.23339844 2763.62792969 3.59432149
v 1628.21350098 2763.35083008 3.64185262
v 1628.19458008 2763.07739258 3.64189935
v 1628.17431641 2762.81811523 3.59540796
v 1628.15551758 2762.57861328 3.51134706
v 1628.13867188 2762.35913086 3.39340425
v 1628.12353516 2762.16137695 3.24390841
v 1628.1081543 2761.99267578 3.06554818
v 1628.09130859 2761.86181641 2.86525893
v 1628.07446289 2761.76904297 2.65001535
v 1628.05651855 2761.71704102 2.42470121
v 1628.22509766 2764.28027344 3.17303038
v 1628.62670898 2761.98828125 3.60663486
v 1628.59802246 2761.74780273 3.39937353
v 1628.57922363 2761.53881836 3.15391326
v 1628.55883789 2761.37597656 2.87733889
v 1628.52746582 2761.26928711 2.58314228
v 1628.74475098 2761.75170898 3.46386027
v 1628.72888184 2761.52636719 3.21731329
v 1628.71582031 2761.3425293 2.92984319
v 1628.69494629 2761.21337891 2.61483574
v 1631.1673584 2761.359375 1.94210088
v 1631.15515137 2761.43676758 1.44296575
v 1630.95617676 2761.62426758 0.94546819
v 1631.07116699 2761.99194336 0.53333879
v 1631.01745605 2762.40893555 0.2347969
v 1630.81640625 2762.90527344 0.04348577
v 1630.93762207 2763.50317383 0.00547674
v 1630.62463379 2763.99487305 0.12333907
v 1630.68115234 2764.48925781 0.37465012
v 1630.84692383 2764.86743164 0.67787927
v 1630.86938477 2765.14990234 1.07101786
v 1630.70874023 2765.30297852 1.58193517
v 1630.84692383 2765.37597656 2.11903095
v 1630.76513672 2765.23901367 2.6794405
v 1631.09460449 2765.05200195 3.16741061
v 1630.37133789 2764.57250977 3.51469326
v 1630.60021973 2764.26635742 3.75301576
v 1630.70996094 2763.83886719 3.93065286
v 1630.6895752 2763.29272461 3.99997449
v 1630.93713379 2762.81103516 3.92844105
v 1630.98925781 2762.35180664 3.73729038
v 1630.91845703 2761.89672852 3.40373898
v 1631.12658691 2761.60717773 2.97176123
v 1630.9901123 2761.38110352 2.46694493
v 1624.12988281 2761.47631836 2.16136217
v 1624.16601562 2761.48632812 1.68834794
v 1624.40893555 2761.58325195 1.19049704
v 1624.25976562 2761.90161133 0.73598671
v 1624.33081055 2762.25683594 0.39101002
v 1624.61120605 2762.66870117 0.13612911
v 1624.52404785 2763.22265625 0.01034059
v 1624.62548828 2763.71728516 0.02286035
v 1624.90026855 2764.18457031 0.17471316
v 1624.85144043 2764.68481445 0.47605255
v 1625.04394531 2765.0300293 0.90599114
v 1624.88830566 2765.32006836 1.44742894
v 1624.7364502 2765.43554688 2.08350182
v 1625.00415039 2765.22998047 2.73337603
v 1624.87121582 2764.95092773 3.25292206
v 1624.81384277 2764.56958008 3.61887693
v 1624.92260742 2764.07055664 3.86942768
v 1624.80480957 2763.58789062 3.98849463
v 1624.68908691 2763.13110352 3.98344183
v 1624.47399902 2762.71582031 3.8703053
v 1624.55383301 2762.23779297 3.63029194
v 1624.31933594 2761.90332031 3.28185654
v 1624.69604492 2761.59765625 2.9546411
v 1624.19836426 2761.54931641 2.60223508
v 1640.91113281 2777.99731445 2.01190901
v 1640.76513672 2776.10009766 1.99862981
v 1640.83007812 2776.06542969 2.52232766
v 1640.39904785 2774.1965332 2.51331949
v 1640.5892334 2774.13427734 2.99853897
v 1639.87658691 2772.32421875 2.9898057
v 1640.16601562 2772.19628906 3.40671325
v 1639.18225098 2770.49194336 3.39528251
v 1639.53466797 2770.27929688 3.71925688
v 1638.3034668 2768.72998047 3.70538378
v 1638.67736816 2768.42822266 3.91851497
v 1637.23352051 2767.07592773 3.90611267
v 1637.58581543 2766.69458008 3.99811459
v 1635.96533203 2765.56787109 3.99434662
v 1636.25952148 2765.13085938 3.96426606
v 1634.49389648 2764.25244141 3.98006773
v 1634.71069336 2763.79248047 3.83722687
v 1632.82836914 2763.15307617 3.88026285
v 1632.91101074 2762.68579102 3.63541889
v 1640.79675293 2779.80810547 2.15210748
v 1640.79101562 2780.12890625 1.56677675
v 1640.4765625 2781.37792969 1.97347736
v 1640.32434082 2782.05200195 1.5817039
v 1639.92858887 2783.00219727 2.0252707
v 1639.70581055 2783.65478516 1.50850368
v 1639.10900879 2784.64746094 2.00993252
v 1638.76843262 2785.29833984 1.5222857
v 1638.02246094 2786.21459961 2.01027274
v 1637.58410645 2786.81298828 1.52925491
v 1636.69677734 2787.62573242 2.01007152
v 1636.24182129 2788.10449219 1.5055387
v 1635.18310547 2788.81958008 2.00498939
v 1634.67199707 2789.2199707 1.50563169
v 1633.50268555 2789.77978516 2.00404358
v 1632.93432617 2790.10180664 1.50359404
v 1631.6217041 2790.50292969 1.9961884
v 1631.11132812 2790.71313477 1.48527563
v 1629.43286133 2790.95532227 1.93909621
v 1629.49255371 2791.04223633 1.39262187
v 1627.73754883 2791.11523438 1.46616876
v 1628.76147461 2791.31274414 0.95235139
v 1626.83996582 2791.2355957 1.058833
v 1627.10876465 2791.57177734 0.62049443
v 1625.39697266 2791.12158203 0.91897547
v 1624.93054199 2791.30981445 0.57492721
v 1623.42871094 2790.58227539 0.92169279
v 1622.94702148 2790.82788086 0.46819732
v 1621.25976562 2789.92724609 0.55391043
v 1621.03466797 2790.3684082 0.20733511
v 1619.53991699 2789.22045898 0.28917158
v 1618.70739746 2789.171875 0.0796492
v 1618.04589844 2787.95605469 0.27669501
v 1617.1583252 2787.60717773 0.09512512
v 1616.68664551 2786.37011719 0.28220335
v 1615.93518066 2786.10913086 0.08039324
v 1615.57678223 2784.64233398 0.27459171
v 1614.87695312 2784.25268555 0.08070564
v 1614.60449219 2782.49804688 0.249587
v 1614.10107422 2782.62158203 0.05147751
v 1613.60400391 2780.51489258 0.05870174
v 1613.55334473 2782.35205078 2.434E-05
v 1613.05432129 2780.48828125 0.00080448
v 1613.01452637 2782.10693359 0.04921385
v 1612.5526123 2780.17773438 0.06510166
v 1612.57543945 2782.41186523 0.23773526
v 1612.01098633 2779.78735352 0.26537207
v 1611.6829834 2780.39770508 0.56985843
v 1611.47839355 2777.88696289 0.60537219
v 1611.37219238 2780.53442383 0.98867446
v 1611.17858887 2778.0246582 1.0009681
v 1611.17102051 2780.57446289 1.47694468
v 1610.98010254 2778.04760742 1.47983694
v 1610.91125488 2778.07421875 1.9913702
v 1611.16955566 2775.50976562 1.48448586
v 1611.10046387 2775.51391602 1.99807334
v 1611.66992188 2773.02197266 2.00075507
v 1611.14916992 2775.61376953 2.49710178
v 1611.72045898 2773.10375977 2.53325891
v 1611.85095215 2773.45092773 3.04698277
v 1612.78771973 2770.88623047 3.00044847
v 1613.09851074 2771 3.42625833
v 1614.33935547 2768.76733398 3.38876033
v 1614.71972656 2768.95825195 3.72181106
v 1616.22888184 2767.00708008 3.68887305
v 1616.61914062 2767.31274414 3.91473055
v 1618.35314941 2765.64257812 3.88896251
v 1618.68713379 2766.07104492 3.9967556
v 1620.6640625 2764.66186523 3.98805356
v 1620.73059082 2765.28613281 3.96724272
v 1622.72399902 2764.31640625 3.97336841
v 1622.81774902 2764.80371094 3.82680178
v 1640.98840332 2777.92138672 2.55233526
v 1640.92224121 2779.60986328 2.63944817
v 1640.51806641 2781.4765625 2.50938129
v 1641.0411377 2779.98779297 3.00870109
v 1640.61401367 2781.93383789 3.02922821
v 1641.34667969 2780.06933594 3.41577411
v 1640.90539551 2782.23706055 3.47924709
v 1641.76013184 2780.13085938 3.73510265
v 1641.4276123 2782.20751953 3.80715942
v 1642.24682617 2780.20483398 3.93586087
v 1641.89562988 2782.35351562 3.96612144
v 1642.77539062 2780.30810547 3.99968195
v 1642.40856934 2782.32348633 3.99663925
v 1643.28466797 2780.55981445 3.9146781
v 1642.62585449 2783.17675781 3.91277075
v 1643.63110352 2781.24438477 3.70688057
v 1643.0390625 2783.44311523 3.69442821
v 1643.5736084 2782.97998047 3.40654564
v 1642.68395996 2784.95458984 3.51178098
v 1642.87634277 2785.26611328 3.17723966
v 1641.47924805 2787.09228516 3.51254797
v 1641.72827148 2787.40014648 3.07441187
v 1640.24060059 2788.90722656 3.39568472
v 1640.23083496 2789.35253906 3.01545763
v 1638.59936523 2790.5324707 3.39003563
v 1638.23278809 2791.25439453 2.94115996
v 1636.61669922 2792.00366211 3.37551689
v 1635.8137207 2792.8059082 2.97828197
v 1634.46936035 2793.08911133 3.41577458
v 1633.56774902 2793.74414062 3.07212162
v 1632.13427734 2793.89257812 3.42639184
v 1631.609375 2794.3605957 3.00244403
v 1629.80700684 2794.35351562 3.40882826
v 1629.17736816 2794.72900391 2.99782109
v 1627.3972168 2794.45458984 3.40959501
v 1626.67236328 2794.73046875 2.99884772
v 1624.63024902 2794.1159668 3.42460704
v 1623.96826172 2794.34960938 2.91986418
v 1621.9864502 2793.45629883 3.30904126
v 1621.41662598 2793.51367188 2.91592169
v 1619.80407715 2792.33398438 3.39850974
v 1619.44775391 2792.49414062 2.97454762
v 1617.71875 2790.91259766 3.41211438
v 1617.4744873 2791.1237793 2.99739814
v 1615.67016602 2789.43408203 3.0193069
v 1615.77441406 2789.80444336 2.62403059
v 1614.1126709 2787.81860352 2.59299874
v 1615.4675293 2789.61987305 2.13183045
v 1613.94042969 2787.72949219 2.01269794
v 1615.75561523 2789.85009766 1.53592336
v 1614.00964355 2787.71142578 1.48577058
v 1615.73583984 2789.52636719 1.00673652
v 1614.10314941 2787.49462891 1.00114286
v 1615.86462402 2789.203125 0.59274983
v 1614.33642578 2787.2668457 0.58316654
v 1616.11657715 2788.86572266 0.27211714
v 1614.67321777 2786.99023438 0.25526762
v 1616.4498291 2788.48901367 0.06536262
v 1615.00024414 2786.51293945 0.04917843
v 1616.76953125 2787.97753906 0.00133046
v 1615.37841797 2786.11572266 0.00215101
v 1640.97717285 2778.08642578 1.49025905
v 1640.8371582 2776.10864258 1.47572196
v 1641.17712402 2778.04931641 1.00354326
v 1641.03808594 2776.05102539 0.98407173
v 1641.50939941 2778.0012207 0.57342345
v 1641.35205078 2775.89331055 0.5603497
v 1641.9666748 2777.76831055 0.23563913
v 1641.6965332 2775.40893555 0.24827516
v 1642.33325195 2776.53710938 0.06338521
v 1642.03466797 2774.60839844 0.05473949
v 1642.81420898 2776.06323242 0.00029087
v 1642.38562012 2773.93164062 0.00055704
v 1643.27783203 2775.80761719 0.07106352
v 1642.76403809 2773.54052734 0.06891992
v 1643.6776123 2775.53076172 0.24843146
v 1643.13427734 2773.21679688 0.25095329
v 1643.95825195 2775.05541992 0.50006342
v 1643.55700684 2773.14306641 0.56717747
v 1644.41589355 2775.68164062 0.90380359
v 1643.90576172 2773.18579102 0.97268033
v 1644.62341309 2775.48828125 1.39551842
v 1644.08898926 2773.07543945 1.4520427
v 1644.71923828 2775.51147461 1.90428579
v 1644.1661377 2773.06665039 1.96895087
v 1644.6776123 2775.52783203 2.42594886
v 1644.11303711 2773.10302734 2.49257588
v 1644.50268555 2775.58959961 2.92746401
v 1643.9375 2773.2109375 2.98769879
v 1644.20275879 2775.77270508 3.37843633
v 1643.64001465 2773.33618164 3.41026139
v 1643.7833252 2775.84033203 3.71776485
v 1643.23327637 2773.43066406 3.73119068
v 1643.27453613 2775.78540039 3.92892027
v 1642.75427246 2773.52270508 3.93220353
v 1642.74938965 2775.82788086 3.99999905
v 1642.25256348 2773.65795898 3.99999881
v 1642.23388672 2775.89746094 3.93191719
v 1641.75598145 2773.80444336 3.93101764
v 1641.75622559 2775.96582031 3.73211932
v 1641.29382324 2773.93847656 3.73097157
v 1641.34692383 2776.01196289 3.41688418
v 1640.89526367 2774.04614258 3.41395974
v 1641.03015137 2776.02612305 3.00891399
v 1640.33557129 2774.21826172 1.99346209
v 1639.69482422 2772.40112305 2.50531006
v 1638.90869141 2770.64526367 2.97650337
v 1637.97229004 2768.97045898 3.37547445
v 1636.88903809 2767.40917969 3.68174434
v 1635.65576172 2765.98413086 3.88520193
v 1634.24914551 2764.71777344 3.98509598
v 1632.63208008 2763.62915039 3.99293113
v 1639.63208008 2772.42041016 1.98545289
v 1638.73376465 2770.73120117 2.4917872
v 1637.70776367 2769.13452148 2.95326757
v 1636.56481934 2767.65966797 3.34215736
v 1635.33068848 2766.33544922 3.64414811
v 1633.99267578 2765.16186523 3.85207224
v 1632.44885254 2764.11523438 3.9689703
v 1638.66943359 2770.74536133 1.97311497
v 1637.53320312 2769.21948242 2.46860743
v 1636.29101562 2767.81689453 2.91482353
v 1634.97827148 2766.57421875 3.2903583
v 1633.68151855 2765.52563477 3.58787775
v 1632.28845215 2764.59082031 3.80904818
v 1640.40478516 2774.19604492 1.46561682
v 1637.46179199 2769.22314453 1.95323837
v 1636.10583496 2767.89160156 2.43036771
v 1634.66015625 2766.70776367 2.85684752
v 1633.20263672 2765.7175293 3.21845365
v 1631.97253418 2764.94726562 3.52978802
v 1639.69042969 2772.36914062 1.45821357
v 1640.58874512 2774.0847168 0.97724986
v 1636.02844238 2767.88720703 1.91717541
v 1634.46203613 2766.77490234 2.37027144
v 1632.79296875 2765.82373047 2.78165221
v 1638.70837402 2770.66601562 1.44992399
v 1639.84375 2772.20825195 0.9743554
v 1640.84985352 2773.82421875 0.56271023
v 1634.39660645 2766.77050781 1.85106206
v 1632.65319824 2765.91918945 2.27416039
v 1637.47583008 2769.11962891 1.43545282
v 1638.82446289 2770.46972656 0.97264749
v 1640.05102539 2771.89111328 0.5620985
v 1641.1262207 2773.3137207 0.24767546
v 1632.61999512 2765.90795898 1.73830986
v 1636.01794434 2767.76318359 1.39944875
v 1637.54992676 2768.8996582 0.96930999
v 1638.97009277 2770.12255859 0.56880373
v 1640.23693848 2771.34521484 0.25195357
v 1641.35168457 2772.55981445 0.05940379
v 1632.64428711 2765.76342773 1.21411693
v 1632.75805664 2765.51586914 0.75761187
v 1632.60070801 2765.09619141 0.42245755
v 1632.12512207 2764.55273438 0.19730498
v 1632.82861328 2764.24853516 0.03167775
v 1632.77429199 2763.60424805 0.01403122
v 1632.85290527 2763.06298828 0.15611506
v 1633.00402832 2762.6159668 0.43598744
v 1633.05175781 2762.24243164 0.82217193
v 1633.12268066 2762.00097656 1.28566062
v 1633.20727539 2761.89990234 1.80380404
v 1633.15161133 2761.90014648 2.32848287
v 1633.10974121 2762.04638672 2.82758284
v 1633.02612305 2762.31811523 3.28012729
v 1634.38867188 2766.63671875 1.32374227
v 1636.06176758 2767.52392578 0.93394178
v 1637.64355469 2768.56005859 0.58272719
v 1639.08007812 2769.58886719 0.26325604
v 1640.32592773 2770.56225586 0.06487343
v 1641.59936523 2771.87036133 6.368E-05
v 1639.84082031 2783.40771484 2.56009841
v 1638.88659668 2785.15527344 2.55288386
v 1639.84118652 2783.95166016 3.07378936
v 1637.64916992 2786.76171875 2.52553153
v 1638.62072754 2785.8840332 3.0081315
v 1639.08728027 2785.78198242 3.42199779
v 1640.06872559 2784.25537109 3.47788572
v 1639.5657959 2785.70361328 3.69996071
v 1640.54846191 2784.12231445 3.7452085
v 1639.97875977 2785.94628906 3.91548443
v 1641.05505371 2784.03417969 3.92132807
v 1641.44787598 2784.42016602 3.99966502
v 1636.23608398 2788.10888672 2.49331784
v 1637.26464844 2787.44482422 2.98880553
v 1637.97265625 2787.09667969 3.36112523
v 1638.31518555 2787.33911133 3.70320606
v 1634.64880371 2789.23266602 2.49015307
v 1635.86914062 2788.60351562 2.91722655
v 1636.53198242 2788.50170898 3.3806684
v 1632.96838379 2790.09155273 2.51037908
v 1634.55224609 2789.52563477 2.99331594
v 1627.20117188 2791.02441406 1.97796392
v 1625.44274902 2790.89306641 1.42549288
v 1631.05493164 2790.72167969 2.49341631
v 1632.79956055 2790.37670898 2.99720144
v 1632.9005127 2790.68188477 3.41575432
v 1634.78112793 2789.76171875 3.41173315
v 1634.92285156 2790.16040039 3.73160863
v 1636.70166016 2788.92944336 3.72725534
v 1636.90844727 2789.38305664 3.92992973
v 1638.53149414 2787.85400391 3.92514729
v 1638.77819824 2788.3347168 3.99972057
v 1640.17346191 2786.5859375 3.99922585
v 1640.4564209 2787.04467773 3.95096421
v 1641.49584961 2785.31420898 3.9579742
v 1641.96447754 2785.4855957 3.78496885
v 1625.14709473 2790.74658203 1.9801172
v 1623.33605957 2790.29199219 1.45797634
v 1621.45703125 2789.64331055 0.98919594
v 1619.53747559 2788.74584961 0.58274776
v 1629.05554199 2791.05371094 2.48731732
v 1630.8939209 2790.96923828 2.99517536
v 1623.21838379 2790.16723633 1.9957968
v 1621.46118164 2789.41040039 1.47830939
v 1619.71057129 2788.47412109 0.99983788
v 1617.99584961 2787.32836914 0.58776742
v 1627.0324707 2791.07910156 2.50546575
v 1628.92956543 2791.27148438 2.99836731
v 1630.94396973 2791.29443359 3.42173815
v 1633.02636719 2791.08374023 3.73635554
v 1635.12719727 2790.60766602 3.93352485
v 1637.17297363 2789.85522461 3.99997759
v 1639.06738281 2788.7824707 3.94036293
v 1640.67822266 2787.46142578 3.80338645
v 1621.43164062 2789.3137207 1.99907708
v 1619.79333496 2788.28491211 1.48174036
v 1618.21166992 2787.09228516 1.00537324
v 1616.70495605 2785.71850586 0.58919138
v 1625.05773926 2790.79711914 2.51953769
v 1626.93774414 2791.28051758 3.0079906
v 1628.93212891 2791.60180664 3.42477059
v 1631.01611328 2791.72363281 3.74779868
v 1633.17370605 2791.56542969 3.93894434
v 1635.3380127 2791.10546875 3.99983931
v 1637.37756348 2790.42529297 3.91229177
v 1639.44238281 2789.17822266 3.71468711
v 1619.8125 2788.21289062 1.99976814
v 1618.33581543 2786.92993164 1.50076413
v 1616.96105957 2785.52636719 1.00937569
v 1615.95556641 2783.79589844 1.00093055
v 1615.67858887 2783.94970703 0.58786315
v 1614.92871094 2782.0480957 0.58547354
v 1614.10229492 2780.21484375 0.28047571
v 1613.45837402 2778.15698242 0.07616658
v 1612.87731934 2778.32495117 0.00033408
v 1613.0657959 2775.93847656 1.016E-05
v 1612.55102539 2775.80151367 0.0696058
v 1613.07653809 2773.51879883 0.06598032
v 1612.63244629 2773.31005859 0.26521331
v 1613.51525879 2771.11157227 0.25544903
v 1613.14941406 2770.90429688 0.56940937
v 1614.39855957 2768.81030273 0.53918946
v 1614.1315918 2768.61181641 0.94397104
v 1615.72351074 2766.69384766 0.87574708
v 1615.56054688 2766.5234375 1.34458971
v 1617.44421387 2764.84619141 1.2262814
v 1617.36853027 2764.72998047 1.73503506
v 1619.47717285 2763.33837891 1.56592798
v 1619.45898438 2763.29638672 2.09447598
v 1621.70800781 2762.21948242 1.88336217
v 1621.74963379 2762.24414062 2.40519309
v 1623.16503906 2790.22290039 2.52941084
v 1624.95080566 2790.99365234 3.02749705
v 1626.87145996 2791.61083984 3.43511295
v 1628.90209961 2792.03344727 3.74615812
v 1630.90808105 2792.28881836 3.95032215
v 1633.10461426 2792.18481445 3.99895883
v 1635.14855957 2791.7902832 3.92702127
v 1635.84472656 2791.98803711 3.70643091
v 1637.65844727 2790.83666992 3.68131161
v 1618.25793457 2786.75170898 2.04973817
v 1617.09191895 2785.36352539 1.5027864
v 1621.36462402 2789.36279297 2.54536629
v 1623.01269531 2790.38964844 3.02438736
v 1624.65405273 2791.29003906 3.46718454
v 1626.55993652 2792.03320312 3.76248717
v 1628.43603516 2792.52832031 3.93494987
v 1628.87597656 2793.04150391 3.99979281
v 1630.86071777 2792.83886719 3.99813867
v 1628.92431641 2793.5612793 3.92269921
v 1631.1862793 2793.24267578 3.92352772
v 1629.09692383 2794.0246582 3.71750593
v 1631.38623047 2793.69482422 3.71305895
v 1616.90393066 2784.96044922 2.00515294
v 1616.08447266 2783.61450195 1.46402764
v 1615.21813965 2781.91894531 0.99397969
v 1614.50817871 2779.87231445 0.64693671
v 1613.98046875 2777.86962891 0.30914742
v 1613.58776855 2775.90112305 0.06801917
v 1613.57067871 2773.65063477 1.69E-06
v 1613.94580078 2771.32910156 0.06242269
v 1614.74438477 2769.05615234 0.23560458
v 1615.97351074 2766.93579102 0.48559102
v 1617.60375977 2765.05615234 0.77471304
v 1619.57885742 2763.48583984 1.07597911
v 1621.82543945 2762.27758789 1.37543333
v 1619.70043945 2788.21923828 2.54278684
v 1621.01672363 2789.41699219 3.0534265
v 1622.46142578 2790.49755859 3.42241383
v 1622.6505127 2791.04321289 3.74551725
v 1624.4029541 2791.67333984 3.77271271
v 1622.47375488 2791.49804688 3.93943453
v 1624.50622559 2792.14599609 3.93842793
v 1622.35546875 2792.00048828 3.99988174
v 1624.42297363 2792.66015625 3.99982142
v 1622.21191406 2792.51977539 3.92069268
v 1624.43249512 2793.1652832 3.93214226
v 1624.72155762 2793.66259766 3.76464224
v 1626.68530273 2793.53125 3.92684865
v 1626.72937012 2794.02441406 3.7177124
v 1616.02355957 2783.30908203 1.92302251
v 1615.37805176 2781.76220703 1.46415687
v 1614.84924316 2779.97241211 1.12071145
v 1614.62463379 2778.29492188 0.96437848
v 1614.38330078 2777.72485352 0.64202893
v 1614.74926758 2776.25585938 0.97475803
v 1614.41186523 2775.91040039 0.50906444
v 1614.91369629 2774.08544922 0.58465725
v 1614.55065918 2773.80029297 0.25752914
v 1615.32055664 2771.96411133 0.27864844
v 1614.89868164 2771.71875 0.07198269
v 1616.00756836 2769.90429688 0.08583739
v 1615.58398438 2769.60913086 0.00100177
v 1617.03686523 2767.92431641 0.00531326
v 1616.65539551 2767.56958008 0.03553922
v 1618.42529297 2766.10058594 0.01593226
v 1618.11291504 2765.70458984 0.14851008
v 1620.15441895 2764.5065918 0.09276092
v 1619.91430664 2764.1003418 0.31279495
v 1622.17871094 2763.20556641 0.2174475
v 1621.9720459 2762.82446289 0.51273543
v 1617.25061035 2785.60473633 2.52371955
v 1618.35827637 2786.99975586 2.60791993
v 1617.78356934 2786.61694336 3.00212002
v 1619.22692871 2788.08056641 3.00766516
v 1617.84997559 2787.19555664 3.42927217
v 1619.29650879 2788.57324219 3.4327774
v 1617.59338379 2787.5222168 3.73819923
v 1619.05786133 2788.92114258 3.7463026
v 1617.25622559 2787.86645508 3.93436503
v 1618.84033203 2789.34472656 3.93418717
v 1616.9017334 2788.23706055 3.99999762
v 1618.53527832 2789.76098633 3.99998975
v 1616.53076172 2788.59643555 3.93116736
v 1618.22717285 2790.17797852 3.92992234
v 1616.18908691 2788.93457031 3.73167467
v 1617.96276855 2790.58178711 3.72886872
v 1615.89611816 2789.22119141 3.41800356
v 1615.4465332 2781.73583984 2.00456882
v 1615.03466797 2780.1418457 1.57197344
v 1614.84020996 2778.15576172 1.46983087
v 1616.09155273 2783.61523438 2.5134263
v 1616.60803223 2784.99365234 3.00169253
v 1616.5982666 2785.59472656 3.42972422
v 1616.31066895 2785.89477539 3.73642373
v 1615.92614746 2786.18237305 3.93313313
v 1615.50634766 2786.48217773 3.99999881
v 1615.0871582 2786.78149414 3.93180728
v 1614.69543457 2787.05688477 3.73396945
v 1614.37207031 2787.30126953 3.42683697
v 1614.35339355 2787.76196289 3.08358049
v 1615.01989746 2779.72827148 2.06147838
v 1615.34765625 2781.55078125 2.41692591
v 1615.28527832 2781.89941406 2.8749249
v 1615.72058105 2783.38745117 3.07031012
v 1614.9777832 2781.86889648 3.30830407
v 1615.59765625 2783.82202148 3.43014359
v 1614.64746094 2782.0871582 3.64769268
v 1615.27270508 2784.08227539 3.73604226
v 1614.21411133 2782.25146484 3.88403034
v 1614.85375977 2784.31176758 3.93230104
v 1613.72619629 2782.41186523 3.99378085
v 1614.39611816 2784.54174805 3.99999714
v 1613.2208252 2782.59643555 3.96361494
v 1613.95263672 2784.77587891 3.93721747
v 1612.77514648 2783.01342773 3.77009058
v 1613.7434082 2785.26123047 3.78595066
v 1613.22827148 2785.15551758 3.50718951
v 1614.92211914 2777.51123047 1.98849189
v 1615.00378418 2775.9934082 1.47825372
v 1615.22375488 2774.16674805 1.00236738
v 1615.67504883 2772.17358398 0.60035044
v 1616.39147949 2770.18383789 0.30047294
v 1617.40881348 2768.27392578 0.11068636
v 1618.74938965 2766.51025391 0.01836467
v 1620.39855957 2764.95922852 0.00193076
v 1622.34741211 2763.66503906 0.04408139
v 1615.15625 2775.53125 1.99756455
v 1615.47192383 2774.04174805 1.48568356
v 1615.97094727 2772.27319336 1.01125205
v 1616.72058105 2770.41088867 0.62687349
v 1617.74731445 2768.59082031 0.3428694
v 1619.0657959 2766.90161133 0.15573521
v 1620.66113281 2765.4128418 0.04816627
v 1622.47973633 2764.1784668 0.00296066
v 1614.85229492 2778.43139648 2.5042901
v 1615.0078125 2780.18823242 2.56154585
v 1614.80456543 2779.98706055 2.96820927
v 1615.67138672 2773.66333008 2.00782943
v 1616.19519043 2772.25219727 1.47791159
v 1616.98364258 2770.55834961 1.04006362
v 1618.03112793 2768.85229492 0.68353999
v 1619.35058594 2767.24853516 0.41708955
v 1620.92370605 2765.82983398 0.22868812
v 1622.72021484 2764.64233398 0.10125787
v 1614.93530273 2776.51391602 2.50879312
v 1614.65905762 2778.04785156 2.97213817
v 1614.50195312 2780.01000977 3.38036895
v 1616.37353516 2772.05175781 1.94318497
v 1617.16821289 2770.6159668 1.510849
v 1618.23608398 2769.05004883 1.10857427
v 1619.57055664 2767.53930664 0.78287858
v 1621.1451416 2766.19848633 0.53217685
v 1622.90869141 2765.08251953 0.33417627
v 1615.29614258 2774.62548828 2.52429223
v 1614.7845459 2776.09448242 3.00461602
v 1614.33374023 2778.03027344 3.40584636
v 1614.10632324 2780.10888672 3.70742416
v 1617.15026855 2770.7487793 2.04934835
v 1618.30407715 2769.22509766 1.59759796
v 1619.68371582 2767.77832031 1.22648942
v 1621.28442383 2766.50537109 0.93682945
v 1623.04748535 2765.47021484 0.6985479
v 1616.02490234 2772.63208008 2.48731828
v 1615.20727539 2774.18945312 3.01335335
v 1614.45373535 2776.01635742 3.4373703
v 1613.91760254 2778.04101562 3.72835803
v 1613.63378906 2780.19262695 3.91947532
v 1618.23425293 2769.3581543 2.11142111
v 1619.64746094 2767.98095703 1.71098042
v 1621.30639648 2766.74194336 1.40568507
v 1623.10791016 2765.76416016 1.15848053
v 1616.96618652 2770.87744141 2.56834316
v 1618.09448242 2769.36914062 2.62528777
v 1619.46325684 2768.14892578 2.20443463
v 1619.38256836 2768.06787109 2.69487977
v 1620.69873047 2767.19628906 2.32376575
v 1621.03588867 2766.86083984 2.70205808
v 1622.42504883 2766.24707031 2.20032167
v 1623.00708008 2765.88476562 2.65649915
v 1621.11376953 2766.95874023 1.88658917
v 1623.00378418 2765.97924805 1.68943393
v 1640.99841309 2780.10473633 1.03441823
v 1641.33728027 2780.05541992 0.59566838
v 1641.75671387 2779.74145508 0.298329
v 1642.14318848 2780.40356445 0.08406302
v 1642.49108887 2778.43505859 0.04351816
v 1642.73095703 2780.44238281 4.042E-05
v 1642.94042969 2778.15356445 0.00022061
v 1643.25610352 2780.42041016 0.07089821
v 1643.44616699 2778.11132812 0.07291248
v 1643.75036621 2780.42236328 0.27776092
v 1643.90637207 2778.01464844 0.26519668
v 1644.22497559 2780.10131836 0.61523306
v 1644.27636719 2777.34155273 0.55261141
v 1644.56860352 2778.17626953 0.88136202
v 1644.78051758 2777.93774414 1.28971064
v 1644.89746094 2778.03271484 1.76611936
v 1644.89196777 2778.04321289 2.27723956
v 1644.75390625 2778.04492188 2.77748299
v 1644.47766113 2778.08203125 3.24349594
v 1644.0135498 2778.43652344 3.66560292
v 1643.47766113 2778.11010742 3.91807079
v 1642.9296875 2778.0546875 3.99991584
v 1642.39953613 2778.04760742 3.93343925
v 1641.9128418 2778.04614258 3.73300123
v 1641.49743652 2778.0456543 3.41458607
v 1641.18469238 2778.00952148 3.00947714
v 1644.54089355 2780.07128906 1.0368371
v 1644.06103516 2782.57006836 1.07293105
v 1643.6619873 2782.72387695 0.60308903
v 1643.08361816 2785.11352539 1.011585
v 1642.734375 2785.1015625 0.58925509
v 1641.78637695 2787.39624023 1.00144541
v 1641.48803711 2787.27124023 0.58742911
v 1640.19885254 2789.40087891 1.00055468
v 1639.94506836 2789.20898438 0.58728683
v 1638.35070801 2791.11987305 1.0002774
v 1638.13989258 2790.8815918 0.58606017
v 1636.27856445 2792.53295898 0.99946821
v 1636.11633301 2792.2578125 0.58387476
v 1634.02539062 2793.61767578 0.99830812
v 1633.90966797 2793.31884766 0.58223408
v 1631.41162109 2794.35864258 0.92438388
v 1631.55065918 2793.94311523 0.48927996
v 1629.1541748 2794.47509766 0.65284336
v 1629.35400391 2793.99267578 0.27617186
v 1626.77734375 2794.41723633 0.58418041
v 1626.77001953 2793.98828125 0.25952008
v 1624.32409668 2793.95458984 0.48901027
v 1624.63549805 2793.62670898 0.22598673
v 1622.24694824 2793.03881836 0.28511173
v 1624.22619629 2793.0925293 0.06178821
v 1621.93762207 2792.40820312 0.07915281
v 1623.65185547 2792.43383789 1.38E-05
v 1621.64538574 2791.82177734 0.00462811
v 1622.06945801 2791.41918945 0.04133784
v 1620.02758789 2790.90014648 0.00164452
v 1620.1472168 2790.4387207 0.03531273
v 1618.32531738 2789.62036133 0.00023036
v 1644.65405273 2780.50585938 1.44995558
v 1644.73669434 2780.46777344 1.94414902
v 1644.16271973 2782.92333984 1.64493644
v 1643.2734375 2785.19018555 1.52662003
v 1641.98376465 2787.46191406 1.48800457
v 1640.36962891 2789.51000977 1.48229861
v 1638.48974609 2791.26416016 1.48209798
v 1636.38586426 2792.7019043 1.48205662
v 1634.10058594 2793.80371094 1.48166883
v 1631.66333008 2794.54638672 1.45331001
v 1628.73754883 2794.79882812 1.07939839
v 1626.55932617 2794.73022461 1.01618505
v 1624.21057129 2794.27539062 0.86725104
v 1622.24389648 2793.47875977 0.61470574
v 1619.97265625 2792.45239258 0.62347937
v 1619.87023926 2791.90527344 0.28267461
v 1617.73669434 2790.93847656 0.59704238
v 1617.8338623 2790.50268555 0.28223392
v 1644.68676758 2780.44970703 2.45624733
v 1644.30541992 2782.52807617 2.12034202
v 1643.39050293 2785.0612793 2.12949514
v 1642.08618164 2787.42797852 2.02260137
v 1640.45166016 2789.52148438 2.00113606
v 1638.55078125 2791.30273438 1.99902737
v 1636.42956543 2792.75561523 1.99937546
v 1634.12988281 2793.86547852 1.99953854
v 1631.6965332 2794.61694336 1.99101329
v 1629.15466309 2794.9296875 1.48185325
v 1626.51464844 2794.92480469 1.50895488
v 1624.10827637 2794.49609375 1.33505476
v 1621.81079102 2793.60717773 0.97334677
v 1644.49902344 2780.52587891 2.92651582
v 1644.10400391 2782.96362305 2.54700494
v 1644.17346191 2780.59228516 3.36614394
v 1643.88830566 2782.98510742 3.01420712
v 1643.13586426 2785.30712891 2.713202
v 1641.98730469 2787.43115234 2.56269312
v 1640.40429688 2789.47021484 2.5228982
v 1638.79309082 2791.0378418 2.44977641
v 1636.91882324 2792.38623047 2.50026703
v 1634.40380859 2793.67163086 2.54953313
v 1631.78845215 2794.52587891 2.51733208
v 1629.21362305 2794.92626953 2.51467991
v 1629.19030762 2794.99560547 1.99401391
v 1626.62988281 2794.99536133 2.00455713
v 1633.85192871 2765.15795898 0.17168799
v 1634.63171387 2766.02075195 0.4199329
v 1634.45458984 2766.38842773 0.84619939
v 1634.64904785 2764.45727539 0.00686463
v 1634.88110352 2765.12036133 0.02528125
v 1636.46594238 2765.51123047 0.00757515
v 1636.53369141 2766.06982422 0.01502491
v 1638.05773926 2766.81396484 0.00454347
v 1637.64208984 2767.16113281 0.04069645
v 1639.32592773 2768.25488281 0.00034575
v 1638.88476562 2768.63623047 0.07597359
v 1640.52111816 2769.92333984 1.75E-06
v 1634.7286377 2763.91870117 0.12070441
v 1636.51953125 2764.98486328 0.10546258
v 1638.2130127 2766.30517578 0.09786129
v 1639.67907715 2767.83642578 0.08534361
v 1640.90966797 2769.52856445 0.07405593
v 1641.94677734 2771.42138672 0.06861531
v 1634.88305664 2763.46630859 0.36995324
v 1636.68249512 2764.54199219 0.33006847
v 1638.39892578 2765.86694336 0.31074938
v 1639.95581055 2767.43823242 0.29683056
v 1641.28637695 2769.21411133 0.28363717
v 1642.36010742 2771.16088867 0.27056348
v 1635.02685547 2763.1015625 0.73598599
v 1636.86364746 2764.18798828 0.67289525
v 1638.6081543 2765.52661133 0.63869143
v 1640.21008301 2767.12475586 0.61885637
v 1641.60595703 2768.96240234 0.60402882
v 1642.73986816 2770.99755859 0.58917993
v 1635.13061523 2762.84399414 1.1865474
v 1637.01318359 2763.93432617 1.10904109
v 1638.78881836 2765.28442383 1.06247795
v 1640.42077637 2766.90185547 1.0354538
v 1641.8536377 2768.77539062 1.01728415
v 1643.03161621 2770.87915039 0.99979049
v 1635.2019043 2762.71264648 1.69276905
v 1637.10522461 2763.79101562 1.60631692
v 1638.90551758 2765.14404297 1.5525409
v 1640.55834961 2766.77099609 1.52051687
v 1642.0098877 2768.65917969 1.49969137
v 1643.20373535 2770.77661133 1.48065042
v 1635.20703125 2762.70239258 2.2210753
v 1637.12585449 2763.76293945 2.13081336
v 1638.93908691 2765.10766602 2.07396317
v 1640.60375977 2766.73510742 2.0400424
v 1642.06604004 2768.62890625 2.01870131
v 1643.26940918 2770.75488281 1.99946404
v 1635.1472168 2762.81323242 2.73001289
v 1637.07177734 2763.85009766 2.64550877
v 1638.88378906 2765.17578125 2.59019208
v 1640.54736328 2766.79003906 2.55701756
v 1642.01013184 2768.67749023 2.53717399
v 1643.2154541 2770.80249023 2.52113557
v 1635.03735352 2763.04248047 3.18959093
v 1636.94909668 2764.04785156 3.11498046
v 1638.74353027 2765.34326172 3.06569409
v 1640.39123535 2766.93041992 3.03559136
v 1641.84204102 2768.79492188 3.01812291
v 1643.04101562 2770.9074707 3.00632
v 1634.88964844 2763.37744141 3.56762624
v 1636.76501465 2764.34228516 3.50854206
v 1638.52758789 2765.59887695 3.46840858
v 1640.14611816 2767.14624023 3.44348907
v 1641.5715332 2768.9699707 3.42897725
v 1642.75219727 2771.0456543 3.42024899
v 1623.0291748 2765.61035156 3.14103961
v 1621.17382812 2766.53540039 3.10876679
v 1619.44836426 2767.74267578 3.10281754
v 1618.00402832 2769.14794922 3.07723045
v 1616.85095215 2770.67431641 3.03807425
v 1615.90625 2772.36962891 3.01768374
v 1622.90344238 2765.25830078 3.54605389
v 1621.09838867 2766.19067383 3.49501014
v 1619.38061523 2767.39257812 3.47221494
v 1617.87097168 2768.828125 3.4556191
v 1616.63769531 2770.42480469 3.43475175
v 1615.6895752 2772.12597656 3.40731406
v 1614.91345215 2774.06469727 3.42160797
v 1622.92980957 2763.79736328 3.99787688
v 1622.36352539 2763.53076172 3.92650795
v 1622.18408203 2763.09106445 3.72507834
v 1622.05407715 2762.69116211 3.39624071
v 1622.09301758 2762.31787109 2.93560624
v 1621.91088867 2762.4831543 0.91085488
v 1640.44494629 2782.25439453 1.08410168
v 1640.84997559 2782.07788086 0.61933035
v 1640.04211426 2784.08154297 0.62211287
v 1639.54882812 2784.38183594 1.02885211
v 1638.78857422 2786.08203125 0.64902955
v 1638.52160645 2785.91210938 1.10886705
v 1637.45361328 2787.23388672 1.03501475
v 1641.37451172 2781.93383789 0.25991264
v 1640.53051758 2784.04736328 0.28283876
v 1639.40576172 2785.9597168 0.29378578
v 1637.98376465 2787.70874023 0.29196063
v 1637.30187988 2787.83007812 0.60890996
v 1636.14587402 2789.27636719 0.31175125
v 1635.81323242 2788.99023438 0.67645288
v 1634.39196777 2789.9519043 0.61456764
v 1634.39111328 2789.58911133 1.05085027
v 1632.69335938 2790.40234375 1.02905154
v 1641.73791504 2782.34057617 0.06906632
v 1642.11437988 2782.69921875 0.00071021
v 1642.70629883 2782.68212891 0.06484896
v 1641.87060547 2784.8347168 0.06976682
v 1642.32348633 2784.99414062 0.26834893
v 1641.12231445 2787.078125 0.27065766
v 1643.20092773 2782.76391602 0.26898226
v 1640.54309082 2772.02734375 3.72708654
v 1640.98144531 2771.82836914 3.9292593
v 1641.45092773 2771.6105957 3.99997711
v 1641.92260742 2771.39526367 3.93423247
v 1642.36816406 2771.20605469 3.73639727
v 1639.94152832 2770.02246094 3.92552829
v 1640.3762207 2769.74072266 3.99987125
v 1640.81091309 2769.45654297 3.93738556
v 1641.21875 2769.19384766 3.74252534
v 1639.07189941 2768.09155273 3.99945879
v 1639.46386719 2767.74804688 3.94287324
v 1639.82958984 2767.42504883 3.75306892
v 1637.93078613 2766.30029297 3.95170021
v 1638.25073242 2765.92553711 3.7708149
v 1637.77062988 2768.18505859 0.30227113
v 1636.7791748 2767.09790039 0.22043437
v 1635.66674805 2766.04492188 0.13137755
v 1636.16003418 2767.1862793 0.53773248
v 1636.52990723 2764.71191406 3.79840589
v 1641.05957031 2784.17382812 0.06167624
v 1639.90307617 2786.12280273 0.07443779
v 1638.5 2787.87744141 0.07690005
v 1636.82971191 2789.39477539 0.08130838
v 1634.90356445 2790.67675781 0.08025137
v 1634.16564941 2790.54077148 0.28273815
v 1632.61535645 2791.65698242 0.09110931
v 1632.34350586 2791.21508789 0.33158547
v 1630.66259766 2791.74072266 0.28523049
v 1630.69042969 2791.30737305 0.62065339
v 1629.0456543 2791.62939453 0.5401234
v 1641.32836914 2784.91577148 0.00139132
v 1640.28344727 2786.51733398 5.39E-06
v 1638.90258789 2788.22485352 8.092E-05
v 1637.24755859 2789.75097656 0.00016607
v 1635.36132812 2791.02661133 0.00024738
v 1633.26037598 2792.00683594 0.00055893
v 1631.02111816 2792.67895508 0.00036036
v 1630.23693848 2792.31982422 0.07307297
v 1628.6315918 2793.0078125 8.74E-05
v 1628.0111084 2792.51586914 0.07082177
v 1626.12219238 2792.86157227 0.00139286
v 1626.09191895 2792.29467773 0.10294174
v 1624.32043457 2792.07983398 0.06661298
v 1624.64074707 2791.640625 0.27691507
v 1622.96789551 2791.28613281 0.19678892
v 1640.68286133 2786.89111328 0.0733911
v 1639.26647949 2788.61376953 0.06704313
v 1637.58081055 2790.16552734 0.06508668
v 1635.66455078 2791.46679688 0.06387533
v 1633.56274414 2792.47021484 0.0619776
v 1631.32653809 2793.15527344 0.06166112
v 1628.98034668 2793.50341797 0.0626247
v 1626.57531738 2793.46801758 0.05898916
v 1639.61914062 2788.95458984 0.27019605
v 1636.01940918 2788.51391602 1.04531169
v 1637.87792969 2790.55639648 0.26616055
v 1635.90979004 2791.89331055 0.26414409
v 1633.75793457 2792.92651367 0.26220712
v 1631.76269531 2793.49707031 0.22732286
v 1632.59899902 2790.75683594 0.62261832
v 1630.88867188 2790.96923828 1.0070436
v 1633.69580078 2792.99365234 3.7143476
v 1633.13806152 2792.74389648 3.90732908
v 1628.63562012 2792.02148438 0.26999497
v 1626.6027832 2791.93383789 0.29675123
v 1626.65869141 2794.92919922 2.51725054
v 1624.13378906 2794.58422852 2.36579752
v 1624.09155273 2794.60327148 1.84863687
v 1621.68884277 2793.86352539 1.9543432
v 1621.71411133 2793.78833008 1.44080138
v 1619.45288086 2792.7121582 1.4847424
v 1619.85913086 2792.75292969 1.06675446
v 1617.75537109 2791.37573242 1.04930222
v 1626.65270996 2793.0144043 3.99986219
v 1626.3470459 2792.52148438 3.95146275
v 1621.71240234 2793.81152344 2.47608185
v 1619.40881348 2792.76464844 1.99060464
v 1617.65380859 2791.54077148 1.56625926
v 1622.36999512 2793.13525391 3.68540192
v 1619.84008789 2791.37060547 0.08606725
v 1618.05224609 2790.06958008 0.07728371
v 1619.35620117 2792.6640625 2.48868227
v 1617.31799316 2791.25463867 2.51118588
v 1620.00793457 2791.97802734 3.72057199
v 1620.14318848 2791.49609375 3.92737937
v 1620.36120605 2791.0222168 3.99994588
v 1620.60546875 2790.56298828 3.93520689
v 1620.79150391 2790.11987305 3.74270654
v 1620.70483398 2789.62988281 3.47059631
v 1617.30358887 2791.328125 2.00703239
v 1614.36486816 2784.40307617 0.00031045
v 1613.48413086 2784.90405273 0.25383565
v 1613.69287109 2784.22485352 0.064518
v 1613.12414551 2785.14868164 0.57706177
v 1612.23571777 2782.84204102 0.56532854
v 1612.83947754 2785.30639648 0.99708891
v 1611.92773438 2782.97412109 0.9907611
v 1612.67773438 2785.43432617 1.48150682
v 1611.73693848 2783.04858398 1.47894764
v 1612.62561035 2785.48339844 1.99877357
v 1611.67480469 2783.08154297 1.998101
v 1611.10668945 2780.61401367 1.99231827
v 1612.72131348 2785.52050781 2.523417
v 1611.74841309 2783.08959961 2.51639915
v 1611.17687988 2780.64038086 2.50737023
v 1610.97021484 2778.23461914 2.47776079
v 1613.02941895 2785.62207031 3.05304193
v 1611.9720459 2783.12817383 3.00273895
v 1611.37524414 2780.6171875 2.99476194
v 1611.15661621 2778.23583984 2.95776272
v 1611.22595215 2776.11035156 2.87813234
v 1612.2746582 2783.00292969 3.42425966
v 1611.6829834 2780.52734375 3.41125679
v 1611.46264648 2778.03833008 3.37897825
v 1611.54968262 2775.64208984 3.27984238
v 1612.10778809 2780.53027344 3.73327875
v 1612.59594727 2780.44213867 3.93601036
v 1612.35876465 2778.00585938 3.92216492
v 1612.890625 2777.98657227 3.99989343
v 1612.94897461 2775.67285156 3.9944489
v 1613.44360352 2775.82299805 3.96679854
v 1613.73791504 2773.55664062 3.99554992
v 1614.19238281 2773.77416992 3.89747477
v 1614.92419434 2771.72143555 3.92121005
v 1615.34973145 2771.90356445 3.72144246
v 1616.34777832 2770.13232422 3.73828316
v 1613.11804199 2780.28710938 3.9996469
v 1612.28149414 2777.92236328 0.10187919
v 1611.86791992 2778.04077148 3.70630264
v 1611.93737793 2775.59790039 3.62917948
v 1612.3170166 2773.24194336 3.50535679
v 1613.42590332 2778.03466797 3.9326303
v 1614.04443359 2775.57666016 0.22184092
v 1614.08300781 2773.66259766 0.06205441
v 1614.42297363 2771.51513672 5.602E-05
v 1615.14990234 2769.32495117 0.05253454
v 1616.29187012 2767.23339844 0.19933404
v 1617.83166504 2765.34912109 0.40725213
v 1619.71716309 2763.75097656 0.64935082
v 1611.82385254 2777.47216797 0.32801923
v 1612.09179688 2775.4934082 0.28185827
v 1611.68493652 2775.40014648 0.61227274
v 1612.2479248 2773.12646484 0.58856899
v 1611.36828613 2775.49121094 1.0115099
v 1611.94091797 2773.04174805 1.00566828
v 1612.86450195 2770.74804688 0.98313808
v 1612.40686035 2775.64453125 3.87762809
v 1613.25598145 2773.42285156 3.96613574
v 1614.49572754 2771.45288086 3.99930048
v 1615.98937988 2769.82128906 3.93184757
v 1617.64221191 2768.47583008 3.75209498
v 1614.01062012 2775.77514648 3.77818584
v 1611.74084473 2773.02294922 1.48246384
v 1612.60900879 2770.63842773 1.98282933
v 1612.65148926 2770.70043945 2.50718307
v 1613.93859863 2768.45751953 2.46577477
v 1614.07727051 2768.59179688 2.95995021
v 1615.6685791 2766.55541992 2.89441657
v 1615.89367676 2766.75683594 3.33770943
v 1617.70288086 2765.00292969 3.2501452
v 1617.96154785 2765.30932617 3.62885261
v 1619.89428711 2763.86303711 3.52843738
v 1620.15429688 2764.26513672 3.82771659
v 1612.77258301 2773.30615234 3.80442429
v 1613.55712891 2771.06713867 3.75468922
v 1614.70947266 2773.62084961 3.68519139
v 1612.67956543 2770.65966797 1.46494114
v 1613.96130371 2768.4777832 1.42238891
v 1614.02478027 2771.23754883 3.94524574
v 1615.58984375 2769.49072266 4.00000095
v 1617.33532715 2768.09545898 3.94144368
v 1619.18591309 2767.00952148 3.76912045
v 1613.89758301 2768.42138672 1.94126678
v 1615.53918457 2766.44091797 2.39098024
v 1617.52587891 2764.7890625 2.78680921
v 1619.76379395 2763.51318359 3.11735892
v 1615.15917969 2769.19262695 3.93044519
v 1615.49926758 2766.43408203 1.86178017
v 1616.99499512 2767.68701172 3.99943972
v 1618.93164062 2766.57128906 3.95296836
v 1620.92797852 2765.77661133 3.79375482
v 1617.40356445 2764.70336914 2.26953578
v 1619.60620117 2763.32714844 2.62964582
vn -0.08525 -0.99152 0.09805
vn 0.05117 -0.99819 0.03147
vn 0.16014 -0.9835 0.08421
vn 0.22246 -0.97146 0.08229
vn 0.26141 -0.94029 0.21798
vn 0.30563 -0.92449 0.22784
vn 0.31093 -0.88467 0.34739
vn 0.37075 -0.85544 0.36162
vn 0.36392 -0.80528 0.46806
vn 0.43047 -0.76563 0.47802
vn 0.41538 -0.70315 0.5771
vn 0.49926 -0.65085 0.57196
vn 0.48398 -0.57814 0.6569
vn 0.56844 -0.5219 0.636
vn 0.57306 -0.44525 0.68801
vn 0.63156 -0.40037 0.66395
vn 0.64237 -0.31303 0.69955
vn 0.68385 -0.28224 0.67282
vn 0.70348 -0.19661 0.68298
vn 0.75782 -0.16848 0.63033
vn 0.77934 -0.09268 0.61971
vn 0.84627 -0.07871 0.5269
vn 0.86202 -0.04899 0.50449
vn 0.91664 -0.03585 0.3981
vn 0.92508 -0.01185 0.37959
vn 0.97102 -0.00791 0.23885
vn 0.9738 0.00573 0.22735
vn 0.99685 0.0012 0.07926
vn 0.99723 0.00727 0.07404
vn 0.2808 -0.95846 0.05005
vn 0.40126 -0.91216 0.08338
vn 0.39993 -0.89576 0.19411
vn 0.47139 -0.85561 0.21385
vn 0.46492 -0.82394 0.32401
vn 0.53729 -0.77289 0.33759
vn 0.52218 -0.73299 0.43595
vn 0.5745 -0.68776 0.44377
vn 0.5425 -0.63918 0.54511
vn 0.62746 -0.57447 0.52562
vn 0.63709 -0.5141 0.57429
vn 0.71069 -0.45021 0.54058
vn 0.72385 -0.38962 0.56942
vn 0.75942 -0.34993 0.54848
vn 0.76388 -0.28025 0.58134
vn 0.80458 -0.23491 0.5454
vn 0.80474 -0.18397 0.56441
vn 0.85816 -0.12839 0.49706
vn 0.4954 -0.86768 0.04127
vn 0.56474 -0.82174 0.07624
vn 0.56316 -0.80722 0.17677
vn 0.61466 -0.76481 0.19302
vn 0.61153 -0.73326 0.29725
vn 0.66375 -0.68504 0.30025
vn 0.68384 -0.63447 0.3603
vn 0.74706 -0.57208 0.33857
vn 0.77041 -0.51322 0.37824
vn 0.84327 -0.43252 0.3191
vn 0.85533 -0.40548 0.32249
vn 0.91499 -0.31341 0.25412
vn 0.92314 -0.28531 0.25771
vn 0.97022 -0.18012 0.16193
vn 0.97351 -0.15887 0.16446
vn 0.99678 -0.05692 0.05657
vn 0.99721 -0.04726 0.05779
vn 0.68306 -0.72945 0.03652
vn 0.70643 -0.70552 0.05664
vn 0.6872 -0.70817 0.16204
vn 0.73639 -0.65254 0.17869
vn 0.74247 -0.62839 0.23207
vn 0.78943 -0.56624 0.23699
vn 0.79384 -0.54221 0.27536
vn 0.85044 -0.45421 0.26541
vn 0.79147 -0.60845 0.05803
vn 0.83398 -0.55172 0.00835
vn 0.89374 -0.44521 0.05492
vn 0.93908 -0.34351 -0.01108
vn 0.96393 -0.2627 0.04269
vn 0.99297 -0.1166 -0.02053
vn 0.99646 -0.08371 0.00827
vn 0.99633 -0.08426 0.01476
vn 0.99717 -0.0719 0.02189
vn 0.99685 -0.07194 0.03339
vn 0.99717 -0.06627 0.03554
vn 0.99679 -0.06463 0.04722
vn 0.99707 -0.059 0.04859
vn 0.99696 -0.04528 0.06342
vn 0.99735 -0.03417 0.06415
vn 0.99621 -0.02641 0.08283
vn 0.99611 -0.036 0.08048
vn 0.97376 -0.05857 0.21992
vn 0.97223 -0.04133 0.23034
vn 0.92713 -0.07442 0.36728
vn 0.99717 -0.02175 0.07201
vn 0.99694 -0.01067 0.07749
vn 0.9735 -0.03426 0.22613
vn 0.99715 -0.00736 0.07514
vn 0.99694 0.01419 0.07691
vn 0.99731 0.02124 0.07017
vn 0.99641 0.03726 0.07604
vn 0.99614 0.02464 0.08427
vn 0.97769 0.1103 0.17877
vn 0.9777 0.10997 0.17892
vn 0.94595 0.19268 0.26086
vn 0.94485 0.21261 0.2491
vn 0.90295 0.29699 0.31061
vn 0.90054 0.32866 0.28461
vn 0.84362 0.41854 0.33635
vn 0.84005 0.45934 0.28865
vn 0.76737 0.55087 0.32815
vn 0.76379 0.59269 0.25563
vn 0.67573 0.68171 0.28046
vn 0.67379 0.71531 0.18534
vn 0.57435 0.79543 0.19342
vn 0.56849 0.81832 0.08467
vn 0.46534 0.88201 0.07432
vn 0.45472 0.88965 -0.04182
vn 0.38079 0.92236 -0.0652
vn 0.39584 0.89665 -0.19832
vn 0.29879 0.9294 -0.21667
vn 0.25004 0.9091 -0.33319
vn 0.18272 0.92195 -0.3415
vn 0.09878 0.87645 -0.47125
vn 0.17157 0.84811 -0.50126
vn 0.16537 0.78208 -0.60083
vn 0.28792 0.74124 -0.60636
vn 0.28993 0.6601 -0.69297
vn 0.39193 0.61898 -0.68063
vn 0.38412 0.52173 -0.76174
vn 0.48229 0.47766 -0.73433
vn 0.48604 0.37735 -0.78827
vn 0.53633 0.34357 -0.77092
vn 0.52727 0.238 -0.81569
vn 0.57402 0.20648 -0.79238
vn 0.56046 0.09495 -0.82272
vn 0.59989 0.07026 -0.79699
vn 0.58692 -0.04384 -0.80845
vn 0.62095 -0.06199 -0.78139
vn 0.61188 -0.16992 -0.77248
vn 0.6414 -0.18281 -0.74511
vn 0.63419 -0.28381 -0.7192
vn 0.66241 -0.29207 -0.68986
vn 0.65636 -0.38516 -0.64872
vn 0.6824 -0.38824 -0.61935
vn 0.67739 -0.47047 -0.5655
vn 0.70108 -0.46874 -0.53738
vn 0.69721 -0.53946 -0.47211
vn 0.72117 -0.5326 -0.44301
vn 0.71834 -0.58882 -0.37052
vn 0.74459 -0.57524 -0.33865
vn 0.74157 -0.61536 -0.26723
vn 0.77187 -0.59211 -0.23156
vn 0.76479 -0.62508 -0.15612
vn 0.79413 -0.59515 -0.12309
vn 0.79286 -0.60658 -0.0586
vn 0.83396 -0.55171 -0.01113
vn 0.8922 -0.44854 -0.05285
vn 0.93911 -0.34352 0.00767
vn 0.95506 -0.29534 -0.02534
vn 0.98393 -0.17795 -0.01471
vn 0.98547 -0.16699 -0.03098
vn 0.99803 -0.0606 -0.01601
vn 0.99813 -0.05847 -0.01784
vn 0.9974 -0.06461 -0.03182
vn 0.99746 -0.06276 -0.0336
vn 0.99668 -0.06665 -0.04672
vn 0.99674 -0.06221 -0.0513
vn 0.99422 -0.06703 -0.08389
vn 0.99448 -0.09418 -0.04631
vn 0.98179 -0.11737 -0.14934
vn 0.98199 -0.11074 -0.15309
vn 0.97778 -0.10883 -0.17916
vn 0.97857 -0.0893 -0.18552
vn 0.97473 -0.08377 -0.20706
vn 0.97531 -0.06125 -0.21217
vn 0.96998 -0.05 -0.23799
vn 0.96998 -0.04369 -0.23924
vn 0.95822 -0.01622 -0.28557
vn 0.95835 -0.00807 -0.28548
vn 0.94288 0.02577 -0.33213
vn 0.94398 0.04925 -0.32631
vn 0.93162 0.08001 -0.35451
vn 0.93498 0.11091 -0.33692
vn 0.92496 0.13948 -0.35355
vn 0.93041 0.17174 -0.3238
vn 0.92268 0.19738 -0.33123
vn 0.92894 0.22379 -0.29493
vn 0.92249 0.2471 -0.29657
vn 0.93042 0.26696 -0.2511
vn 0.9243 0.28966 -0.24852
vn 0.93476 0.29567 -0.19697
vn 0.93337 0.30162 -0.19452
vn 0.94772 0.2897 -0.13377
vn 0.93997 0.31821 -0.12326
vn 0.94391 0.31695 -0.09255
vn 0.93695 0.34029 -0.07956
vn 0.94053 0.33665 -0.04545
vn 0.93487 0.35349 -0.03267
vn 0.93908 0.34357 0.0099
vn 0.9338 0.35708 0.02278
vn 0.93811 0.33961 0.06799
vn 0.93235 0.35188 0.08311
vn 0.93554 0.33069 0.1241
vn 0.92762 0.34384 0.14594
vn 0.92889 0.32403 0.17934
vn 0.91672 0.33835 0.21246
vn 0.91787 0.31559 0.24067
vn 0.99787 0.03064 0.0576
vn 0.99784 0.03221 0.05725
vn 0.98302 0.11157 0.1457
vn 0.98296 0.115 0.14337
vn 0.96012 0.20284 0.19243
vn 0.95996 0.20928 0.18622
vn 0.99848 0.03492 0.04265
vn 0.99516 0.08887 0.04192
vn 0.99469 0.06565 0.07926
vn 0.99701 0.05961 0.04916
vn 0.99695 0.06592 0.04185
vn 0.99744 0.06297 0.03377
vn 0.99725 0.06937 0.02597
vn 0.9976 0.0662 0.02015
vn 0.99736 0.07157 0.01248
vn 0.99771 0.06731 0.00669
vn 0.99744 0.07146 -0.00038
vn 0.99781 0.06575 -0.00656
vn 0.99754 0.06894 -0.01294
vn 0.99785 0.06277 -0.01907
vn 0.99677 0.07098 -0.03768
vn 0.99667 0.0756 -0.03064
vn 0.97693 0.18501 -0.10664
vn 0.97538 0.17927 -0.12842
vn 0.99749 0.06242 -0.03351
vn 0.99726 0.05832 -0.04554
vn 0.97594 0.17559 -0.12924
vn 0.97345 0.16524 -0.15842
vn 0.99739 0.0557 -0.04592
vn 0.99708 0.05237 -0.05558
vn 0.97547 0.1519 -0.15932
vn 0.97293 0.13968 -0.1841
vn 0.99738 0.04581 -0.05594
vn 0.99705 0.0426 -0.06381
vn 0.97546 0.12239 -0.18305
vn 0.97291 0.10785 -0.2045
vn 0.99738 0.03398 -0.06392
vn 0.99641 0.02633 -0.08044
vn 0.97337 0.10469 -0.20393
vn 0.97075 0.08188 -0.2257
vn 0.99614 0.04169 -0.07724
vn 0.99783 0.01909 -0.06305
vn 0.9978 0.01764 -0.06396
vn 0.99842 0.00549 -0.05583
vn 0.9949 -0.03477 -0.09467
vn 0.99445 0.01085 -0.10467
vn 0.99694 -0.00767 -0.07785
vn 0.99687 -0.01568 -0.07747
vn 0.99749 -0.02044 -0.06783
vn 0.99734 -0.02746 -0.06753
vn 0.99786 -0.03079 -0.05771
vn 0.9978 -0.0329 -0.05761
vn 0.99834 -0.03648 -0.04462
vn 0.99845 -0.05531 -0.00547
vn 0.99218 -0.11651 0.04474
vn 0.68302 -0.72942 -0.03778
vn 0.66245 -0.74676 -0.05923
vn 0.69219 -0.70287 -0.16386
vn 0.65026 -0.73266 -0.20094
vn 0.65156 -0.70379 -0.2831
vn 0.61927 -0.72047 -0.31213
vn 0.61997 -0.67309 -0.40322
vn 0.59274 -0.68197 -0.42846
vn 0.59699 -0.61272 -0.51785
vn 0.56948 -0.61677 -0.54341
vn 0.57769 -0.53156 -0.61945
vn 0.54648 -0.53099 -0.64762
vn 0.55727 -0.43486 -0.70735
vn 0.52209 -0.42881 -0.73726
vn 0.53384 -0.32203 -0.78186
vn 0.49841 -0.31094 -0.80926
vn 0.51043 -0.19583 -0.83732
vn 0.47637 -0.18147 -0.86032
vn 0.49054 -0.05782 -0.8695
vn 0.4513 -0.03914 -0.89151
vn 0.46993 0.08946 -0.87816
vn 0.4197 0.11552 -0.90028
vn 0.43636 0.23614 -0.86823
vn 0.37181 0.27051 -0.88802
vn 0.38384 0.37768 -0.84263
vn 0.3226 0.41211 -0.85211
vn 0.35624 0.5204 -0.77606
vn 0.25874 0.55221 -0.79254
vn 0.22595 0.65246 -0.72335
vn 0.15905 0.66642 -0.72842
vn 0.09044 0.76791 -0.63414
vn 0.57216 -0.81628 -0.07949
vn 0.49537 -0.86763 -0.0427
vn 0.39995 -0.91248 -0.08616
vn 0.28077 -0.95835 -0.05219
vn 0.20696 -0.97415 -0.09051
vn 0.05108 -0.99651 -0.066
vn -0.00686 -0.99513 -0.09832
vn 0.05275 -0.96729 -0.24813
vn -0.0281 -0.9562 -0.29137
vn 0.05952 -0.90561 -0.41991
vn -0.0409 -0.88098 -0.47137
vn 0.06767 -0.81482 -0.57576
vn -0.05224 -0.77046 -0.63534
vn 0.06703 -0.70571 -0.70533
vn -0.05974 -0.63151 -0.77307
vn 0.07072 -0.58145 -0.8105
vn 0.0586 -0.49097 -0.8692
vn 0.2094 -0.46379 -0.86084
vn 0.22598 -0.34728 -0.91013
vn 0.34817 -0.32525 -0.8792
vn 0.3669 -0.20072 -0.90835
vn 0.01562 -0.47193 -0.8815
vn 0.08342 -0.33247 -0.93942
vn 0.17947 -0.32705 -0.92781
vn 0.22515 -0.19318 -0.95498
vn 0.32737 -0.18335 -0.92693
vn 0.35471 -0.04894 -0.93369
vn -0.0006 -0.28914 -0.95729
vn 0.10318 -0.16593 -0.98072
vn 0.16623 -0.16428 -0.97231
vn 0.22506 -0.0331 -0.97378
vn 0.30817 -0.0278 -0.95093
vn 0.33441 0.10845 -0.93617
vn -0.01043 -0.09795 -0.99514
vn 0.1117 -0.0036 -0.99374
vn 0.16198 -0.00229 -0.98679
vn 0.20478 0.12222 -0.97115
vn 0.2776 0.13263 -0.9515
vn 0.27887 0.26074 -0.92425
vn -0.02066 0.09883 -0.99489
vn 0.11195 0.15526 -0.98151
vn 0.10389 0.24249 -0.96458
vn 0.00884 0.29013 -0.95695
vn 0.13473 0.38477 -0.91313
vn 0.02072 0.46964 -0.88261
vn 0.16073 0.52703 -0.83451
vn 0.04147 0.63309 -0.77296
vn 0.07401 0.95416 -0.28999
vn 0.19886 0.96562 -0.16742
vn 0.19876 0.96564 -0.16742
vn 0.32948 0.94246 -0.05667
vn 0.07906 0.99195 -0.09893
vn 0.19831 0.98007 0.0118
vn 0.25747 0.96624 0.00971
vn 0.34415 0.93277 0.10725
vn 0.41038 0.90559 0.10722
vn 0.4565 0.86119 0.22352
vn 0.54447 0.81063 0.21547
vn 0.56367 0.76081 0.32163
vn 0.6536 0.69416 0.30157
vn 0.66299 0.63828 0.39121
vn 0.74432 0.56402 0.35759
vn 0.75145 0.50623 0.42314
vn 0.82022 0.4307 0.37647
vn 0.82645 0.3769 0.41824
vn 0.88247 0.30444 0.35856
vn 0.88749 0.25879 0.38131
vn 0.93274 0.1915 0.30549
vn 0.93602 0.15845 0.31426
vn 0.97073 0.1002 0.21826
vn 0.97322 0.07043 0.21882
vn 0.08579 0.99142 0.09861
vn 0.19512 0.96363 0.18264
vn 0.24967 0.95121 0.18128
vn 0.32952 0.90466 0.2702
vn 0.40169 0.87722 0.26293
vn 0.45026 0.81513 0.36446
vn 0.52654 0.77429 0.35103
vn 0.55156 0.70467 0.44635
vn 0.63238 0.65016 0.42117
vn 0.64609 0.57769 0.49884
vn 0.72166 0.51686 0.4605
vn 0.73201 0.445 0.51588
vn 0.79887 0.38345 0.46342
vn 0.80786 0.31614 0.49741
vn 0.86612 0.25764 0.42832
vn 0.87369 0.20185 0.44263
vn 0.92441 0.14923 0.351
vn 0.92957 0.10815 0.35243
vn 0.97227 0.06674 0.22413
vn 0.97457 0.044 0.21974
vn 0.08401 0.95324 0.29029
vn 0.17086 0.9251 0.3391
vn 0.26346 0.90758 0.32694
vn 0.33327 0.84731 0.41353
vn 0.39069 0.82587 0.40656
vn 0.43317 0.75111 0.49818
vn 0.50648 0.71486 0.48213
vn 0.53012 0.63276 0.56443
vn 0.60703 0.58641 0.53632
vn 0.62196 0.5011 0.60172
vn 0.69539 0.45032 0.56004
vn 0.70761 0.3661 0.60436
vn 0.77678 0.31475 0.54547
vn 0.7868 0.2382 0.56939
vn 0.85149 0.19104 0.48833
vn 0.86106 0.13085 0.49138
vn 0.91998 0.09267 0.38085
vn 0.92588 0.05176 0.37425
vn 0.97141 0.02978 0.23554
vn 0.12905 0.88171 0.45381
vn 0.08728 0.87772 0.47116
vn 0.16191 0.79507 0.58451
vn 0.04711 0.7708 0.63533
vn 0.15825 0.69444 0.70193
vn 0.01607 0.63409 0.7731
vn 0.13717 0.58039 0.8027
vn 0.12672 0.50754 0.85226
vn 0.25376 0.45896 0.85145
vn 0.19467 0.36701 0.90962
vn 0.25507 0.32018 0.91237
vn 0.14406 0.21624 0.96565
vn 0.22779 0.17117 0.95855
vn 0.19388 0.04755 0.97987
vn 0.24237 0.02407 0.96988
vn 0.2401 -0.09853 0.96574
vn 0.2969 -0.12164 0.94713
vn 0.2964 -0.23339 0.92611
vn 0.39506 -0.25203 0.88341
vn 0.39186 -0.35532 0.84864
vn 0.48671 -0.36222 0.79493
vn 0.49056 -0.4477 0.7476
vn 0.01663 0.47006 0.88248
vn 0.13413 0.3712 0.91882
vn 0.01075 0.29002 0.95696
vn 0.13369 0.21678 0.96702
vn 0.00902 0.09762 0.99518
vn 0.1083 0.04439 0.99313
vn 0.03796 -0.099 0.99436
vn 0.09386 -0.12822 0.98729
vn 0.10105 -0.24406 0.96448
vn 0.00978 -0.29006 0.95696
vn 0.08967 -0.41048 0.90745
vn -0.03651 -0.46964 0.8821
vn 0.07775 -0.55721 0.82673
vn -0.08318 -0.63004 0.7721
vn 0.05533 -0.68289 0.72842
vn -0.02215 -0.7721 0.63512
vn 0.04951 -0.79312 0.60705
vn 0.06125 -0.85496 0.51506
vn 0.18495 -0.85533 0.48394
vn 0.19831 -0.90358 0.37977
vn -0.02903 -0.88107 0.47209
vn 0.05597 -0.93068 0.36152
vn 0.12612 -0.92719 0.35272
vn 0.16325 -0.95632 0.2425
vn -0.07012 -0.95426 0.29063
vn 0.05268 -0.97814 0.20119
vn 0.06455 -0.97757 0.20047
vn 0.96406 -0.26298 0.03786
vn 0.97399 -0.21839 0.06047
vn 0.97202 -0.21856 0.08606
vn 0.97528 -0.2007 0.09247
vn 0.97174 -0.19706 0.12993
vn 0.97323 -0.18791 0.13235
vn 0.80561 -0.57999 0.12085
vn 0.89376 -0.44281 0.07143
vn 0.9229 -0.37239 0.09786
vn 0.92206 -0.36891 0.11705
vn 0.93754 -0.32206 0.1315
vn 0.92507 -0.32642 0.19415
vn 0.92641 -0.32145 0.19603
vn 0.84593 -0.50442 0.17309
vn 0.84122 -0.5246 0.13095
vn 0.8753 -0.44999 0.17709
vn 0.87902 -0.42235 0.22122
vn 0.64001 -0.64746 0.41374
vn 0.2643 -0.82164 0.50502
vn 0.68603 -0.56165 0.46251
vn 0.73704 -0.51825 0.43381
vn 0.24788 -0.75909 0.60194
vn 0.35183 -0.71218 0.60747
vn 0.32913 -0.63241 0.70123
vn 0.4254 -0.58379 0.69154
vn 0.4122 -0.49452 0.76521
vn 0.97124 -0.15045 0.18453
vn 0.97496 -0.12404 0.18457
vn 0.97298 -0.11548 0.19992
vn 0.97438 -0.10481 0.19898
vn 0.96955 -0.08277 0.23047
vn 0.91583 -0.26629 0.30059
vn 0.92526 -0.23295 0.29939
vn 0.92095 -0.21499 0.325
vn 0.9326 -0.17444 0.31596
vn 0.92851 -0.15666 0.33664
vn 0.93939 -0.11971 0.32127
vn 0.92445 -0.08576 0.37154
vn 0.83074 -0.38107 0.40577
vn 0.84312 -0.35332 0.40536
vn 0.83449 -0.31582 0.45153
vn 0.86313 -0.26106 0.43226
vn 0.85882 -0.224 0.4607
vn 0.88454 -0.18034 0.4302
vn 0.88161 -0.1324 0.45302
vn 0.76687 -0.44808 0.4595
vn 0.28 -0.63296 0.72178
vn 0.1648 -0.67187 0.7221
vn 0.19062 -0.75755 0.62433
vn 0.10979 -0.55856 0.82217
vn 0.14371 -0.66952 0.72876
vn 0.25271 -0.53103 0.80879
vn 0.33443 -0.49412 0.8025
vn 0.32566 -0.38945 0.86155
vn 0.56149 -0.31093 0.76685
vn 0.15456 -0.41366 0.89722
vn 0.19168 -0.5291 0.82663
vn 0.22672 -0.38133 0.8962
vn 0.54868 -0.23695 0.80175
vn 0.61245 -0.17707 0.77042
vn 0.53479 -0.10122 0.8389
vn 0.57116 -0.05375 0.81907
vn 0.52826 0.02074 0.84883
vn 0.62099 0.06498 0.78112
vn 0.59228 0.14936 0.79177
vn 0.63346 0.17592 0.75351
vn 0.62134 0.25793 0.73987
vn 0.67556 0.27355 0.68468
vn 0.66336 0.36321 0.65424
vn 0.21889 -0.26718 0.93846
vn 0.64804 -0.16901 0.74261
vn 0.69337 -0.07388 0.71678
vn 0.65639 -0.0447 0.7531
vn 0.67454 0.04016 0.73715
vn 0.7505 -0.06485 0.65768
vn 0.44489 -0.22742 0.86623
vn 0.46317 -0.11794 0.87839
vn 0.40395 -0.0935 0.90999
vn 0.41343 0.02009 0.91032
vn 0.3639 0.04148 0.93051
vn 0.3569 0.17118 0.91832
vn 0.34226 0.17783 0.92263
vn 0.31006 0.30777 0.89952
vn 0.48488 0.0346 0.8739
vn 0.78066 0.01125 0.62485
vn 0.83505 0.01875 0.54986
vn 0.85031 0.04349 0.52448
vn 0.91729 0.0319 0.39695
vn 0.73813 0.12981 0.66205
vn 0.72841 0.05598 0.68285
vn 0.7618 0.14199 0.63206
vn 0.83652 0.10788 0.5372
vn 0.49965 0.16084 0.85117
vn 0.47127 0.17901 0.86363
vn 0.75455 0.22811 0.61532
vn 0.47596 0.28752 0.83114
vn 0.53879 0.29897 0.78761
vn 0.53032 0.40297 0.74591
vn 0.58772 0.4073 0.69907
vn 0.57394 0.50437 0.64514
vn 0.38615 0.32587 0.86296
vn 0.37493 0.43157 0.82047
vn 0.2981 0.463 0.83473
vn 0.2978 0.57014 0.76567
vn 0.23863 0.59131 0.77033
vn 0.20275 0.68608 0.6987
vn 0.45289 0.44006 0.7754
vn 0.43683 0.54436 0.71613
vn 0.49869 0.54463 0.67431
vn 0.4793 0.63789 0.6028
vn 0.34382 0.67218 0.65571
vn 0.40083 0.673 0.62162
vn 0.37391 0.75555 0.5379
vn 0.36663 0.57384 0.73232
vn 0.97105 0.19602 0.13651
vn 0.97104 0.20105 0.1291
vn 0.85837 0.44456 0.25605
vn 0.22644 0.78249 0.58004
vn 0.2695 0.69525 0.66633
vn 0.28495 0.7864 0.54807
vn 0.9748 0.20684 0.08357
vn 0.97571 0.19181 0.10584
vn 0.85606 0.47466 0.2046
vn 0.87043 0.45863 0.17889
vn 0.86729 0.48168 0.12567
vn 0.87939 0.46442 0.10485
vn 0.87108 0.48943 0.04105
vn 0.87813 0.47749 0.02995
vn 0.87087 0.48991 -0.03974
vn 0.87642 0.47919 -0.04755
vn 0.87223 0.4779 -0.10408
vn 0.88617 0.4483 -0.11714
vn 0.88351 0.43932 -0.16249
vn 0.89997 0.40191 -0.16887
vn 0.89823 0.38311 -0.21545
vn 0.26238 0.84902 0.45862
vn 0.97598 0.2132 0.04475
vn 0.97763 0.1986 0.06929
vn 0.78186 0.57834 0.23286
vn 0.78044 0.60436 0.16018
vn 0.69051 0.70286 0.17082
vn 0.69641 0.71377 0.07445
vn 0.60442 0.79417 0.06299
vn 0.60429 0.79568 -0.04165
vn 0.52681 0.84734 -0.06704
vn 0.52312 0.83381 -0.17637
vn 0.42411 0.88168 -0.20684
vn 0.4264 0.8452 -0.32221
vn 0.31049 0.88166 -0.35536
vn 0.30027 0.83275 -0.46514
vn 0.79689 0.58758 0.1404
vn 0.97655 0.21511 0.00828
vn 0.9785 0.20368 0.03243
vn 0.79435 0.60302 0.07325
vn 0.81392 0.57876 0.05068
vn 0.78559 0.61742 -0.04044
vn 0.78917 0.61254 -0.04483
vn 0.77779 0.6155 -0.12731
vn 0.80327 0.57821 -0.14295
vn 0.80163 0.5611 -0.20629
vn 0.8313 0.51308 -0.21378
vn 0.83063 0.49326 -0.25836
vn 0.87321 0.41665 -0.25281
vn 0.86198 0.40317 -0.30731
vn 0.87334 0.37473 -0.31121
vn 0.84619 0.35963 -0.39323
vn 0.85743 0.3323 -0.39292
vn 0.84318 0.29407 -0.45007
vn 0.8634 0.25249 -0.43681
vn 0.85344 0.20519 -0.4791
vn 0.87211 0.1706 -0.45862
vn 0.86443 0.11915 -0.48843
vn 0.88344 0.08815 -0.46019
vn 0.87839 0.03748 -0.47647
vn 0.89829 0.00935 -0.43931
vn 0.89601 -0.03256 -0.44284
vn 0.91404 -0.05511 -0.40186
vn 0.91318 -0.09066 -0.39735
vn 0.92635 -0.10433 -0.36193
vn 0.92571 -0.14111 -0.35092
vn 0.93517 -0.14745 -0.32204
vn 0.9338 -0.1853 -0.30606
vn 0.94319 -0.18664 -0.27489
vn 0.94189 -0.21534 -0.25783
vn 0.95647 -0.20751 -0.20518
vn 0.95622 -0.21703 -0.19632
vn 0.96804 -0.20474 -0.14486
vn 0.96804 -0.20863 -0.1392
vn 0.97436 -0.19709 -0.10849
vn 0.97405 -0.20546 -0.09496
vn 0.97996 -0.18823 -0.06511
vn 0.97979 -0.1906 -0.06069
vn 0.9799 0.19579 -0.03831
vn 0.97732 0.21016 -0.02607
vn 0.9793 0.20234 -0.00464
vn 0.97777 0.20136 -0.05847
vn 0.97838 0.19748 -0.06136
vn 0.97381 0.20427 -0.09987
vn 0.72809 0.68499 -0.02604
vn 0.65969 0.74891 -0.06281
vn 0.66831 0.72857 -0.15013
vn 0.69682 0.69897 -0.16089
vn 0.6964 0.66877 -0.26033
vn 0.72546 0.63566 -0.2639
vn 0.73955 0.58647 -0.33033
vn 0.7837 0.53432 -0.31673
vn 0.80132 0.47878 -0.35869
vn 0.70752 0.70351 0.06698
vn 0.56995 0.79895 -0.19192
vn 0.56867 0.77049 -0.28802
vn 0.46286 0.82202 -0.33172
vn 0.46795 0.77119 -0.43161
vn 0.35839 0.80202 -0.47782
vn 0.35792 0.73884 -0.57097
vn 0.61958 0.72476 -0.30142
vn 0.60197 0.69912 -0.38583
vn 0.65421 0.63948 -0.40383
vn 0.57201 0.64316 -0.50906
vn 0.60317 0.59904 -0.52662
vn 0.55792 0.57042 -0.60279
vn 0.63879 0.49519 -0.58884
vn 0.60822 0.44339 -0.65839
vn 0.64134 0.40426 -0.65212
vn 0.62809 0.33365 -0.70298
vn 0.67326 0.28954 -0.68035
vn 0.66069 0.20207 -0.72295
vn 0.69749 0.16949 -0.69626
vn 0.68557 0.07487 -0.72415
vn 0.71755 0.04986 -0.69472
vn 0.70787 -0.04445 -0.70494
vn 0.737 -0.06316 -0.67294
vn 0.73104 -0.15083 -0.66546
vn 0.75592 -0.16332 -0.63396
vn 0.75193 -0.24526 -0.61192
vn 0.77424 -0.25228 -0.58044
vn 0.77113 -0.32743 -0.54602
vn 0.79127 -0.32918 -0.51529
vn 0.78835 -0.39488 -0.47177
vn 0.80817 -0.39152 -0.43998
vn 0.8054 -0.44645 -0.38989
vn 0.82648 -0.43684 -0.3551
vn 0.82426 -0.47944 -0.30121
vn 0.84562 -0.46291 -0.26579
vn 0.84376 -0.49369 -0.21059
vn 0.86506 -0.46955 -0.17663
vn 0.86461 -0.48672 -0.12474
vn 0.89217 -0.44378 -0.0842
vn 0.6816 0.61696 -0.39343
vn 0.72074 0.53565 -0.44001
vn 0.67994 0.5448 -0.49079
vn 0.69568 0.47672 -0.53737
vn 0.77016 0.48921 -0.40931
vn 0.49731 0.75048 -0.43528
vn 0.51384 0.68103 -0.52169
vn 0.44501 0.69341 -0.5667
vn 0.45268 0.61541 -0.64526
vn 0.50879 0.58297 -0.63346
vn 0.74085 0.43152 -0.51472
vn 0.7963 0.41777 -0.43746
vn 0.74986 0.36458 -0.55208
vn 0.76623 0.34279 -0.54349
vn 0.52165 0.48074 -0.70482
vn 0.15935 0.5272 -0.83467
vn 0.75865 0.26722 -0.59418
vn 0.78472 0.23379 -0.57407
vn 0.26464 0.4159 -0.87005
vn 0.19182 0.37813 -0.90566
vn 0.97728 0.04874 -0.20629
vn 0.97727 0.04854 -0.20636
vn 0.77461 0.16051 -0.61174
vn 0.80111 0.12963 -0.58431
vn 0.24806 0.27255 -0.92962
vn 0.98236 0.02059 -0.18588
vn 0.98241 0.02471 -0.18509
vn 0.79219 0.05502 -0.60778
vn 0.81775 0.02908 -0.57484
vn 0.81169 -0.04112 -0.58263
vn 0.83565 -0.06129 -0.54583
vn 0.83254 -0.12433 -0.53984
vn 0.85218 -0.13729 -0.50492
vn 0.85034 -0.19679 -0.48806
vn 0.86654 -0.20342 -0.45578
vn 0.86476 -0.25919 -0.43013
vn 0.8794 -0.26044 -0.39853
vn 0.8772 -0.30876 -0.36768
vn 0.89382 -0.30389 -0.32975
vn 0.89207 -0.34018 -0.29748
vn 0.909 -0.3286 -0.25638
vn 0.90829 -0.35361 -0.22354
vn 0.92262 -0.33712 -0.1874
vn 0.92268 -0.35325 -0.15449
vn 0.93587 -0.33043 -0.12231
vn 0.93637 -0.33852 -0.09278
vn 0.95327 -0.29639 -0.05857
vn 0.39033 -0.3406 -0.85536
vn 0.37197 -0.45453 -0.80935
vn 0.42001 -0.46627 -0.77857
vn 0.39873 -0.57102 -0.7176
vn 0.44467 -0.57604 -0.68589
vn 0.42484 -0.67315 -0.60529
vn 0.46158 -0.6725 -0.57852
vn 0.44798 -0.75553 -0.478
vn 0.47899 -0.75051 -0.4553
vn 0.47574 -0.80933 -0.34446
vn 0.50522 -0.79981 -0.32412
vn 0.51424 -0.83136 -0.2107
vn 0.5431 -0.81687 -0.19435
vn 0.26569 -0.48288 -0.83441
vn 0.23868 -0.58657 -0.77393
vn 0.17118 -0.60351 -0.77876
vn 0.11985 -0.70111 -0.70291
vn 0.30811 -0.5998 -0.73846
vn 0.27031 -0.70198 -0.65891
vn 0.32456 -0.70799 -0.62722
vn 0.28901 -0.80046 -0.5251
vn 0.33628 -0.80041 -0.49624
vn 0.31189 -0.87166 -0.37808
vn 0.35515 -0.86596 -0.35211
vn 0.3464 -0.90981 -0.22859
vn 0.40024 -0.89459 -0.19879
vn 0.12342 -0.81003 -0.57325
vn 0.19043 -0.71854 -0.6689
vn 0.19609 -0.82201 -0.53465
vn 0.1365 -0.89809 -0.4181
vn 0.20087 -0.90163 -0.38304
vn 0.16062 -0.95476 -0.25026
vn 0.21784 -0.95102 -0.21934
vn 1 -0 -0
vn 1 0 -0
vn 1 -0 0
vn 1 0 -0
vn 1 -0 0
vn 0.08525 -0.99152 -0.09805
vn -0.05117 -0.99819 -0.03147
vn -0.16014 -0.9835 -0.08421
vn -0.22246 -0.97146 -0.08229
vn -0.26141 -0.94029 -0.21798
vn -0.30563 -0.92449 -0.22784
vn -0.31093 -0.88467 -0.34739
vn -0.37075 -0.85544 -0.36162
vn -0.36392 -0.80528 -0.46806
vn -0.43047 -0.76563 -0.47802
vn -0.41538 -0.70315 -0.5771
vn -0.49926 -0.65085 -0.57196
vn -0.48398 -0.57814 -0.6569
vn -0.56844 -0.5219 -0.636
vn -0.57306 -0.44525 -0.68801
vn -0.63156 -0.40037 -0.66395
vn -0.64237 -0.31303 -0.69955
vn -0.68385 -0.28224 -0.67282
vn -0.70348 -0.19661 -0.68298
vn -0.75782 -0.16848 -0.63033
vn -0.77934 -0.09268 -0.61971
vn -0.84627 -0.07871 -0.5269
vn -0.86202 -0.04899 -0.50449
vn -0.91664 -0.03585 -0.3981
vn -0.92508 -0.01185 -0.37959
vn -0.97102 -0.00791 -0.23885
vn -0.9738 0.00573 -0.22735
vn -0.99685 0.0012 -0.07926
vn -0.99723 0.00727 -0.07404
vn -0.2808 -0.95846 -0.05005
vn -0.40126 -0.91216 -0.08338
vn -0.39993 -0.89576 -0.19411
vn -0.47139 -0.85561 -0.21385
vn -0.46492 -0.82394 -0.32401
vn -0.53729 -0.77289 -0.33759
vn -0.52218 -0.73299 -0.43595
vn -0.5745 -0.68776 -0.44377
vn -0.5425 -0.63918 -0.54511
vn -0.62746 -0.57447 -0.52562
vn -0.63709 -0.5141 -0.57429
vn -0.71069 -0.45021 -0.54058
vn -0.72385 -0.38962 -0.56942
vn -0.75942 -0.34993 -0.54848
vn -0.76388 -0.28025 -0.58134
vn -0.80458 -0.23491 -0.5454
vn -0.80474 -0.18397 -0.56441
vn -0.85816 -0.12839 -0.49706
vn -0.4954 -0.86768 -0.04127
vn -0.56474 -0.82174 -0.07624
vn -0.56316 -0.80722 -0.17677
vn -0.61466 -0.76481 -0.19302
vn -0.61153 -0.73326 -0.29725
vn -0.66375 -0.68504 -0.30025
vn -0.68384 -0.63447 -0.3603
vn -0.74706 -0.57208 -0.33857
vn -0.77041 -0.51322 -0.37824
vn -0.84327 -0.43252 -0.3191
vn -0.85533 -0.40548 -0.32249
vn -0.91499 -0.31341 -0.25412
vn -0.92314 -0.28531 -0.25771
vn -0.97022 -0.18012 -0.16193
vn -0.97351 -0.15887 -0.16446
vn -0.99678 -0.05692 -0.05657
vn -0.99721 -0.04726 -0.05779
vn -0.68306 -0.72945 -0.03652
vn -0.70643 -0.70552 -0.05664
vn -0.6872 -0.70817 -0.16204
vn -0.73639 -0.65254 -0.17869
vn -0.74247 -0.62839 -0.23207
vn -0.78943 -0.56624 -0.23699
vn -0.79384 -0.54221 -0.27536
vn -0.85044 -0.45421 -0.26541
vn -0.79147 -0.60845 -0.05803
vn -0.83398 -0.55172 -0.00835
vn -0.89374 -0.44521 -0.05492
vn -0.93908 -0.34351 0.01108
vn -0.96393 -0.2627 -0.04269
vn -0.99297 -0.1166 0.02053
vn -0.99646 -0.08371 -0.00827
vn -0.99633 -0.08426 -0.01476
vn -0.99717 -0.0719 -0.02189
vn -0.99685 -0.07194 -0.03339
vn -0.99717 -0.06627 -0.03554
vn -0.99679 -0.06463 -0.04722
vn -0.99707 -0.059 -0.04859
vn -0.99696 -0.04528 -0.06342
vn -0.99735 -0.03417 -0.06415
vn -0.99621 -0.02641 -0.08283
vn -0.99611 -0.036 -0.08048
vn -0.97376 -0.05857 -0.21992
vn -0.97223 -0.04133 -0.23034
vn -0.92713 -0.07442 -0.36728
vn -0.99717 -0.02175 -0.07201
vn -0.99694 -0.01067 -0.07749
vn -0.9735 -0.03426 -0.22613
vn -0.99715 -0.00736 -0.07514
vn -0.99694 0.01419 -0.07691
vn -0.99731 0.02124 -0.07017
vn -0.99641 0.03726 -0.07604
vn -0.99614 0.02464 -0.08427
vn -0.97769 0.1103 -0.17877
vn -0.9777 0.10997 -0.17892
vn -0.94595 0.19268 -0.26086
vn -0.94485 0.21261 -0.2491
vn -0.90295 0.29699 -0.31061
vn -0.90054 0.32866 -0.28461
vn -0.84362 0.41854 -0.33635
vn -0.84005 0.45934 -0.28865
vn -0.76737 0.55087 -0.32815
vn -0.76379 0.59269 -0.25563
vn -0.67573 0.68171 -0.28046
vn -0.67379 0.71531 -0.18534
vn -0.57435 0.79543 -0.19342
vn -0.56849 0.81832 -0.08467
vn -0.46534 0.88201 -0.07432
vn -0.45472 0.88965 0.04182
vn -0.38079 0.92236 0.0652
vn -0.39584 0.89665 0.19832
vn -0.29879 0.9294 0.21667
vn -0.25004 0.9091 0.33319
vn -0.18272 0.92195 0.3415
vn -0.09878 0.87645 0.47125
vn -0.17157 0.84811 0.50126
vn -0.16537 0.78208 0.60083
vn -0.28792 0.74124 0.60636
vn -0.28993 0.6601 0.69297
vn -0.39193 0.61898 0.68063
vn -0.38412 0.52173 0.76174
vn -0.48229 0.47766 0.73433
vn -0.48604 0.37735 0.78827
vn -0.53633 0.34357 0.77092
vn -0.52727 0.238 0.81569
vn -0.57402 0.20648 0.79238
vn -0.56046 0.09495 0.82272
vn -0.59989 0.07026 0.79699
vn -0.58692 -0.04384 0.80845
vn -0.62095 -0.06199 0.78139
vn -0.61188 -0.16992 0.77248
vn -0.6414 -0.18281 0.74511
vn -0.63419 -0.28381 0.7192
vn -0.66241 -0.29207 0.68986
vn -0.65636 -0.38516 0.64872
vn -0.6824 -0.38824 0.61935
vn -0.67739 -0.47047 0.5655
vn -0.70108 -0.46874 0.53738
vn -0.69721 -0.53946 0.47211
vn -0.72117 -0.5326 0.44301
vn -0.71834 -0.58882 0.37052
vn -0.74459 -0.57524 0.33865
vn -0.74157 -0.61536 0.26723
vn -0.77187 -0.59211 0.23156
vn -0.76479 -0.62508 0.15612
vn -0.79413 -0.59515 0.12309
vn -0.79286 -0.60658 0.0586
vn -0.83396 -0.55171 0.01113
vn -0.8922 -0.44854 0.05285
vn -0.93911 -0.34352 -0.00767
vn -0.95506 -0.29534 0.02534
vn -0.98393 -0.17795 0.01471
vn -0.98547 -0.16699 0.03098
vn -0.99803 -0.0606 0.01601
vn -0.99813 -0.05847 0.01784
vn -0.9974 -0.06461 0.03182
vn -0.99746 -0.06276 0.0336
vn -0.99668 -0.06665 0.04672
vn -0.99674 -0.06221 0.0513
vn -0.99422 -0.06703 0.08389
vn -0.99448 -0.09418 0.04631
vn -0.98179 -0.11737 0.14934
vn -0.98199 -0.11074 0.15309
vn -0.97778 -0.10883 0.17916
vn -0.97857 -0.0893 0.18552
vn -0.97473 -0.08377 0.20706
vn -0.97531 -0.06125 0.21217
vn -0.96998 -0.05 0.23799
vn -0.96998 -0.04369 0.23924
vn -0.95822 -0.01622 0.28557
vn -0.95835 -0.00807 0.28548
vn -0.94288 0.02577 0.33213
vn -0.94398 0.04925 0.32631
vn -0.93162 0.08001 0.35451
vn -0.93498 0.11091 0.33692
vn -0.92496 0.13948 0.35355
vn -0.93041 0.17174 0.3238
vn -0.92268 0.19738 0.33123
vn -0.92894 0.22379 0.29493
vn -0.92249 0.2471 0.29657
vn -0.93042 0.26696 0.2511
vn -0.9243 0.28966 0.24852
vn -0.93476 0.29567 0.19697
vn -0.93337 0.30162 0.19452
vn -0.94772 0.2897 0.13377
vn -0.93997 0.31821 0.12326
vn -0.94391 0.31695 0.09255
vn -0.93695 0.34029 0.07956
vn -0.94053 0.33665 0.04545
vn -0.93487 0.35349 0.03267
vn -0.93908 0.34357 -0.0099
vn -0.9338 0.35708 -0.02278
vn -0.93811 0.33961 -0.06799
vn -0.93235 0.35188 -0.08311
vn -0.93554 0.33069 -0.1241
vn -0.92762 0.34384 -0.14594
vn -0.92889 0.32403 -0.17934
vn -0.91672 0.33835 -0.21246
vn -0.91787 0.31559 -0.24067
vn -0.99787 0.03064 -0.0576
vn -0.99784 0.03221 -0.05725
vn -0.98302 0.11157 -0.1457
vn -0.98296 0.115 -0.14337
vn -0.96012 0.20284 -0.19243
vn -0.95996 0.20928 -0.18622
vn -0.99848 0.03492 -0.04265
vn -0.99516 0.08887 -0.04192
vn -0.99469 0.06565 -0.07926
vn -0.99701 0.05961 -0.04916
vn -0.99695 0.06592 -0.04185
vn -0.99744 0.06297 -0.03377
vn -0.99725 0.06937 -0.02597
vn -0.9976 0.0662 -0.02015
vn -0.99736 0.07157 -0.01248
vn -0.99771 0.06731 -0.00669
vn -0.99744 0.07146 0.00038
vn -0.99781 0.06575 0.00656
vn -0.99754 0.06894 0.01294
vn -0.99785 0.06277 0.01907
vn -0.99677 0.07098 0.03768
vn -0.99667 0.0756 0.03064
vn -0.97693 0.18501 0.10664
vn -0.97538 0.17927 0.12842
vn -0.99749 0.06242 0.03351
vn -0.99726 0.05832 0.04554
vn -0.97594 0.17559 0.12924
vn -0.97345 0.16524 0.15842
vn -0.99739 0.0557 0.04592
vn -0.99708 0.05237 0.05558
vn -0.97547 0.1519 0.15932
vn -0.97293 0.13968 0.1841
vn -0.99738 0.04581 0.05594
vn -0.99705 0.0426 0.06381
vn -0.97546 0.12239 0.18305
vn -0.97291 0.10785 0.2045
vn -0.99738 0.03398 0.06392
vn -0.99641 0.02633 0.08044
vn -0.97337 0.10469 0.20393
vn -0.97075 0.08188 0.2257
vn -0.99614 0.04169 0.07724
vn -0.99783 0.01909 0.06305
vn -0.9978 0.01764 0.06396
vn -0.99842 0.00549 0.05583
vn -0.9949 -0.03477 0.09467
vn -0.99445 0.01085 0.10467
vn -0.99694 -0.00767 0.07785
vn -0.99687 -0.01568 0.07747
vn -0.99749 -0.02044 0.06783
vn -0.99734 -0.02746 0.06753
vn -0.99786 -0.03079 0.05771
vn -0.9978 -0.0329 0.05761
vn -0.99834 -0.03648 0.04462
vn -0.99845 -0.05531 0.00547
vn -0.99218 -0.11651 -0.04474
vn -0.68302 -0.72942 0.03778
vn -0.66245 -0.74676 0.05923
vn -0.69219 -0.70287 0.16386
vn -0.65026 -0.73266 0.20094
vn -0.65156 -0.70379 0.2831
vn -0.61927 -0.72047 0.31213
vn -0.61997 -0.67309 0.40322
vn -0.59274 -0.68197 0.42846
vn -0.59699 -0.61272 0.51785
vn -0.56948 -0.61677 0.54341
vn -0.57769 -0.53156 0.61945
vn -0.54648 -0.53099 0.64762
vn -0.55727 -0.43486 0.70735
vn -0.52209 -0.42881 0.73726
vn -0.53384 -0.32203 0.78186
vn -0.49841 -0.31094 0.80926
vn -0.51043 -0.19583 0.83732
vn -0.47637 -0.18147 0.86032
vn -0.49054 -0.05782 0.8695
vn -0.4513 -0.03914 0.89151
vn -0.46993 0.08946 0.87816
vn -0.4197 0.11552 0.90028
vn -0.43636 0.23614 0.86823
vn -0.37181 0.27051 0.88802
vn -0.38384 0.37768 0.84263
vn -0.3226 0.41211 0.85211
vn -0.35624 0.5204 0.77606
vn -0.25874 0.55221 0.79254
vn -0.22595 0.65246 0.72335
vn -0.15905 0.66642 0.72842
vn -0.09044 0.76791 0.63414
vn -0.57216 -0.81628 0.07949
vn -0.49537 -0.86763 0.0427
vn -0.39995 -0.91248 0.08616
vn -0.28077 -0.95835 0.05219
vn -0.20696 -0.97415 0.09051
vn -0.05108 -0.99651 0.066
vn 0.00686 -0.99513 0.09832
vn -0.05275 -0.96729 0.24813
vn 0.0281 -0.9562 0.29137
vn -0.05952 -0.90561 0.41991
vn 0.0409 -0.88098 0.47137
vn -0.06767 -0.81482 0.57576
vn 0.05224 -0.77046 0.63534
vn -0.06703 -0.70571 0.70533
vn 0.05974 -0.63151 0.77307
vn -0.07072 -0.58145 0.8105
vn -0.0586 -0.49097 0.8692
vn -0.2094 -0.46379 0.86084
vn -0.22598 -0.34728 0.91013
vn -0.34817 -0.32525 0.8792
vn -0.3669 -0.20072 0.90835
vn -0.01562 -0.47193 0.8815
vn -0.08342 -0.33247 0.93942
vn -0.17947 -0.32705 0.92781
vn -0.22515 -0.19318 0.95498
vn -0.32737 -0.18335 0.92693
vn -0.35471 -0.04894 0.93369
vn 0.0006 -0.28914 0.95729
vn -0.10318 -0.16593 0.98072
vn -0.16623 -0.16428 0.97231
vn -0.22506 -0.0331 0.97378
vn -0.30817 -0.0278 0.95093
vn -0.33441 0.10845 0.93617
vn 0.01043 -0.09795 0.99514
vn -0.1117 -0.0036 0.99374
vn -0.16198 -0.00229 0.98679
vn -0.20478 0.12222 0.97115
vn -0.2776 0.13263 0.9515
vn -0.27887 0.26074 0.92425
vn 0.02066 0.09883 0.99489
vn -0.11195 0.15526 0.98151
vn -0.10389 0.24249 0.96458
vn -0.00884 0.29013 0.95695
vn -0.13473 0.38477 0.91313
vn -0.02072 0.46964 0.88261
vn -0.16073 0.52703 0.83451
vn -0.04147 0.63309 0.77296
vn -0.07401 0.95416 0.28999
vn -0.19886 0.96562 0.16742
vn -0.19876 0.96564 0.16742
vn -0.32948 0.94246 0.05667
vn -0.07906 0.99195 0.09893
vn -0.19831 0.98007 -0.0118
vn -0.25747 0.96624 -0.00971
vn -0.34415 0.93277 -0.10725
vn -0.41038 0.90559 -0.10722
vn -0.4565 0.86119 -0.22352
vn -0.54447 0.81063 -0.21547
vn -0.56367 0.76081 -0.32163
vn -0.6536 0.69416 -0.30157
vn -0.66299 0.63828 -0.39121
vn -0.74432 0.56402 -0.35759
vn -0.75145 0.50623 -0.42314
vn -0.82022 0.4307 -0.37647
vn -0.82645 0.3769 -0.41824
vn -0.88247 0.30444 -0.35856
vn -0.88749 0.25879 -0.38131
vn -0.93274 0.1915 -0.30549
vn -0.93602 0.15845 -0.31426
vn -0.97073 0.1002 -0.21826
vn -0.97322 0.07043 -0.21882
vn -0.08579 0.99142 -0.09861
vn -0.19512 0.96363 -0.18264
vn -0.24967 0.95121 -0.18128
vn -0.32952 0.90466 -0.2702
vn -0.40169 0.87722 -0.26293
vn -0.45026 0.81513 -0.36446
vn -0.52654 0.77429 -0.35103
vn -0.55156 0.70467 -0.44635
vn -0.63238 0.65016 -0.42117
vn -0.64609 0.57769 -0.49884
vn -0.72166 0.51686 -0.4605
vn -0.73201 0.445 -0.51588
vn -0.79887 0.38345 -0.46342
vn -0.80786 0.31614 -0.49741
vn -0.86612 0.25764 -0.42832
vn -0.87369 0.20185 -0.44263
vn -0.92441 0.14923 -0.351
vn -0.92957 0.10815 -0.35243
vn -0.97227 0.06674 -0.22413
vn -0.97457 0.044 -0.21974
vn -0.08401 0.95324 -0.29029
vn -0.17086 0.9251 -0.3391
vn -0.26346 0.90758 -0.32694
vn -0.33327 0.84731 -0.41353
vn -0.39069 0.82587 -0.40656
vn -0.43317 0.75111 -0.49818
vn -0.50648 0.71486 -0.48213
vn -0.53012 0.63276 -0.56443
vn -0.60703 0.58641 -0.53632
vn -0.62196 0.5011 -0.60172
vn -0.69539 0.45032 -0.56004
vn -0.70761 0.3661 -0.60436
vn -0.77678 0.31475 -0.54547
vn -0.7868 0.2382 -0.56939
vn -0.85149 0.19104 -0.48833
vn -0.86106 0.13085 -0.49138
vn -0.91998 0.09267 -0.38085
vn -0.92588 0.05176 -0.37425
vn -0.97141 0.02978 -0.23554
vn -0.12905 0.88171 -0.45381
vn -0.08728 0.87772 -0.47116
vn -0.16191 0.79507 -0.58451
vn -0.04711 0.7708 -0.63533
vn -0.15825 0.69444 -0.70193
vn -0.01607 0.63409 -0.7731
vn -0.13717 0.58039 -0.8027
vn -0.12672 0.50754 -0.85226
vn -0.25376 0.45896 -0.85145
vn -0.19467 0.36701 -0.90962
vn -0.25507 0.32018 -0.91237
vn -0.14406 0.21624 -0.96565
vn -0.22779 0.17117 -0.95855
vn -0.19388 0.04755 -0.97987
vn -0.24237 0.02407 -0.96988
vn -0.2401 -0.09853 -0.96574
vn -0.2969 -0.12164 -0.94713
vn -0.2964 -0.23339 -0.92611
vn -0.39506 -0.25203 -0.88341
vn -0.39186 -0.35532 -0.84864
vn -0.48671 -0.36222 -0.79493
vn -0.49056 -0.4477 -0.7476
vn -0.01663 0.47006 -0.88248
vn -0.13413 0.3712 -0.91882
vn -0.01075 0.29002 -0.95696
vn -0.13369 0.21678 -0.96702
vn -0.00902 0.09762 -0.99518
vn -0.1083 0.04439 -0.99313
vn -0.03796 -0.099 -0.99436
vn -0.09386 -0.12822 -0.98729
vn -0.10105 -0.24406 -0.96448
vn -0.00978 -0.29006 -0.95696
vn -0.08967 -0.41048 -0.90745
vn 0.03651 -0.46964 -0.8821
vn -0.07775 -0.55721 -0.82673
vn 0.08318 -0.63004 -0.7721
vn -0.05533 -0.68289 -0.72842
vn 0.02215 -0.7721 -0.63512
vn -0.04951 -0.79312 -0.60705
vn -0.06125 -0.85496 -0.51506
vn -0.18495 -0.85533 -0.48394
vn -0.19831 -0.90358 -0.37977
vn 0.02903 -0.88107 -0.47209
vn -0.05597 -0.93068 -0.36152
vn -0.12612 -0.92719 -0.35272
vn -0.16325 -0.95632 -0.2425
vn 0.07012 -0.95426 -0.29063
vn -0.05268 -0.97814 -0.20119
vn -0.06455 -0.97757 -0.20047
vn -0.96406 -0.26298 -0.03786
vn -0.97399 -0.21839 -0.06047
vn -0.97202 -0.21856 -0.08606
vn -0.97528 -0.2007 -0.09247
vn -0.97174 -0.19706 -0.12993
vn -0.97323 -0.18791 -0.13235
vn -0.80561 -0.57999 -0.12085
vn -0.89376 -0.44281 -0.07143
vn -0.9229 -0.37239 -0.09786
vn -0.92206 -0.36891 -0.11705
vn -0.93754 -0.32206 -0.1315
vn -0.92507 -0.32642 -0.19415
vn -0.92641 -0.32145 -0.19603
vn -0.84593 -0.50442 -0.17309
vn -0.84122 -0.5246 -0.13095
vn -0.8753 -0.44999 -0.17709
vn -0.87902 -0.42235 -0.22122
vn -0.64001 -0.64746 -0.41374
vn -0.2643 -0.82164 -0.50502
vn -0.68603 -0.56165 -0.46251
vn -0.73704 -0.51825 -0.43381
vn -0.24788 -0.75909 -0.60194
vn -0.35183 -0.71218 -0.60747
vn -0.32913 -0.63241 -0.70123
vn -0.4254 -0.58379 -0.69154
vn -0.4122 -0.49452 -0.76521
vn -0.97124 -0.15045 -0.18453
vn -0.97496 -0.12404 -0.18457
vn -0.97298 -0.11548 -0.19992
vn -0.97438 -0.10481 -0.19898
vn -0.96955 -0.08277 -0.23047
vn -0.91583 -0.26629 -0.30059
vn -0.92526 -0.23295 -0.29939
vn -0.92095 -0.21499 -0.325
vn -0.9326 -0.17444 -0.31596
vn -0.92851 -0.15666 -0.33664
vn -0.93939 -0.11971 -0.32127
vn -0.92445 -0.08576 -0.37154
vn -0.83074 -0.38107 -0.40577
vn -0.84312 -0.35332 -0.40536
vn -0.83449 -0.31582 -0.45153
vn -0.86313 -0.26106 -0.43226
vn -0.85882 -0.224 -0.4607
vn -0.88454 -0.18034 -0.4302
vn -0.88161 -0.1324 -0.45302
vn -0.76687 -0.44808 -0.4595
vn -0.28 -0.63296 -0.72178
vn -0.1648 -0.67187 -0.7221
vn -0.19062 -0.75755 -0.62433
vn -0.10979 -0.55856 -0.82217
vn -0.14371 -0.66952 -0.72876
vn -0.25271 -0.53103 -0.80879
vn -0.33443 -0.49412 -0.8025
vn -0.32566 -0.38945 -0.86155
vn -0.56149 -0.31093 -0.76685
vn -0.15456 -0.41366 -0.89722
vn -0.19168 -0.5291 -0.82663
vn -0.22672 -0.38133 -0.8962
vn -0.54868 -0.23695 -0.80175
vn -0.61245 -0.17707 -0.77042
vn -0.53479 -0.10122 -0.8389
vn -0.57116 -0.05375 -0.81907
vn -0.52826 0.02074 -0.84883
vn -0.62099 0.06498 -0.78112
vn -0.59228 0.14936 -0.79177
vn -0.63346 0.17592 -0.75351
vn -0.62134 0.25793 -0.73987
vn -0.67556 0.27355 -0.68468
vn -0.66336 0.36321 -0.65424
vn -0.21889 -0.26718 -0.93846
vn -0.64804 -0.16901 -0.74261
vn -0.69337 -0.07388 -0.71678
vn -0.65639 -0.0447 -0.7531
vn -0.67454 0.04016 -0.73715
vn -0.7505 -0.06485 -0.65768
vn -0.44489 -0.22742 -0.86623
vn -0.46317 -0.11794 -0.87839
vn -0.40395 -0.0935 -0.90999
vn -0.41343 0.02009 -0.91032
vn -0.3639 0.04148 -0.93051
vn -0.3569 0.17118 -0.91832
vn -0.34226 0.17783 -0.92263
vn -0.31006 0.30777 -0.89952
vn -0.48488 0.0346 -0.8739
vn -0.78066 0.01125 -0.62485
vn -0.83505 0.01875 -0.54986
vn -0.85031 0.04349 -0.52448
vn -0.91729 0.0319 -0.39695
vn -0.73813 0.12981 -0.66205
vn -0.72841 0.05598 -0.68285
vn -0.7618 0.14199 -0.63206
vn -0.83652 0.10788 -0.5372
vn -0.49965 0.16084 -0.85117
vn -0.47127 0.17901 -0.86363
vn -0.75455 0.22811 -0.61532
vn -0.47596 0.28752 -0.83114
vn -0.53879 0.29897 -0.78761
vn -0.53032 0.40297 -0.74591
vn -0.58772 0.4073 -0.69907
vn -0.57394 0.50437 -0.64514
vn -0.38615 0.32587 -0.86296
vn -0.37493 0.43157 -0.82047
vn -0.2981 0.463 -0.83473
vn -0.2978 0.57014 -0.76567
vn -0.23863 0.59131 -0.77033
vn -0.20275 0.68608 -0.6987
vn -0.45289 0.44006 -0.7754
vn -0.43683 0.54436 -0.71613
vn -0.49869 0.54463 -0.67431
vn -0.4793 0.63789 -0.6028
vn -0.34382 0.67218 -0.65571
vn -0.40083 0.673 -0.62162
vn -0.37391 0.75555 -0.5379
vn -0.36663 0.57384 -0.73232
vn -0.97105 0.19602 -0.13651
vn -0.97104 0.20105 -0.1291
vn -0.85837 0.44456 -0.25605
vn -0.22644 0.78249 -0.58004
vn -0.2695 0.69525 -0.66633
vn -0.28495 0.7864 -0.54807
vn -0.9748 0.20684 -0.08357
vn -0.97571 0.19181 -0.10584
vn -0.85606 0.47466 -0.2046
vn -0.87043 0.45863 -0.17889
vn -0.86729 0.48168 -0.12567
vn -0.87939 0.46442 -0.10485
vn -0.87108 0.48943 -0.04105
vn -0.87813 0.47749 -0.02995
vn -0.87087 0.48991 0.03974
vn -0.87642 0.47919 0.04755
vn -0.87223 0.4779 0.10408
vn -0.88617 0.4483 0.11714
vn -0.88351 0.43932 0.16249
vn -0.89997 0.40191 0.16887
vn -0.89823 0.38311 0.21545
vn -0.26238 0.84902 -0.45862
vn -0.97598 0.2132 -0.04475
vn -0.97763 0.1986 -0.06929
vn -0.78186 0.57834 -0.23286
vn -0.78044 0.60436 -0.16018
vn -0.69051 0.70286 -0.17082
vn -0.69641 0.71377 -0.07445
vn -0.60442 0.79417 -0.06299
vn -0.60429 0.79568 0.04165
vn -0.52681 0.84734 0.06704
vn -0.52312 0.83381 0.17637
vn -0.42411 0.88168 0.20684
vn -0.4264 0.8452 0.32221
vn -0.31049 0.88166 0.35536
vn -0.30027 0.83275 0.46514
vn -0.79689 0.58758 -0.1404
vn -0.97655 0.21511 -0.00828
vn -0.9785 0.20368 -0.03243
vn -0.79435 0.60302 -0.07325
vn -0.81392 0.57876 -0.05068
vn -0.78559 0.61742 0.04044
vn -0.78917 0.61254 0.04483
vn -0.77779 0.6155 0.12731
vn -0.80327 0.57821 0.14295
vn -0.80163 0.5611 0.20629
vn -0.8313 0.51308 0.21378
vn -0.83063 0.49326 0.25836
vn -0.87321 0.41665 0.25281
vn -0.86198 0.40317 0.30731
vn -0.87334 0.37473 0.31121
vn -0.84619 0.35963 0.39323
vn -0.85743 0.3323 0.39292
vn -0.84318 0.29407 0.45007
vn -0.8634 0.25249 0.43681
vn -0.85344 0.20519 0.4791
vn -0.87211 0.1706 0.45862
vn -0.86443 0.11915 0.48843
vn -0.88344 0.08815 0.46019
vn -0.87839 0.03748 0.47647
vn -0.89829 0.00935 0.43931
vn -0.89601 -0.03256 0.44284
vn -0.91404 -0.05511 0.40186
vn -0.91318 -0.09066 0.39735
vn -0.92635 -0.10433 0.36193
vn -0.92571 -0.14111 0.35092
vn -0.93517 -0.14745 0.32204
vn -0.9338 -0.1853 0.30606
vn -0.94319 -0.18664 0.27489
vn -0.94189 -0.21534 0.25783
vn -0.95647 -0.20751 0.20518
vn -0.95622 -0.21703 0.19632
vn -0.96804 -0.20474 0.14486
vn -0.96804 -0.20863 0.1392
vn -0.97436 -0.19709 0.10849
vn -0.97405 -0.20546 0.09496
vn -0.97996 -0.18823 0.06511
vn -0.97979 -0.1906 0.06069
vn -0.9799 0.19579 0.03831
vn -0.97732 0.21016 0.02607
vn -0.9793 0.20234 0.00464
vn -0.97777 0.20136 0.05847
vn -0.97838 0.19748 0.06136
vn -0.97381 0.20427 0.09987
vn -0.72809 0.68499 0.02604
vn -0.65969 0.74891 0.06281
vn -0.66831 0.72857 0.15013
vn -0.69682 0.69897 0.16089
vn -0.6964 0.66877 0.26033
vn -0.72546 0.63566 0.2639
vn -0.73955 0.58647 0.33033
vn -0.7837 0.53432 0.31673
vn -0.80132 0.47878 0.35869
vn -0.70752 0.70351 -0.06698
vn -0.56995 0.79895 0.19192
vn -0.56867 0.77049 0.28802
vn -0.46286 0.82202 0.33172
vn -0.46795 0.77119 0.43161
vn -0.35839 0.80202 0.47782
vn -0.35792 0.73884 0.57097
vn -0.61958 0.72476 0.30142
vn -0.60197 0.69912 0.38583
vn -0.65421 0.63948 0.40383
vn -0.57201 0.64316 0.50906
vn -0.60317 0.59904 0.52662
vn -0.55792 0.57042 0.60279
vn -0.63879 0.49519 0.58884
vn -0.60822 0.44339 0.65839
vn -0.64134 0.40426 0.65212
vn -0.62809 0.33365 0.70298
vn -0.67326 0.28954 0.68035
vn -0.66069 0.20207 0.72295
vn -0.69749 0.16949 0.69626
vn -0.68557 0.07487 0.72415
vn -0.71755 0.04986 0.69472
vn -0.70787 -0.04445 0.70494
vn -0.737 -0.06316 0.67294
vn -0.73104 -0.15083 0.66546
vn -0.75592 -0.16332 0.63396
vn -0.75193 -0.24526 0.61192
vn -0.77424 -0.25228 0.58044
vn -0.77113 -0.32743 0.54602
vn -0.79127 -0.32918 0.51529
vn -0.78835 -0.39488 0.47177
vn -0.80817 -0.39152 0.43998
vn -0.8054 -0.44645 0.38989
vn -0.82648 -0.43684 0.3551
vn -0.82426 -0.47944 0.30121
vn -0.84562 -0.46291 0.26579
vn -0.84376 -0.49369 0.21059
vn -0.86506 -0.46955 0.17663
vn -0.86461 -0.48672 0.12474
vn -0.89217 -0.44378 0.0842
vn -0.6816 0.61696 0.39343
vn -0.72074 0.53565 0.44001
vn -0.67994 0.5448 0.49079
vn -0.69568 0.47672 0.53737
vn -0.77016 0.48921 0.40931
vn -0.49731 0.75048 0.43528
vn -0.51384 0.68103 0.52169
vn -0.44501 0.69341 0.5667
vn -0.45268 0.61541 0.64526
vn -0.50879 0.58297 0.63346
vn -0.74085 0.43152 0.51472
vn -0.7963 0.41777 0.43746
vn -0.74986 0.36458 0.55208
vn -0.76623 0.34279 0.54349
vn -0.52165 0.48074 0.70482
vn -0.15935 0.5272 0.83467
vn -0.75865 0.26722 0.59418
vn -0.78472 0.23379 0.57407
vn -0.26464 0.4159 0.87005
vn -0.19182 0.37813 0.90566
vn -0.97728 0.04874 0.20629
vn -0.97727 0.04854 0.20636
vn -0.77461 0.16051 0.61174
vn -0.80111 0.12963 0.58431
vn -0.24806 0.27255 0.92962
vn -0.98236 0.02059 0.18588
vn -0.98241 0.02471 0.18509
vn -0.79219 0.05502 0.60778
vn -0.81775 0.02908 0.57484
vn -0.81169 -0.04112 0.58263
vn -0.83565 -0.06129 0.54583
vn -0.83254 -0.12433 0.53984
vn -0.85218 -0.13729 0.50492
vn -0.85034 -0.19679 0.48806
vn -0.86654 -0.20342 0.45578
vn -0.86476 -0.25919 0.43013
vn -0.8794 -0.26044 0.39853
vn -0.8772 -0.30876 0.36768
vn -0.89382 -0.30389 0.32975
vn -0.89207 -0.34018 0.29748
vn -0.909 -0.3286 0.25638
vn -0.90829 -0.35361 0.22354
vn -0.92262 -0.33712 0.1874
vn -0.92268 -0.35325 0.15449
vn -0.93587 -0.33043 0.12231
vn -0.93637 -0.33852 0.09278
vn -0.95327 -0.29639 0.05857
vn -0.39033 -0.3406 0.85536
vn -0.37197 -0.45453 0.80935
vn -0.42001 -0.46627 0.77857
vn -0.39873 -0.57102 0.7176
vn -0.44467 -0.57604 0.68589
vn -0.42484 -0.67315 0.60529
vn -0.46158 -0.6725 0.57852
vn -0.44798 -0.75553 0.478
vn -0.47899 -0.75051 0.4553
vn -0.47574 -0.80933 0.34446
vn -0.50522 -0.79981 0.32412
vn -0.51424 -0.83136 0.2107
vn -0.5431 -0.81687 0.19435
vn -0.26569 -0.48288 0.83441
vn -0.23868 -0.58657 0.77393
vn -0.17118 -0.60351 0.77876
vn -0.11985 -0.70111 0.70291
vn -0.30811 -0.5998 0.73846
vn -0.27031 -0.70198 0.65891
vn -0.32456 -0.70799 0.62722
vn -0.28901 -0.80046 0.5251
vn -0.33628 -0.80041 0.49624
vn -0.31189 -0.87166 0.37808
vn -0.35515 -0.86596 0.35211
vn -0.3464 -0.90981 0.22859
vn -0.40024 -0.89459 0.19879
vn -0.12342 -0.81003 0.57325
vn -0.19043 -0.71854 0.6689
vn -0.19609 -0.82201 0.53465
vn -0.1365 -0.89809 0.4181
vn -0.20087 -0.90163 0.38304
vn -0.16062 -0.95476 0.25026
vn -0.21784 -0.95102 0.21934
vn -1 0 -0
vn -1 -0 0
vn -1 -0 0
vn -1 -0 0
vn -1 0 -0
vn -1 -0 -0
vn -1 0 -0
vn -1 -0 0
vn -1 0 0
vn -1 0 0
vn -1 -0 -0
vn -1 0 0
vn -1 0 0
vn -1 0 0
vn 0.13121 -0.98651 0.09784
vn 0.12601 -0.9872 -0.09775
vn 0.13397 -0.97878 -0.15506
vn 0.1191 -0.94968 -0.2897
vn 0.12556 -0.91069 -0.39354
vn 0.10702 -0.87584 -0.47059
vn 0.10033 -0.76739 -0.63328
vn 0.10295 -0.75625 -0.64614
vn 0.07996 -0.63027 -0.77225
vn 0.08345 -0.57296 -0.81532
vn 0.05745 -0.46864 -0.88152
vn 0.05391 -0.34018 -0.93882
vn 0.03619 -0.28846 -0.95681
vn 0.01407 -0.09728 -0.99516
vn 0.017 -0.06685 -0.99762
vn -0.01809 0.09729 -0.99509
vn -0.0198 0.22116 -0.97504
vn -0.04187 0.28874 -0.95649
vn -0.05563 0.45744 -0.8875
vn -0.06026 0.468 -0.88167
vn -0.09011 0.6299 -0.77143
vn -0.08845 0.64642 -0.75784
vn -0.11734 0.76522 -0.63299
vn -0.11398 0.80996 -0.5753
vn -0.13673 0.87237 -0.46934
vn -0.13193 0.93732 -0.32253
vn -0.14033 0.94697 -0.28907
vn -0.14289 0.98486 -0.09819
vn -0.14261 0.98503 -0.09688
vn -0.15418 0.98314 0.09835
vn -0.13502 0.96689 0.21654
vn -0.14396 0.94658 0.28854
vn -0.12869 0.8939 0.42941
vn -0.13484 0.87239 0.46984
vn -0.12376 0.76461 0.6325
vn -0.08656 0.66676 0.74023
vn -0.08672 0.63022 0.77156
vn -0.06941 0.58004 0.81162
vn -0.06805 0.46728 0.88149
vn -0.04194 0.37414 0.92642
vn -0.04364 0.2887 0.95642
vn -0.00905 0.12625 0.99196
vn -0.01203 0.0977 0.99514
vn 0.01197 -0.09789 0.99512
vn 0.02486 -0.13435 0.99062
vn 0.0337 -0.28795 0.95705
vn 0.05793 -0.378 0.92399
vn 0.05719 -0.46935 0.88116
vn 0.08486 -0.59754 0.79734
vn 0.08022 -0.6302 0.77228
vn 0.09589 -0.7674 0.63396
vn 0.11089 -0.80001 0.58964
vn 0.10973 -0.87592 0.46982
vn 0.12621 -0.91759 0.37696
vn 0.11547 -0.94995 0.29029
vn 0.12856 -0.98811 0.08434
vn -0.14043 -0.98527 0.0976
vn -0.14876 -0.98834 -0.03259
vn -0.14056 -0.98524 -0.09775
vn -0.14128 -0.95654 -0.2551
vn -0.13348 -0.94774 -0.28979
vn -0.11954 -0.87485 -0.46941
vn -0.12561 -0.83152 -0.54111
vn -0.10772 -0.76631 -0.63337
vn -0.10532 -0.68203 -0.7237
vn -0.0891 -0.62955 -0.77183
vn -0.07492 -0.48733 -0.87
vn -0.06808 -0.46875 -0.88071
vn -0.03885 -0.28774 -0.95692
vn -0.04016 -0.2272 -0.97302
vn -0.01031 -0.09795 -0.99514
vn -0.00281 0.02589 -0.99966
vn 0.01763 0.09749 -0.99508
vn 0.0383 0.28836 -0.95675
vn 0.03852 0.28894 -0.95657
vn 0.0698 0.46717 -0.88141
vn 0.06724 0.51957 -0.85178
vn 0.09917 0.62919 -0.7709
vn 0.10422 0.75218 -0.65066
vn 0.11117 0.76596 -0.6332
vn 0.12912 0.87311 -0.47011
vn 0.1248 0.88916 -0.44026
vn 0.15152 0.94548 -0.28829
vn 0.14461 0.97906 -0.14326
vn 0.15501 0.98301 -0.09834
vn 0.16228 0.98187 0.09797
vn 0.13745 0.95929 0.24672
vn 0.1437 0.94649 0.28897
vn 0.12915 0.87333 0.4697
vn 0.12132 0.86114 0.49368
vn 0.1211 0.76481 0.63277
vn 0.09515 0.68174 0.72538
vn 0.09769 0.62927 0.77102
vn 0.06433 0.45896 0.88613
vn 0.06332 0.46782 0.88155
vn 0.0436 0.28866 0.95644
vn 0.02591 0.23349 0.97201
vn 0.01847 0.09728 0.99509
vn -0.00779 -0.00909 0.99993
vn -0.0098 -0.09743 0.99519
vn -0.03983 -0.24348 0.96909
vn -0.03982 -0.28831 0.95671
vn -0.06901 -0.45681 0.88689
vn -0.06807 -0.46806 0.88107
vn -0.08553 -0.62987 0.77198
vn -0.10323 -0.68192 0.72411
vn -0.1064 -0.76682 0.63298
vn -0.11219 -0.78718 0.60643
vn -0.10956 -0.87557 0.4705
vn -0.13412 -0.93852 0.31812
vn -0.13344 -0.94789 0.28929
vn -0.14605 -0.97209 0.18359
vn -0.98897 0.07525 0.1276
vn -0.96572 0.22207 0.13445
vn -0.90176 0.20613 0.37993
vn -0.861 0.33715 0.3808
vn -0.7425 0.28941 0.6041
vn -0.69302 0.39594 0.60246
vn -0.53814 0.30532 0.78561
vn -0.48987 0.38221 0.78355
vn -0.32154 0.24729 0.91403
vn -0.28321 0.29399 0.91289
vn -0.12382 0.12316 0.98463
vn -0.10193 0.14332 0.98441
vn 0.03097 -0.04788 0.99837
vn 0.03231 -0.04698 0.99837
vn 0.12743 -0.2388 0.96267
vn 0.10649 -0.24868 0.96271
vn 0.16773 -0.43421 0.88506
vn 0.12409 -0.44333 0.88772
vn 0.14588 -0.59947 0.78699
vn -0.99784 -0.0612 -0.02372
vn -0.97191 -0.21029 -0.10565
vn -0.97147 -0.23552 -0.0278
vn -0.93535 -0.31011 -0.17016
vn -0.93066 -0.36165 -0.05559
vn -0.88039 -0.4402 -0.17648
vn -0.86756 -0.4944 -0.05391
vn -0.80789 -0.56011 -0.1833
vn -0.78696 -0.61513 -0.04799
vn -0.71632 -0.67299 -0.18433
vn -0.69158 -0.71985 -0.05948
vn -0.60832 -0.77205 -0.18409
vn -0.57818 -0.81365 -0.06062
vn -0.48745 -0.85327 -0.18524
vn -0.4517 -0.89016 -0.05992
vn -0.35158 -0.91655 -0.1906
vn -0.31642 -0.9458 -0.07311
vn -0.19315 -0.96012 -0.20215
vn -0.18661 -0.96683 -0.17439
vn -0.04767 -0.9856 -0.16221
vn -0.0559 -0.88942 -0.45366
vn 0.02008 -0.94586 -0.32396
vn -0.00189 -0.79286 -0.6094
vn 0.11896 -0.82168 -0.5574
vn 0.10886 -0.80259 -0.58652
vn 0.19714 -0.72267 -0.66249
vn 0.21494 -0.74477 -0.63175
vn 0.31417 -0.65412 -0.68806
vn 0.23724 -0.52245 -0.819
vn 0.32218 -0.47777 -0.81728
vn 0.24628 -0.38411 -0.88984
vn 0.24948 -0.28569 -0.92528
vn 0.30675 -0.31258 -0.899
vn 0.28718 -0.24934 -0.92486
vn 0.33476 -0.26439 -0.90445
vn 0.31848 -0.2005 -0.92648
vn 0.3678 -0.20983 -0.90592
vn 0.33688 -0.1419 -0.93079
vn 0.33229 -0.14136 -0.93252
vn 0.34674 -0.085 -0.9341
vn 0.10752 -0.02877 -0.99379
vn 0.10607 -0.02882 -0.99394
vn -0.10313 0.0272 -0.9943
vn -0.14295 0.02607 -0.98939
vn -0.34855 0.07575 -0.93422
vn -0.39285 0.07484 -0.91655
vn -0.55707 0.11114 -0.823
vn -0.63761 0.04106 -0.76926
vn -0.79301 0.05602 -0.60662
vn -0.78591 0.05761 -0.61565
vn -0.92036 0.06912 -0.38492
vn -0.92035 0.06912 -0.38495
vn -0.98781 0.0745 -0.1367
vn -0.98886 -0.07405 -0.12911
vn -0.9885 -0.07341 -0.13217
vn -0.96682 -0.22104 -0.12804
vn -0.96554 -0.22045 0.13832
vn -0.96774 -0.21845 0.12554
vn -0.90823 -0.20143 0.3668
vn -0.84597 -0.31675 0.42895
vn -0.73788 -0.28062 0.61383
vn -0.68927 -0.39326 0.60849
vn -0.53358 -0.30974 0.78699
vn -0.48771 -0.39038 0.78086
vn -0.32045 -0.2632 0.90996
vn -0.28372 -0.30858 0.9079
vn -0.12742 -0.14743 0.98083
vn -0.11029 -0.16078 0.98081
vn 0.02615 0.03052 0.99919
vn 0.01249 0.03198 0.99941
vn 0.12527 0.26353 0.95648
vn 0.07593 0.27372 0.95881
vn 0.14578 0.46912 0.87102
vn -0.9887 -0.07261 0.13113
vn -0.97191 -0.04994 0.22999
vn -0.96576 -0.19735 0.16841
vn -0.88045 -0.1595 0.44651
vn -0.91473 -0.20439 0.34856
vn -0.77007 -0.17544 0.61336
vn -0.7688 -0.17456 0.6152
vn -0.59147 -0.14367 0.79342
vn -0.53289 -0.11443 0.83841
vn -0.36791 -0.09103 0.92539
vn -0.30329 -0.06296 0.95082
vn -0.11352 -0.03254 0.993
vn -0.05993 -0.0094 0.99816
vn 0.15068 0.02892 0.98816
vn 0.18899 0.04829 0.98079
vn 0.36942 0.09367 0.92453
vn 0.40553 0.11433 0.90691
vn 0.57097 0.15831 0.80556
vn 0.61069 0.23482 0.75625
vn 0.69714 0.27887 0.66047
vn 0.62922 0.35439 0.69173
vn 0.6591 0.38571 0.64562
vn 0.60064 0.45239 0.65923
vn 0.63898 0.50755 0.57802
vn 0.54417 0.55166 0.6321
vn 0.57275 0.62253 0.5333
vn 0.45948 0.6255 0.63058
vn 0.47098 0.72213 0.50666
vn 0.35308 0.67438 0.6485
vn 0.34039 0.75942 0.55445
vn 0.2403 0.68933 0.68343
vn 0.22495 0.78069 0.58302
vn 0.14321 0.74796 0.64811
vn 0.12308 0.81926 0.56006
vn 0.03214 0.76187 0.64694
vn 0.00071 0.83059 0.55689
vn -0.08794 0.748 0.65785
vn -0.13197 0.82218 0.55372
vn -0.21423 0.74855 0.62752
vn -0.26872 0.81778 0.50895
vn -0.3446 0.71827 0.60443
vn -0.36107 0.7306 0.57953
vn -0.44058 0.6523 0.61676
vn -0.45106 0.6595 0.60134
vn -0.53668 0.58104 0.61185
vn -0.60665 0.65369 0.45239
vn -0.71614 0.59357 0.36719
vn -0.74759 0.62199 0.23291
vn -0.77488 0.61749 0.13515
vn -0.76746 0.6281 -0.12842
vn -0.76739 0.62938 -0.12245
vn -0.72467 0.5996 -0.33961
vn -0.71536 0.57596 -0.39563
vn -0.62814 0.5064 -0.59076
vn -0.61865 0.49127 -0.61313
vn -0.48362 0.38556 -0.78578
vn -0.4731 0.37129 -0.79895
vn -0.30122 0.24012 -0.92283
vn -0.27949 0.21266 -0.9363
vn -0.08558 0.0709 -0.99381
vn -0.06968 0.05162 -0.99623
vn 0.13722 -0.10296 -0.98517
vn 0.13781 -0.07873 -0.98732
vn -0.99102 0.07102 -0.1133
vn -0.92102 0.06805 -0.38352
vn -0.92073 0.06782 -0.38427
vn -0.7866 0.06073 -0.61447
vn -0.7906 0.06282 -0.6091
vn -0.57747 0.04818 -0.81499
vn -0.61688 0.06643 -0.78425
vn -0.3322 0.03299 -0.94263
vn -0.37947 0.06287 -0.92306
vn -0.1093 0.02137 -0.99378
vn -0.11072 0.02214 -0.9936
vn 0.13605 -0.02748 -0.99032
vn 0.14551 -0.03204 -0.98884
vn 0.35732 -0.08009 -0.93054
vn 0.37561 -0.08921 -0.92248
vn 0.53479 -0.12649 -0.83547
vn 0.57548 -0.14897 -0.80413
vn 0.78014 -0.18467 -0.59773
vn 0.7558 -0.17192 -0.63183
vn 0.87511 -0.19114 -0.44457
vn 0.89678 -0.2078 -0.39064
vn 0.96109 -0.2169 -0.17108
vn 0.96382 -0.22197 -0.14755
vn 0.97235 -0.21777 0.0844
vn 0.96833 -0.22235 0.11358
vn 0.91627 -0.20387 0.34481
vn 0.90723 -0.20627 0.36658
vn 0.78673 -0.17191 0.59287
vn 0.78065 -0.17247 0.6007
vn 0.61071 -0.13086 0.78097
vn 0.59512 -0.13142 0.79282
vn 0.38969 -0.08384 0.91712
vn 0.37177 -0.08415 0.9245
vn 0.13176 -0.02886 0.99086
vn 0.1262 -0.02889 0.99158
vn -0.12702 0.02908 0.99147
vn -0.12912 0.02906 0.9912
vn -0.37413 0.08503 0.92347
vn -0.37494 0.085 0.92314
vn -0.59491 0.13525 0.79233
vn -0.59412 0.13532 0.79291
vn -0.77436 0.17701 0.60749
vn -0.77407 0.17706 0.60784
vn -0.89877 0.20733 0.3863
vn -0.9671 0.22036 0.12715
vn -0.92351 0.36168 0.12774
vn -0.86274 0.33672 0.37722
vn -0.80441 0.46072 0.37504
vn -0.69559 0.39621 0.59931
vn -0.63295 0.49561 0.59477
vn -0.49621 0.38447 0.77843
vn -0.43923 0.45651 0.77374
vn -0.29745 0.30232 0.90561
vn -0.25231 0.34734 0.90316
vn -0.12578 0.16304 0.97857
vn -0.09669 0.18455 0.97805
vn -3E-05 -0.01082 0.99994
vn 0.00895 -0.0061 0.99994
vn 0.07395 -0.20068 0.97686
vn 0.06203 -0.20555 0.97668
vn 0.09107 -0.37383 0.92302
vn -0.96665 0.22096 -0.12949
vn -0.98788 0.077 -0.1348
vn -0.92415 0.36107 0.12479
vn -0.86067 0.49431 0.12205
vn -0.80562 0.4606 0.37259
vn -0.73114 0.57566 0.36613
vn -0.63567 0.4963 0.59128
vn -0.56201 0.58868 0.58103
vn -0.44715 0.46063 0.76673
vn -0.38322 0.52971 0.75667
vn -0.27074 0.36172 0.89211
vn -0.21864 0.4065 0.8871
vn -0.1265 0.21688 0.96797
vn -0.08853 0.23855 0.96709
vn -0.02258 0.04073 0.99892
vn -0.0046 0.0475 0.99886
vn 0.02669 -0.13342 0.9907
vn -0.86109 0.49402 0.12032
vn -0.77889 0.61681 0.11348
vn -0.73196 0.5757 0.36443
vn -0.64284 0.68097 0.35077
vn -0.5639 0.58945 0.57841
vn -0.48109 0.67663 0.55743
vn -0.39021 0.53462 0.74961
vn -0.32173 0.60463 0.72864
vn -0.23982 0.42788 0.87144
vn -0.18017 0.47257 0.86268
vn -0.11805 0.28048 0.95257
vn -0.06821 0.29723 0.95237
vn -0.04207 0.12736 0.99096
vn -0.92236 0.36153 -0.1362
vn -0.96619 0.21908 -0.13593
vn -0.89737 0.20487 -0.39083
vn -0.77913 0.61668 0.11251
vn -0.67921 0.72717 0.0995
vn -0.64297 0.681 0.35048
vn -0.5396 0.77639 0.32566
vn -0.47942 0.67566 0.56003
vn -0.38829 0.76115 0.51951
vn -0.32092 0.6039 0.7296
vn -0.25444 0.68312 0.68455
vn -0.19523 0.49169 0.8486
vn -0.1308 0.53691 0.83344
vn -0.0999 0.35978 0.92768
vn -0.85766 0.49398 -0.14282
vn -0.92233 0.36127 -0.13707
vn -0.85386 0.33555 -0.3979
vn -0.89916 0.20682 -0.38566
vn -0.75868 0.17556 -0.62736
vn -0.67996 0.72687 0.09652
vn -0.56214 0.82337 0.07791
vn -0.53923 0.77627 0.32656
vn -0.41915 0.86059 0.28929
vn -0.37835 0.75327 0.53799
vn -0.27684 0.84135 0.46421
vn -0.22265 0.64951 0.72703
vn -0.17932 0.74004 0.64821
vn -0.1351 0.54386 0.82823
vn -0.77343 0.6156 -0.15114
vn -0.85761 0.49513 -0.13912
vn -0.79184 0.45849 -0.40345
vn -0.85751 0.34102 -0.38519
vn -0.71917 0.28648 -0.63302
vn -0.7739 0.18712 -0.60504
vn -0.55526 0.13382 -0.82084
vn -0.56532 0.82235 0.06441
vn -0.42919 0.90201 0.04659
vn -0.42275 0.86233 0.27869
vn -0.27984 0.92654 0.25142
vn -0.26365 0.82781 0.4952
vn -0.67053 0.72375 -0.16302
vn -0.77309 0.6176 -0.14455
vn -0.71202 0.57139 -0.4081
vn -0.79582 0.46695 -0.38552
vn -0.66582 0.39098 -0.63547
vn -0.73629 0.30445 -0.60431
vn -0.52951 0.21907 -0.81953
vn -0.59612 0.1625 -0.78628
vn -0.32704 0.0893 -0.94078
vn -0.43716 0.89935 0.00842
vn -0.28786 0.95767 -0.00205
vn -0.2976 0.93651 0.18541
vn -0.55 0.81466 -0.18394
vn -0.67028 0.72466 -0.15995
vn -0.6144 0.67136 -0.41449
vn -0.71514 0.58139 -0.38803
vn -0.59909 0.4877 -0.63501
vn -0.68217 0.41469 -0.60223
vn -0.49178 0.29749 -0.81832
vn -0.56512 0.25361 -0.78506
vn -0.31491 0.14023 -0.9387
vn -0.36743 0.12041 -0.92223
vn -0.09616 0.0298 -0.99492
vn -0.29744 0.95328 -0.05277
vn -0.27079 0.92466 -0.26771
vn -0.27966 0.89192 -0.35536
vn -0.24441 0.82567 -0.50846
vn -0.24615 0.79381 -0.55613
vn -0.19186 0.65527 -0.73062
vn -0.19185 0.66374 -0.72294
vn -0.12784 0.47301 -0.87173
vn -0.1281 0.46096 -0.87813
vn -0.07738 0.33274 -0.93984
vn -0.0631 0.19451 -0.97887
vn 0.00317 0.02711 -0.99963
vn 0.00822 -0.06509 -0.99785
vn 0.07237 -0.24347 -0.9672
vn 0.07769 -0.33115 -0.94038
vn 0.13829 -0.49153 -0.85981
vn 0.14117 -0.5642 -0.81348
vn 0.18906 -0.69401 -0.6947
vn 0.18695 -0.75829 -0.62454
vn 0.22271 -0.85011 -0.4772
vn 0.21902 -0.88085 -0.41968
vn 0.25195 -0.94131 -0.22464
vn 0.24327 -0.95759 -0.15442
vn 0.2578 -0.9658 0.02782
vn 0.23909 -0.96347 0.12065
vn 0.24097 -0.92569 0.29161
vn 0.22679 -0.91024 0.34646
vn 0.21982 -0.81805 0.53149
vn 0.18973 -0.77086 0.6081
vn 0.17409 -0.65542 0.73493
vn -0.41501 0.88333 -0.21793
vn -0.55128 0.81063 -0.19742
vn -0.49896 0.75077 -0.43287
vn -0.61532 0.67603 -0.40543
vn -0.51801 0.57659 -0.63183
vn -0.61238 0.51452 -0.60022
vn -0.44775 0.37287 -0.81271
vn -0.52319 0.33955 -0.78165
vn -0.29727 0.18976 -0.93575
vn -0.35371 0.17912 -0.91804
vn -0.10111 0.0492 -0.99366
vn -0.115 0.0441 -0.99239
vn 0.1285 -0.04878 -0.99051
vn -0.93799 -0.32063 0.13182
vn -0.97624 -0.18662 0.11012
vn -0.88007 -0.43665 0.18658
vn -0.93834 -0.33169 0.09743
vn -0.84904 -0.30906 0.4285
vn -0.80639 -0.55916 0.19255
vn -0.87444 -0.4771 0.08793
vn -0.78377 -0.4261 0.45182
vn -0.8681 -0.34049 0.3612
vn -0.70586 -0.28469 0.64862
vn -0.71481 -0.67152 0.19523
vn -0.79074 -0.60783 0.0726
vn -0.71139 -0.54029 0.44946
vn -0.80431 -0.49694 0.32578
vn -0.65678 -0.39295 0.64361
vn -0.64503 -0.39062 0.65678
vn -0.51544 -0.302 0.80195
vn -0.52673 -0.30464 0.79357
vn -0.35984 -0.19754 0.91186
vn -0.35219 -0.19547 0.91529
vn -0.12891 -0.06955 0.98921
vn -0.14937 -0.04839 0.9876
vn -0.06107 -0.02942 0.9977
vn -0.60836 -0.7705 0.19037
vn -0.68934 -0.72158 0.06426
vn -0.62681 -0.64714 0.43395
vn -0.71767 -0.61958 0.3179
vn -0.58275 -0.49835 0.64191
vn -0.63107 -0.50798 0.58627
vn -0.49934 -0.38754 0.7749
vn -0.50945 -0.39104 0.76651
vn -0.32724 -0.25201 0.91071
vn -0.48722 -0.8525 0.18937
vn -0.57696 -0.81468 0.05835
vn -0.52725 -0.74349 0.41138
vn -0.61662 -0.7234 0.31059
vn -0.52165 -0.59016 0.61611
vn -0.58288 -0.60521 0.5422
vn -0.44068 -0.46256 0.76932
vn -0.3529 -0.91584 0.19156
vn -0.45335 -0.88867 0.06882
vn -0.41384 -0.81909 0.39728
vn -0.52322 -0.77636 0.35143
vn -0.47101 -0.71538 0.51612
vn -0.03391 -0.97738 -0.20874
vn 0.09736 -0.99251 -0.07384
vn 0.0934 -0.87984 -0.46601
vn 0.1117 -0.90201 -0.41701
vn -0.20344 -0.96039 0.19041
vn -0.31264 -0.94795 0.06044
vn -0.28889 -0.8665 0.40709
vn -0.40826 -0.84243 0.35162
vn -0.34639 -0.71618 0.60588
vn -0.35109 -0.72016 0.59842
vn -0.26468 -0.54442 0.79596
vn -0.34937 -0.50758 0.7876
vn -0.21552 -0.31466 0.92441
vn -0.26869 -0.28807 0.91914
vn -0.09556 -0.10453 0.98992
vn -0.11678 -0.09345 0.98875
vn 0.07424 0.05895 0.9955
vn 0.08269 0.0537 0.99513
vn 0.28415 0.1745 0.94277
vn 0.29825 0.1377 0.9445
vn 0.37916 0.15905 0.91156
vn 0.1315 -0.97351 -0.18704
vn 0.27122 -0.95643 -0.10803
vn 0.2417 -0.8703 -0.42914
vn 0.38568 -0.83772 -0.38663
vn 0.32163 -0.71965 -0.61536
vn 0.43581 -0.65053 -0.622
vn 0.32831 -0.49822 -0.80249
vn 0.41322 -0.48068 -0.77344
vn -0.02782 -0.98702 0.15814
vn -0.16375 -0.98442 0.06413
vn -0.15154 -0.90482 0.39791
vn -0.27831 -0.89376 0.35177
vn -0.23609 -0.75712 0.60912
vn 0.28294 -0.94609 -0.15768
vn 0.42157 -0.89929 -0.11647
vn 0.38661 -0.83145 -0.39903
vn 0.51484 -0.77237 -0.372
vn 0.43765 -0.65926 -0.61143
vn 0.53753 -0.58675 -0.60563
vn 0.39546 -0.43296 -0.81004
vn 0.48569 -0.41892 -0.76721
vn 0.13281 -0.98062 0.14402
vn -0.01155 -0.99499 0.09935
vn -0.00801 -0.92061 0.39041
vn -0.14146 -0.92278 0.35843
vn -0.11949 -0.78272 0.6108
vn -0.23586 -0.75925 0.60656
vn -0.17874 -0.57866 0.79574
vn -0.26533 -0.54902 0.79257
vn -0.16447 -0.34255 0.92499
vn -0.21663 -0.31786 0.92306
vn -0.07158 -0.10705 0.99167
vn -0.09091 -0.09615 0.99121
vn 0.07753 0.08168 0.99364
vn 0.08695 0.07556 0.99334
vn 0.24753 0.20365 0.94724
vn 0.28883 0.17927 0.94045
vn 0.43827 0.27736 0.85498
vn 0.52086 0.29327 0.80168
vn 0.42641 -0.89339 -0.14154
vn 0.5551 -0.82291 -0.12118
vn 0.51494 -0.76421 -0.38836
vn 0.62745 -0.68215 -0.37547
vn 0.53682 -0.58476 -0.60817
vn 0.62177 -0.49908 -0.60359
vn 0.45829 -0.36817 -0.80896
vn 0.54286 -0.34534 -0.76553
vn 0.28605 -0.94849 0.13616
vn 0.14124 -0.98322 0.11544
vn 0.13288 -0.91103 0.39034
vn -0.00239 -0.92832 0.37178
vn -0.0006 -0.79067 0.61224
vn -0.11895 -0.78472 0.60834
vn -0.08938 -0.593 0.80023
vn -0.17876 -0.57601 0.79765
vn -0.10838 -0.35717 0.92773
vn -0.1639 -0.33954 0.9262
vn -0.0514 -0.11046 0.99255
vn -0.06995 -0.10256 0.99226
vn 0.08321 0.12224 0.98901
vn 0.09738 0.11704 0.98834
vn 0.25861 0.28176 0.92398
vn 0.28716 0.25443 0.92347
vn 0.46437 0.37573 0.80199
vn 0.55715 -0.81944 -0.13456
vn 0.67459 -0.72735 -0.12607
vn 0.62713 -0.67988 -0.38009
vn 0.72489 -0.5799 -0.37183
vn 0.6209 -0.49744 -0.60583
vn 0.69088 -0.39848 -0.60324
vn 0.68653 -0.39792 -0.60855
vn 0.74079 -0.2914 -0.60524
vn 0.54416 -0.21359 -0.81134
vn 0.60827 -0.14436 -0.78049
vn 0.35852 -0.09143 -0.92903
vn 0.39086 -0.03097 -0.91993
vn 0.12512 -0.01508 -0.99203
vn 0.13243 0.01059 -0.99114
vn -0.13128 -0.01023 -0.99129
vn -0.1267 -0.02759 -0.99156
vn -0.37446 -0.08475 -0.92336
vn -0.35122 -0.13692 -0.92623
vn -0.55983 -0.22126 -0.79852
vn -0.5188 -0.29793 -0.8013
vn -0.6691 -0.39003 -0.63259
vn -0.6055 -0.48 -0.6348
vn -0.69628 -0.56205 -0.44641
vn -0.60962 -0.65302 -0.44936
vn -0.65118 -0.71308 -0.25977
vn -0.54607 -0.7954 -0.26294
vn -0.5536 -0.82845 -0.0848
vn -0.43681 -0.89542 -0.08611
vn -0.42475 -0.90208 0.0764
vn -0.2999 -0.95149 0.06879
vn -0.28233 -0.93841 0.19917
vn 0.42715 -0.89386 0.13619
vn 0.28848 -0.94888 0.12808
vn 0.26837 -0.87793 0.3965
vn 0.13567 -0.91394 0.38249
vn 0.11815 -0.7765 0.61895
vn -0.00045 -0.79103 0.61178
vn 0.00137 -0.59705 0.8022
vn -0.0884 -0.59872 0.79607
vn -0.05138 -0.3455 0.93701
vn -0.10824 -0.35354 0.92914
vn -0.02673 -0.09935 0.99469
vn -0.04959 -0.1018 0.99357
vn 0.05832 0.12148 0.99088
vn 0.0853 0.12864 0.98802
vn 0.20229 0.32036 0.92545
vn 0.23436 0.34942 0.90718
vn 0.33143 0.50474 0.79711
vn 0.40417 0.55193 0.72939
vn 0.67585 -0.72385 -0.13882
vn 0.77983 -0.61945 -0.0902
vn 0.72355 -0.57513 -0.3817
vn 0.80499 -0.46593 -0.36729
vn 0.55669 -0.81859 0.14148
vn 0.4283 -0.89388 0.13247
vn 0.39794 -0.82538 0.40049
vn 0.27447 -0.88256 0.38178
vn 0.22653 -0.7301 0.6447
vn 0.12216 -0.783 0.60991
vn 0.09375 -0.56581 0.81919
vn 0.00558 -0.61006 0.79234
vn 0.00656 -0.35109 0.93632
vn -0.04365 -0.3918 0.91901
vn -0.01693 -0.11101 0.99367
vn -0.00809 -0.0873 0.99615
vn 0.01566 0.14528 0.98927
vn 0.02274 0.16391 0.98621
vn 0.05426 0.38744 0.9203
vn 0.05934 0.39957 0.91478
vn 0.08488 0.57826 0.81143
vn 0.12112 0.6406 0.75826
vn 0.78698 -0.59036 -0.17928
vn 0.86479 -0.49652 -0.07484
vn 0.79844 -0.45111 -0.39874
vn 0.86412 -0.33813 -0.37277
vn 0.73639 -0.28706 -0.61264
vn 0.77859 -0.16754 -0.60476
vn 0.59713 -0.13771 -0.79024
vn 0.64923 -0.04299 -0.75938
vn 0.39271 -0.03162 -0.91912
vn 0.41984 0.02736 -0.90719
vn 0.12998 0.01104 -0.99146
vn 0.13119 0.02895 -0.99093
vn -0.12505 -0.02759 -0.99177
vn -0.12011 -0.04607 -0.99169
vn -0.34714 -0.13631 -0.92785
vn -0.3231 -0.18425 -0.92826
vn -0.50415 -0.29365 -0.81216
vn -0.45711 -0.36078 -0.81295
vn -0.58179 -0.46979 -0.66395
vn -0.51053 -0.54511 -0.66499
vn -0.58301 -0.63834 -0.50262
vn -0.48922 -0.71198 -0.50373
vn -0.52183 -0.78085 -0.34346
vn -0.40993 -0.84639 -0.33998
vn -0.41683 -0.88723 -0.19766
vn -0.29413 -0.93956 -0.17527
vn -0.28865 -0.95649 -0.04259
vn 0.67977 -0.71819 0.1487
vn 0.56169 -0.81777 0.12552
vn 0.51092 -0.74456 0.42964
vn 0.41117 -0.83275 0.37076
vn 0.33929 -0.6768 0.65332
vn 0.2668 -0.7709 0.57839
vn 0.18088 -0.54668 0.81757
vn 0.18061 -0.53782 0.82348
vn 0.11234 -0.35251 0.92904
vn 0.11222 -0.35056 0.92979
vn 0.0359 -0.11105 0.99317
vn 0.03601 -0.11277 0.99297
vn -0.0442 0.13862 0.98936
vn -0.0439 0.13345 0.99008
vn -0.11402 0.37596 0.91959
vn -0.05414 0.34682 0.93637
vn -0.04948 0.39361 0.91795
vn -0.00355 0.39061 0.92055
vn 7E-05 0.40499 0.91432
vn 0.87064 -0.45482 -0.18742
vn 0.92842 -0.35403 -0.11267
vn 0.8563 -0.32655 -0.40014
vn 0.90655 -0.19618 -0.37375
vn 0.81546 -0.19017 -0.54668
vn 0.81592 -0.05562 -0.57549
vn 0.83815 -0.04751 -0.54337
vn 0.76155 0.04329 -0.64666
vn 0.7877 0.05734 -0.61339
vn 0.7316 0.17387 -0.65919
vn 0.60356 0.13341 -0.78607
vn 0.55086 0.22171 -0.80461
vn 0.36699 0.1433 -0.91912
vn 0.33586 0.19822 -0.92082
vn 0.14224 0.07939 -0.98664
vn 0.1245 0.10485 -0.98666
vn -0.04257 -0.03927 -0.99832
vn -0.04314 -0.03865 -0.99832
vn -0.16887 -0.19056 -0.96704
vn -0.14794 -0.20708 -0.96707
vn -0.2322 -0.3535 -0.90616
vn -0.18806 -0.37946 -0.9059
vn -0.23681 -0.51138 -0.82608
vn -0.17302 -0.54272 -0.8219
vn -0.19676 -0.66266 -0.72261
vn 0.77616 -0.59204 0.21692
vn 0.77167 -0.62105 0.1372
vn 0.68755 -0.5729 0.44616
vn 0.67042 -0.66242 0.33427
vn 0.54317 -0.5381 0.64453
vn 0.55693 -0.5863 0.58829
vn 0.41172 -0.43436 0.80114
vn 0.4129 -0.43684 0.79918
vn 0.25787 -0.2753 0.92613
vn 0.25903 -0.27745 0.92516
vn 0.08667 -0.09275 0.99191
vn 0.08688 -0.09313 0.99186
vn -0.0902 0.0967 0.99122
vn -0.09148 0.09892 0.99088
vn -0.26119 0.28092 0.92351
vn -0.26393 0.28577 0.92124
vn -0.41319 0.44628 0.79379
vn -0.41537 0.45038 0.79033
vn -0.53617 0.57994 0.61334
vn 0.92803 -0.34739 -0.13448
vn 0.96775 -0.21394 -0.13301
vn 0.92883 -0.21683 -0.30045
vn 0.93178 -0.07298 -0.35562
vn 0.90815 -0.08336 -0.41027
vn 0.92381 0.05458 -0.37895
vn 0.87021 -0.47108 0.14426
vn 0.86295 -0.50298 0.04824
vn 0.76749 -0.44948 0.45708
vn 0.76707 -0.55555 0.32089
vn 0.61943 -0.44873 0.64416
vn 0.64192 -0.5017 0.57986
vn 0.47094 -0.36796 0.80176
vn 0.47681 -0.37669 0.7942
vn 0.29739 -0.23541 0.92528
vn 0.29764 -0.23575 0.92511
vn 0.10063 -0.08021 0.99169
vn 0.10026 -0.07973 0.99176
vn -0.10289 0.08182 0.99132
vn -0.10367 0.08279 0.99116
vn -0.29912 0.23822 0.924
vn -0.30087 0.24044 0.92286
vn -0.47232 0.37666 0.7969
vn -0.4757 0.38121 0.79271
vn -0.58646 0.46851 0.66072
vn -0.60883 0.50299 0.61345
vn -0.70753 0.57303 0.41357
vn 0.99424 -0.09482 -0.05
vn 0.96655 -0.20961 -0.14781
vn 0.96906 -0.20193 0.14191
vn 0.93728 -0.34111 0.07182
vn 0.86855 -0.33026 0.36952
vn 0.84542 -0.30485 0.43856
vn 0.78758 -0.30095 0.53772
vn 0.7563 -0.27703 0.59268
vn 0.61322 -0.24156 0.75207
vn 0.57287 -0.21457 0.79106
vn 0.42084 -0.17134 0.89081
vn 0.35955 -0.13326 0.92356
vn 0.19272 -0.08273 0.97776
vn 0.12536 -0.04232 0.99121
vn -0.05441 0.0142 0.99842
vn -0.11393 0.05028 0.99222
vn -0.30439 0.11368 0.94574
vn -0.3434 0.14137 0.92849
vn -0.49811 0.20863 0.84164
vn -0.50069 0.28906 0.81594
vn -0.52233 0.30824 0.79509
vn 0.93776 -0.34043 0.0687
vn 0.97908 -0.03659 -0.20017
vn 0.99513 0.07506 -0.06394
vn 0.90407 0.06678 -0.42214
vn 0.91244 0.20252 -0.35557
vn 0.77556 0.16809 -0.60848
vn 0.74056 0.28994 -0.60622
vn 0.57893 0.22412 -0.78397
vn 0.53173 0.31022 -0.78805
vn 0.35955 0.20514 -0.9103
vn 0.31949 0.26072 -0.91102
vn 0.1612 0.12363 -0.97915
vn 0.13371 0.15287 -0.97916
vn 0.00757 -6E-05 -0.99997
vn -0.00251 0.00793 -0.99997
vn -0.09242 -0.14772 -0.9847
vn -0.08092 -0.15393 -0.98476
vn -0.13793 -0.30495 -0.94233
vn -0.10178 -0.3183 -0.94251
vn -0.13013 -0.45615 -0.88034
vn 0.9761 0.11462 -0.18466
vn 0.96952 0.23223 -0.0781
vn 0.8906 0.21207 -0.40232
vn 0.86916 0.34131 -0.35787
vn 0.74187 0.28992 -0.60462
vn 0.69374 0.4025 -0.59726
vn 0.55011 0.31465 -0.77354
vn 0.49244 0.39855 -0.77373
vn 0.35347 0.27708 -0.89347
vn 0.30059 0.3336 -0.89351
vn 0.18361 0.19003 -0.96446
vn 0.14294 0.22285 -0.96432
vn 0.0554 0.06946 -0.99605
vn 0.0317 0.08317 -0.99603
vn -0.02687 -0.07294 -0.99697
vn -0.03011 -0.0721 -0.99694
vn -0.06183 -0.23019 -0.97118
vn 0.97391 -0.05023 0.22131
vn 0.99 -0.09109 0.10774
vn 0.90833 -0.09363 0.40763
vn 0.91208 -0.21219 0.35084
vn 0.80861 -0.1759 0.56143
vn 0.94958 0.26091 -0.17384
vn 0.92387 0.37377 -0.08221
vn 0.85172 0.34596 -0.39355
vn 0.80427 0.46881 -0.36518
vn 0.6998 0.40335 -0.58956
vn 0.63156 0.50982 -0.58413
vn 0.52057 0.41051 -0.74866
vn 0.44586 0.49113 -0.74833
vn 0.34658 0.36619 -0.86359
vn 0.27752 0.42235 -0.8629
vn 0.199 0.28107 -0.93883
vn 0.14254 0.31624 -0.93791
vn 0.08649 0.1634 -0.98276
vn 0.04843 0.18296 -0.98193
vn 0.01409 0.02242 -0.99965
vn 0.97336 0.11605 0.19776
vn 0.9974 0.04328 0.05766
vn 0.91136 0.04039 0.40962
vn 0.94089 -0.06991 0.33143
vn 0.80307 -0.05904 0.59296
vn 0.78824 -0.17897 0.58877
vn 0.66259 -0.14111 0.73557
vn 0.90034 0.39922 -0.17324
vn 0.85526 0.50643 -0.1098
vn 0.80125 0.46904 -0.37149
vn 0.72665 0.58714 -0.35671
vn 0.65233 0.51643 -0.55477
vn 0.55993 0.61446 -0.55581
vn 0.48664 0.51731 -0.70397
vn 0.39118 0.5912 -0.70531
vn 0.32981 0.47415 -0.81634
vn 0.24152 0.52631 -0.81527
vn 0.19541 0.39204 -0.89896
vn 0.11928 0.42401 -0.89777
vn 0.08721 0.2611 -0.96136
vn 0.94446 0.26154 0.19896
vn 0.98019 0.18784 0.06274
vn 0.8916 0.17383 0.41813
vn 0.93779 0.06591 0.34088
vn 0.79728 0.0612 0.6005
vn 0.79971 -0.06023 0.59736
vn 0.63013 -0.04354 0.77527
vn 0.60917 -0.14309 0.78002
vn 0.44833 -0.0958 0.88872
vn 0.85847 0.5039 -0.09551
vn 0.7721 0.62256 -0.12763
vn 0.7448 0.58863 -0.31431
vn 0.63675 0.69359 -0.33685
vn 0.59646 0.63323 -0.49321
vn 0.47799 0.71662 -0.50791
vn 0.44053 0.63579 -0.6338
vn 0.32287 0.6973 -0.63995
vn 0.29367 0.59657 -0.7469
vn 0.18499 0.63691 -0.74842
vn 0.16766 0.52057 -0.83719
vn 0.90636 0.3882 0.16678
vn 0.93856 0.34227 0.04427
vn 0.85238 0.30369 0.42569
vn 0.91466 0.20458 0.34863
vn 0.76718 0.17309 0.61764
vn 0.78825 0.05655 0.61275
vn 0.61261 0.04885 0.78888
vn 0.61108 -0.04778 0.79013
vn 0.40518 -0.02773 0.91382
vn 0.39351 -0.09516 0.91438
vn 0.20632 -0.04132 0.97761
vn 0.78871 0.61259 -0.05158
vn 0.68067 0.72631 -0.09573
vn 0.66999 0.70132 -0.24342
vn 0.53763 0.79137 -0.29101
vn 0.52385 0.75042 -0.40306
vn 0.38434 0.8169 -0.43007
vn 0.37332 0.75878 -0.53374
vn 0.23413 0.80506 -0.54503
vn 0.22561 0.70782 -0.66939
vn 0.85884 0.51223 0.00405
vn 0.8617 0.47096 0.18886
vn 0.77981 0.61351 0.12447
vn 0.78093 0.59176 0.1999
vn 0.68438 0.70875 0.17117
vn 0.68599 0.69121 0.22725
vn 0.58129 0.78196 0.22504
vn 0.57859 0.79367 0.18796
vn 0.47533 0.82441 0.30725
vn 0.44206 0.88604 0.1397
vn 0.3299 0.8977 0.29207
vn 0.30079 0.93792 0.17269
vn 0.7005 0.71341 0.01866
vn 0.57587 0.81515 -0.06249
vn 0.57754 0.80562 -0.13197
vn 0.43017 0.87496 -0.22227
vn 0.43161 0.86225 -0.26502
vn 0.2774 0.90806 -0.31381
vn 0.28186 0.8772 -0.38869
vn 0.59664 0.7908 0.13659
vn 0.48066 0.87667 -0.02021
vn 0.46433 0.8834 0.06331
vn 0.32297 0.93806 -0.12548
vn 0.31779 0.94334 -0.09544
vn -0.98661 -0.08472 -0.13936
vn -0.93048 -0.07136 -0.35933
vn -0.92441 -0.07474 -0.37401
vn -0.79326 -0.05986 -0.60593
vn -0.79316 -0.05989 -0.60606
vn -0.59839 -0.04147 -0.80013
vn -0.60657 -0.03934 -0.79405
vn -0.45768 -0.02048 -0.88888
vn -0.30509 -0.03431 -0.95171
vn -0.14122 -0.00457 -0.98997
vn -0.10172 -0.00939 -0.99477
vn 0.13421 0.01221 -0.99088
vn 0.14316 0.01092 -0.98964
vn 0.38572 0.03095 -0.9221
vn 0.3907 0.03011 -0.92003
vn 0.59808 0.04293 -0.80029
vn 0.64593 0.02934 -0.76283
vn 0.70918 0.02919 -0.70442
vn 0.81147 -0.05491 -0.58181
vn 0.87192 -0.05775 -0.48624
vn 0.90756 -0.07604 -0.41298
vn 0.97186 -0.07201 -0.22428
vn 0.98028 -0.07922 -0.18102
vn 0.99748 -0.06984 0.01233
vn 0.99345 -0.0798 0.08178
vn 0.96182 -0.06624 0.26555
vn 0.93857 -0.07548 0.33673
vn 0.85683 -0.05637 0.51251
vn 0.81881 -0.06411 0.57048
vn 0.65801 -0.03435 0.75223
vn 0.62457 -0.03972 0.77995
vn 0.43633 -0.02062 0.89955
vn 0.38587 -0.0294 0.92209
vn 0.14854 -0.00836 0.98887
vn 0.13326 -0.01075 0.99102
vn -0.12455 0.01012 0.99216
vn -0.12969 0.00929 0.99151
vn -0.38073 0.02868 0.92424
vn -0.38229 0.02838 0.92361
vn -0.60769 0.04541 0.79287
vn -0.60626 0.04575 0.79395
vn -0.79273 0.05933 0.60668
vn -0.7873 0.06117 0.61353
vn -0.92151 0.07169 0.38169
vn -0.92038 0.07234 0.38427
vn -0.98496 0.0816 0.15228
vn -0.36718 0.0208 -0.92992
vn -0.09734 -0.00232 -0.99525
vn -0.12289 0.00739 -0.99239
vn 0.14157 -0.00858 -0.98989
vn 0.14562 -0.00985 -0.98929
vn 0.38052 -0.02707 -0.92438
vn 0.38816 -0.02954 -0.92112
vn 0.55936 -0.04594 -0.82765
vn 0.60229 -0.06552 -0.79559
vn 0.72187 -0.08466 -0.68684
vn 0.89796 0.04902 -0.43734
vn 0.80092 0.06059 -0.59569
vn 0.79535 0.16116 -0.58434
vn 0.77764 0.16417 -0.6069
vn 0.77459 0.28405 -0.56509
vn 0.73517 0.28319 -0.6159
vn 0.70201 0.39632 -0.5917
vn 0.6856 0.39329 -0.6126
vn 0.62665 0.49598 -0.6011
vn 0.61989 0.49361 -0.60999
vn 0.54267 0.58339 -0.60428
vn 0.53929 0.5816 -0.60902
vn 0.44831 0.65702 -0.60609
vn 0.44667 0.6558 -0.60861
vn 0.34458 0.71518 -0.6081
vn 0.34409 0.71469 -0.60895
vn 0.2322 0.75831 -0.60914
vn 0.22081 0.73967 -0.63571
vn 0.11808 0.73677 -0.66576
vn 0.08874 0.63566 -0.76685
vn 0.00768 0.61747 -0.78656
vn 0.00408 0.60348 -0.79737
vn -0.08274 0.60235 -0.79393
vn -0.08432 0.5734 -0.81492
vn -0.15054 0.5275 -0.83611
vn -0.11405 0.37066 -0.92174
vn -0.11426 0.35869 -0.92644
vn -0.04769 0.13442 -0.98978
vn -0.04782 0.14935 -0.98763
vn 0.01925 -0.07064 -0.99732
vn 0.03354 -0.05564 -0.99789
vn 0.03554 -0.06356 -0.99735
vn 0.04646 -0.06071 -0.99707
vn 0.0708 -0.11515 -0.99082
vn 0.09718 -0.09269 -0.99094
vn 0.11754 -0.12612 -0.98503
vn 0.13887 -0.10368 -0.98487
vn 0.96622 0.06318 -0.24986
vn 0.94216 0.06689 -0.32843
vn 0.88627 0.17637 -0.42827
vn 0.99783 0.06518 0.00956
vn 0.98433 0.0766 -0.15882
vn 0.96714 0.20832 -0.14576
vn 0.93079 0.21313 -0.29699
vn 0.87599 0.32502 -0.35637
vn 0.87039 0.32558 -0.36934
vn 0.81165 0.45456 -0.36687
vn 0.80246 0.45431 -0.38685
vn 0.72916 0.57362 -0.37322
vn 0.72328 0.57259 -0.38601
vn 0.63185 0.67709 -0.37724
vn 0.62885 0.67608 -0.38402
vn 0.52204 0.76385 -0.3795
vn 0.52057 0.76309 -0.38301
vn 0.40152 0.83285 -0.38096
vn 0.40089 0.8324 -0.38262
vn 0.27347 0.8827 -0.38218
vn 0.25749 0.86542 -0.42983
vn 0.12812 0.91379 -0.38544
vn 0.10737 0.83954 -0.53258
vn -0.00728 0.79298 -0.6092
vn -0.00272 0.80893 -0.5879
vn -0.11119 0.77706 -0.61953
vn -0.1139 0.74053 -0.6623
vn -0.20409 0.7155 -0.66814
vn -0.18228 0.58868 -0.78755
vn -0.26375 0.57712 -0.77289
vn -0.25914 0.54516 -0.79727
vn -0.35742 0.54111 -0.76122
vn -0.34327 0.4986 -0.79597
vn -0.42866 0.46439 -0.77498
vn -0.41726 0.44264 -0.7937
vn 0.96218 0.06227 0.26522
vn 0.99205 0.07715 0.09939
vn 0.97539 0.1955 0.10192
vn 0.97037 0.21293 -0.11417
vn 0.94056 0.33964 0.00016
vn 0.92776 0.35852 -0.10356
vn 0.87508 0.47924 -0.06755
vn 0.86271 0.4875 -0.13444
vn 0.78382 0.61089 -0.11152
vn 0.77823 0.61296 -0.13653
vn 0.67863 0.72406 -0.12326
vn 0.67611 0.72455 -0.1338
vn 0.56048 0.81835 -0.12715
vn 0.55931 0.81839 -0.13196
vn 0.43104 0.89309 -0.12884
vn 0.43049 0.89302 -0.13111
vn 0.29297 0.94727 -0.12982
vn 0.29009 0.9464 -0.14205
vn 0.14809 0.97935 -0.13762
vn 0.13181 0.89441 -0.42739
vn -0.00489 0.95248 -0.30456
vn -0.01855 0.92943 -0.36853
vn -0.13634 0.91721 -0.37436
vn -0.14258 0.88282 -0.44755
vn -0.25725 0.8511 -0.45766
vn -0.24316 0.78204 -0.57384
vn -0.31942 0.70149 -0.63709
vn 0.86074 0.05807 0.50572
vn 0.93018 0.07398 0.35957
vn 0.92044 0.20129 0.33506
vn 0.94943 0.21173 0.23183
vn 0.93624 0.33773 0.09692
vn 0.6922 0.0487 0.72006
vn 0.80668 0.06907 0.58694
vn 0.80339 0.17925 0.56783
vn 0.89179 0.20711 0.40226
vn 0.8629 0.32931 0.38334
vn 0.90227 0.35546 0.24404
vn 0.86092 0.4779 0.17445
vn 0.86221 0.4822 0.15513
vn 0.78085 0.60895 0.13948
vn 0.78075 0.61097 0.13092
vn 0.6881 0.7134 0.1326
vn 0.68246 0.72836 0.06115
vn 0.57943 0.79949 0.15835
vn 0.56419 0.82372 0.05637
vn 0.44879 0.87019 0.20337
vn 0.43248 0.89605 0.10024
vn 0.30343 0.93597 0.17859
vn 0.29279 0.94944 0.11331
vn 0.15195 0.97801 0.14285
vn 0.14836 0.98113 0.12399
vn 0.00048 0.99126 0.13195
vn -0.00059 0.99185 -0.12741
vn -0.00327 0.99013 -0.14014
vn 0.44347 0.04725 0.89504
vn 0.40916 0.0335 0.91185
vn 0.158 0.01382 0.98734
vn 0.14671 0.01014 0.98913
vn -0.11831 -0.00799 0.99294
vn -0.12428 -0.00991 0.9922
vn -0.37758 -0.02777 0.92556
vn -0.3806 -0.02882 0.92429
vn -0.60646 -0.04524 0.79382
vn -0.60761 -0.0457 0.79292
vn -0.91347 -0.05657 0.40296
vn -0.79252 -0.05935 0.60694
vn -0.78781 -0.05692 0.61329
vn -0.9277 -0.06717 0.36723
vn -0.41926 0.86999 -0.25951
vn 0.95175 -0.21403 0.21993
vn 0.66411 -0.72023 0.20059
vn -0.10868 0.2696 -0.95682
vn -0.19283 0.51481 -0.83534
vn -0.19768 0.4319 -0.87999
vn -0.3019 0.66138 -0.68661
vn -0.30144 0.65632 -0.69165
vn -0.37149 0.77431 -0.51228
vn -0.37193 0.80163 -0.46803
vn -0.01692 0.0288 -0.99944
vn -0.0175 0.03387 -0.99927
vn -0.0197 0.03464 -0.99921
vn -0.0149 0.01514 -0.99977
vn -0.01423 0.01506 -0.99979
vn -0.03633 0.06036 -0.99752
vn -0.05141 0.04234 -0.99778
vn -0.0865 0.09658 -0.99156
vn -0.10509 0.07508 -0.99162
vn -0.10106 0.06991 -0.99242
vn -0.11707 0.06487 -0.991
vn 0.09143 -0.24047 -0.96634
vn 0.08457 -0.19409 -0.97733
vn 0.10526 -0.19075 -0.97598
vn 0.1002 -0.17204 -0.97998
vn 0.12723 -0.16882 -0.9774
vn 0.11652 -0.14466 -0.9826
vn 0.13614 -0.13838 -0.98098
vn 0.1147 -0.10382 -0.98796
vn 0.12347 -0.09637 -0.98766
vn 0.10918 -0.07841 -0.99092
vn 0.1194 -0.06827 -0.9905
vn 0.11406 -0.06314 -0.99147
vn 0.13052 -0.0502 -0.99017
vn 0.18506 -0.47577 -0.85988
vn 0.17826 -0.42752 -0.88626
vn 0.22554 -0.41 -0.88376
vn 0.2168 -0.377 -0.90048
vn 0.26527 -0.35676 -0.89574
vn 0.25528 -0.33266 -0.90784
vn 0.30371 -0.30893 -0.90129
vn 0.28924 -0.28442 -0.91403
vn 0.32974 -0.25377 -0.90932
vn 0.31515 -0.23529 -0.91941
vn 0.34596 -0.19699 -0.91734
vn 0.33427 -0.18581 -0.92398
vn 0.35953 -0.14417 -0.92193
vn 0.3422 -0.13185 -0.93033
vn 0.26433 -0.67666 -0.68721
vn 0.25987 -0.63109 -0.73088
vn 0.33024 -0.60061 -0.72815
vn 0.32277 -0.56795 -0.75713
vn 0.39116 -0.52903 -0.75308
vn 0.38328 -0.50785 -0.77148
vn 0.45003 -0.46061 -0.76506
vn 0.44093 -0.44382 -0.78013
vn 0.50185 -0.38744 -0.77333
vn 0.49233 -0.37465 -0.78566
vn 0.54178 -0.30755 -0.78223
vn 0.53416 -0.29995 -0.79038
vn 0.5679 -0.22441 -0.79192
vn 0.55979 -0.21841 -0.79933
vn 0.32041 -0.81903 -0.47596
vn 0.3202 -0.78879 -0.52468
vn 0.41128 -0.74729 -0.52193
vn 0.40758 -0.72158 -0.55964
vn 0.49314 -0.66773 -0.55762
vn 0.48851 -0.65149 -0.58045
vn 0.57002 -0.58482 -0.57712
vn 0.56512 -0.57385 -0.59274
vn 0.63964 -0.49487 -0.58818
vn 0.63448 -0.48679 -0.60038
vn 0.69778 -0.3957 -0.5971
vn 0.69342 -0.39074 -0.60538
vn 0.73971 -0.28748 -0.60843
vn 0.7408 -0.28836 -0.60669
vn 0.35565 -0.90474 -0.23444
vn 0.35967 -0.88966 -0.28134
vn 0.46298 -0.83997 -0.28303
vn 0.46419 -0.82455 -0.32347
vn 0.56232 -0.76108 -0.32336
vn 0.56146 -0.75037 -0.34887
vn 0.6542 -0.67135 -0.34831
vn 0.65256 -0.66454 -0.36408
vn 0.73687 -0.57053 -0.36266
vn 0.73483 -0.56559 -0.37434
vn 0.80716 -0.45844 -0.37193
vn 0.80408 -0.45346 -0.38449
vn 0.86154 -0.3365 -0.38016
vn 0.85452 -0.32856 -0.40229
vn 0.36512 -0.93014 0.0392
vn 0.37627 -0.92626 -0.02168
vn 0.48277 -0.87548 -0.02171
vn 0.48956 -0.86947 -0.06593
vn 0.59309 -0.8024 -0.06641
vn 0.59635 -0.79723 -0.09376
vn 0.69494 -0.71286 -0.09423
vn 0.69621 -0.70934 -0.11015
vn 0.78603 -0.60815 -0.11098
vn 0.78637 -0.60591 -0.12037
vn 0.86329 -0.48975 -0.12194
vn 0.86323 -0.48788 -0.12965
vn 0.92359 -0.35999 -0.1319
vn 0.92291 -0.35719 -0.14371
vn 0.34919 -0.8909 0.29046
vn 0.36391 -0.90032 0.23875
vn 0.4686 -0.85015 0.24013
vn 0.48135 -0.85442 0.19563
vn 0.58296 -0.78871 0.19518
vn 0.59072 -0.78932 0.1674
vn 0.68834 -0.70594 0.16685
vn 0.69262 -0.70539 0.15067
vn 0.78224 -0.60471 0.14974
vn 0.78437 -0.60404 0.14107
vn 0.86188 -0.48782 0.13856
vn 0.86298 -0.48726 0.13362
vn 0.92445 -0.35908 0.12827
vn 0.92626 -0.35772 0.11867
vn 0.3083 -0.78949 0.53071
vn 0.32852 -0.81143 0.48338
vn 0.42212 -0.76684 0.4835
vn 0.4401 -0.78067 0.44369
vn 0.5328 -0.72112 0.44283
vn 0.5449 -0.72742 0.41707
vn 0.63458 -0.65097 0.41659
vn 0.64207 -0.65344 0.40095
vn 0.72493 -0.5603 0.40067
vn 0.72914 -0.56101 0.39194
vn 0.80147 -0.45273 0.39075
vn 0.80339 -0.45277 0.38673
vn 0.86233 -0.33249 0.38189
vn 0.86381 -0.33232 0.37869
vn 0.24618 -0.63242 0.73447
vn 0.27108 -0.6656 0.69534
vn 0.34654 -0.63095 0.69413
vn 0.3692 -0.653 0.66128
vn 0.44576 -0.60414 0.66054
vn 0.46201 -0.61563 0.63839
vn 0.53719 -0.55161 0.63809
vn 0.54787 -0.55701 0.62416
vn 0.61785 -0.47796 0.62435
vn 0.62461 -0.48023 0.61583
vn 0.68558 -0.38737 0.61638
vn 0.68988 -0.38816 0.61106
vn 0.73923 -0.28387 0.6107
vn 0.74238 -0.284 0.60681
vn 0.26285 0.82031 0.50794
vn 0.2592 0.84557 0.46671
vn 0.39478 0.8072 0.43883
vn 0.39641 0.77762 0.48802
vn 0.51942 0.74435 0.41969
vn 0.51532 0.70876 0.48177
vn 0.62903 0.65419 0.41995
vn 0.62625 0.64346 0.44019
vn 0.72051 0.55498 0.41577
vn 0.72038 0.55464 0.41645
vn 0.80171 0.45143 0.39176
vn 0.79974 0.44749 0.4002
vn 0.87046 0.33521 0.36046
vn 0.2105 0.66019 0.721
vn 0.21096 0.70421 0.67792
vn 0.32296 0.6622 0.67616
vn 0.32418 0.67347 0.66434
vn 0.43179 0.62944 0.64604
vn 0.42821 0.6152 0.66194
vn 0.53001 0.56464 0.63267
vn 0.52413 0.55055 0.64976
vn 0.61439 0.4827 0.62412
vn 0.61187 0.4784 0.62988
vn 0.68485 0.39158 0.61452
vn 0.68142 0.38716 0.62111
vn 0.74533 0.294 0.59837
vn 0.735 0.28379 0.61582
vn 0.77234 0.17698 0.61006
vn 0.07086 0.22259 0.97233
vn 0.01074 0.05141 0.99862
vn 0.00366 -0.01199 0.99992
vn -0.05094 -0.15585 0.98647
vn -0.06357 -0.23162 0.97073
vn -0.11943 -0.37281 0.92019
vn -0.13134 -0.46224 0.87697
vn -0.18055 -0.589 0.78771
vn -0.18616 -0.64318 0.74274
vn -0.23565 -0.76473 0.59972
vn -0.23333 -0.82987 0.50683
vn -0.24032 -0.85646 0.45687
vn -0.28257 -0.90808 0.3091
vn -0.26738 -0.91299 -0.30814
vn -0.26284 -0.8635 -0.43044
vn -0.24288 -0.83024 -0.50171
vn -0.22736 -0.72185 -0.65363
vn -0.91094 -0.22662 -0.34471
vn -0.92326 -0.2216 -0.31381
vn -0.86744 -0.35083 -0.3528
vn -0.78791 -0.183 -0.58797
vn -0.77462 -0.1855 -0.60461
vn -0.7719 -0.31045 -0.55479
vn -0.71065 -0.31565 -0.62876
vn -0.7154 -0.44095 -0.54201
vn -0.69733 -0.43845 -0.567
vn -0.62711 -0.53819 -0.5631
vn -0.72702 -0.60554 -0.32367
vn -0.63217 -0.66433 -0.39877
vn -0.63402 -0.12388 -0.76333
vn -0.58461 -0.13152 -0.80058
vn -0.59213 -0.22807 -0.77289
vn -0.56622 -0.22719 -0.79233
vn -0.55515 -0.32216 -0.76683
vn -0.51968 -0.31492 -0.7942
vn -0.51404 -0.41868 -0.74864
vn -0.44403 -0.39612 -0.80369
vn -0.43636 -0.50217 -0.74661
vn -0.41697 -0.49049 -0.76521
vn -0.3455 -0.55899 -0.75376
vn -0.44156 -0.68939 -0.57426
vn -0.33857 -0.72309 -0.60208
vn -0.40362 -0.85173 -0.33414
vn -0.28719 -0.86854 -0.40392
vn -0.37318 -0.08124 -0.92419
vn -0.3846 -0.08758 -0.91892
vn -0.13904 -0.03675 -0.9896
vn -0.1427 -0.03869 -0.98901
vn 0.10854 0.02994 -0.99364
vn 0.1089 0.04455 -0.99305
vn 0.35581 0.14024 -0.92398
vn 0.33569 0.19453 -0.92167
vn 0.5265 0.30438 -0.79382
vn 0.48077 0.38281 -0.78887
vn 0.1349 0.03014 -0.9904
vn 0.36772 0.0869 -0.92587
vn 0.38426 0.08672 -0.91914
vn 0.58918 0.13526 -0.7966
vn 0.63224 0.13222 -0.76341
vn 0.6493 0.1505 0.74549
vn 0.58832 0.0683 0.80574
vn 0.76587 0.18197 0.61671
vn -0.74028 0.28949 0.60678
vn -0.5715 0.22223 0.78994
vn -0.5695 0.22211 0.79142
vn -0.36152 0.14014 0.92177
vn -0.35892 0.13986 0.92283
vn -0.12664 0.04876 0.99075
vn -0.12342 0.04832 0.99118
vn 0.1173 -0.04594 0.99203
vn 0.12144 -0.04653 0.99151
vn 0.35273 -0.13702 0.92564
vn 0.36054 -0.13805 0.92247
vn 0.56457 -0.2177 0.79616
vn 0.57273 -0.21855 0.79007
vn -0.53381 0.30443 0.7889
vn -0.34332 0.19395 0.91897
vn -0.33758 0.19247 0.92141
vn -0.12426 0.0695 0.98981
vn -0.11787 0.06768 0.99072
vn 0.10372 -0.05966 0.99282
vn 0.11016 -0.06155 0.99201
vn 0.3244 -0.18449 0.92776
vn 0.33139 -0.18648 0.92488
vn 0.5227 -0.29613 0.79943
vn 0.52952 -0.29786 0.79429
vn -0.31189 0.2433 0.91844
vn -0.12311 0.09328 0.988
vn -0.11202 0.08836 0.98977
vn 0.08464 -0.06719 0.99414
vn 0.09555 -0.07215 0.99281
vn 0.28654 -0.22294 0.93177
vn 0.29663 -0.22743 0.92752
vn 0.46836 -0.36302 0.80552
vn 0.47725 -0.36667 0.79862
vn -0.33821 0.24785 -0.90784
vn -0.10667 0.11252 0.98791
vn 0.06 -0.06478 0.99609
vn 0.07719 -0.07568 0.99414
vn 0.23984 -0.24826 0.93853
vn 0.25551 -0.25805 0.93173
vn 0.40262 -0.41434 0.81622
vn 0.41608 -0.42224 0.80535
vn -0.47269 0.4194 -0.77503
vn -0.28598 0.241 -0.92743
vn -0.32392 0.36125 -0.8744
vn -0.21391 0.20305 -0.95552
vn -0.21558 0.30613 -0.92726
vn -0.13585 0.16097 -0.97756
vn -0.13598 0.22627 -0.96453
vn -0.40009 0.45802 -0.79382
vn -0.37159 0.4019 -0.8369
vn -0.33172 0.51484 -0.79051
vn -0.25916 0.34989 -0.90023
vn -0.24749 0.46784 -0.84845
vn -0.12946 0.22097 -0.96665
vn -0.12469 0.28654 -0.94992
vn 0.05555 -0.06868 0.99609
vn 0.18595 -0.25555 0.94874
vn 0.20883 -0.27475 0.93857
vn 0.32741 -0.44528 0.83338
vn 0.34745 -0.46126 0.81641
vn -0.5201 0.58207 -0.62505
vn -0.41584 0.63865 -0.64745
vn -0.49773 0.73954 -0.45315
vn -0.40588 0.6017 -0.68791
vn 0.27324 -0.47995 0.83366
vn 0.24629 -0.45102 0.85786
vn 0.15841 -0.27333 0.94879
vn 0.19499 -0.47376 0.8588
vn -0.88068 -0.37834 -0.28507
vn -0.34527 -0.12779 -0.92976
vn -0.1301 -0.05213 -0.99013
vn -0.35454 -0.13491 -0.92526
vn -0.33833 -0.19473 -0.92066
vn -0.34134 -0.19552 -0.91938
vn -0.31931 -0.25404 -0.91297
vn -0.30272 -0.24706 -0.9205
vn -0.27955 -0.30509 -0.91037
vn -0.25949 -0.29261 -0.92035
vn -0.2407 -0.36234 -0.90043
vn -0.19404 -0.32511 -0.92555
vn -0.1742 -0.39665 -0.90129
vn -0.16829 -0.38919 -0.90565
vn -0.10756 -0.42325 -0.89961
vn -0.16944 -0.61004 -0.77404
vn -0.0816 -0.61335 -0.78559
vn -0.11448 -0.74823 -0.65349
vn -0.00175 -0.79254 -0.60982
vn 0.58471 0.22355 -0.77983
vn 0.56358 0.22152 -0.79581
vn 0.35774 0.14049 -0.92319
vn 0.74526 0.28763 0.60154
vn 0.81257 0.32595 0.4832
vn 0.48175 0.21578 0.84933
vn 0.13831 0.06195 0.98845
vn -0.28621 -0.1178 0.9509
vn -0.34554 -0.12857 0.92956
vn -0.52795 -0.21582 0.8214
vn -0.52023 -0.21507 0.8265
vn -0.71879 -0.29751 0.62835
vn -0.80003 -0.52154 -0.29656
vn -0.79019 -0.4472 -0.41906
vn 0.13187 0.04707 -0.99015
vn -0.11296 -0.03976 -0.9928
vn -0.07888 -0.05232 -0.99551
vn -0.12407 -0.06714 -0.99
vn -0.10545 -0.08524 -0.99076
vn -0.11246 -0.08854 -0.9897
vn -0.09758 -0.10575 -0.98959
vn -0.10033 -0.10757 -0.98912
vn -0.08491 -0.1255 -0.98845
vn -0.08022 -0.12133 -0.98937
vn -0.06556 -0.14018 -0.98795
vn -0.06385 -0.1381 -0.98836
vn -0.04921 -0.16426 -0.98519
vn -0.03007 -0.13485 -0.99041
vn -0.02107 -0.15397 -0.98785
vn -0.0104 -0.12946 -0.99153
vn 0.00839 -0.15268 -0.98824
vn 0.00387 -0.17655 -0.98428
vn 0.04179 -0.17835 -0.98308
vn 0.06627 -0.39115 -0.91794
vn 0.11988 -0.35623 -0.92667
vn 0.14848 -0.50898 -0.84788
vn 0.23438 -0.50332 -0.83171
vn 0.13651 0.08059 -0.98736
vn 0.11353 0.0732 -0.99083
vn 0.10483 0.08254 -0.99106
vn 0.09788 0.0792 -0.99204
vn 0.08509 0.09119 -0.99219
vn 0.08231 0.08931 -0.9926
vn 0.06871 0.10025 -0.99259
vn 0.06618 0.09793 -0.99299
vn 0.05223 0.10752 -0.99283
vn 0.04701 0.10106 -0.99377
vn 0.03374 0.10967 -0.9934
vn 0.03226 0.1072 -0.99371
vn 0.01694 0.11693 -0.993
vn 0.01583 0.11422 -0.99333
vn -0.00034 0.12544 -0.9921
vn -0.0063 0.09918 -0.99505
vn -0.01849 0.10818 -0.99396
vn -0.01836 0.10922 -0.99385
vn 0.53482 0.30653 -0.78741
vn 0.7685 0.43603 0.46828
vn 0.78365 0.45382 0.4242
vn 0.11554 0.04009 0.99249
vn -0.14474 -0.08497 0.98581
vn 0.07206 0.04261 0.99649
vn -0.72152 -0.56232 -0.40399
vn -0.63246 -0.55045 -0.54498
vn 0.33219 0.1935 -0.92315
vn 0.30785 0.24635 -0.91899
vn 0.47516 0.38039 -0.79343
vn 0.41731 0.44981 -0.78964
vn 0.2982 0.24179 -0.92337
vn 0.72153 0.56547 0.39955
vn 0.72338 0.56924 0.39076
vn 0.44895 0.3591 0.81822
vn -0.32876 -0.25399 0.90962
vn -0.11703 -0.09378 0.98869
vn -0.52203 -0.57988 -0.62548
vn -0.6317 -0.70521 -0.32192
vn -0.52922 -0.74472 -0.40659
vn 0.26056 0.28093 -0.92368
vn 0.25828 0.27942 -0.92478
vn 0.21386 0.31342 -0.92522
vn 0.21274 0.31241 -0.92582
vn 0.16423 0.34033 -0.92585
vn 0.16203 0.33765 -0.92722
vn 0.1181 0.3563 -0.92688
vn 0.10042 0.32734 -0.93956
vn 0.05825 0.37432 -0.92547
vn 0.05371 0.36466 -0.92959
vn 0.00522 0.39661 -0.91797
vn -0.00388 0.36104 -0.93254
vn -0.04902 0.37527 -0.92562
vn -0.05406 0.33096 -0.9421
vn 0.62933 0.67611 0.38317
vn 0.62313 0.66001 0.41964
vn 0.46036 0.46746 0.75469
vn 0.27896 0.31831 0.90601
vn -0.43704 -0.45518 0.77576
vn -0.2669 -0.28474 0.9207
vn -0.43872 -0.66117 -0.60859
vn -0.53146 -0.65035 -0.54277
vn -0.52313 -0.79048 -0.31855
vn -0.34526 -0.55799 -0.75461
vn 0.34326 0.50345 -0.79291
vn 0.41329 0.4473 -0.79317
vn 0.3422 0.50255 -0.79394
vn 0.56214 0.7701 0.30157
vn 0.48303 0.74192 0.46501
vn 0.39199 0.43793 0.80905
vn -0.45426 -0.64629 0.61315
vn -0.34796 -0.50298 0.79116
vn -0.41313 -0.81497 -0.40638
vn -0.24885 -0.54636 -0.79973
vn -0.33774 -0.74667 -0.57307
vn -0.231 -0.75906 -0.60866
vn -0.27682 -0.89491 -0.35002
vn -0.15958 -0.89938 -0.40701
vn 0.26375 0.5473 -0.79429
vn 0.26316 0.54663 -0.79495
vn 0.44225 0.85478 0.27161
vn 0.3584 0.81191 0.46081
vn 0.30959 0.58459 0.74994
vn 0.18034 0.37817 0.908
vn 0.24904 0.52571 0.81339
vn 0.21583 0.61723 0.7566
vn -0.17064 -0.59434 -0.7859
vn -0.24729 -0.614 -0.74956
vn -0.22656 -0.78744 -0.57324
vn -0.1076 -0.41079 -0.90536
vn 0.18418 0.5775 -0.79534
vn 0.17401 0.55888 -0.81079
vn 0.28847 0.89613 0.33725
vn 0.26271 0.87961 0.39658
vn 0.0651 0.15759 0.98536
vn 0.15953 0.35535 0.92102
vn 0.12562 0.41548 0.90089
vn 0.16708 0.55192 0.81699
vn 0.10502 0.38113 0.91854
vn 0.04874 0.1587 0.98612
vn -0.02626 -0.08883 0.9957
vn -0.10922 -0.77496 -0.62251
vn -0.14178 -0.93093 -0.33657
vn -0.0446 -0.3724 -0.927
vn -0.08014 -0.62106 -0.77965
vn -0.01661 -0.57906 -0.81512
vn 0.09346 0.53686 -0.83848
vn 0.14782 0.9796 -0.13615
vn 0.14265 0.91965 0.36591
vn 0.13769 0.91341 0.38303
vn 0.0428 0.14807 0.98805
vn -0.03532 -0.41148 -0.91074
vn 0.00368 -0.36965 -0.92917
vn 0.03496 -0.4341 -0.90019
vn 0.06837 -0.39529 -0.91601
vn 0.0181 -0.65226 -0.75778
vn 0.0015 0.92584 0.37791
vn 0.00133 0.99181 0.12774
vn -0.14212 0.98069 0.13437
vn -0.15545 0.98663 0.04901
vn -0.29135 0.9548 0.05893
vn -0.29691 0.94262 -0.15267
vn -0.42712 0.8914 -0.15158
vn -0.41243 0.85376 -0.31779
vn -0.49741 0.76504 -0.40902
vn -0.44363 0.68501 -0.57789
vn -0.43668 0.65563 -0.61601
vn 0.02756 0.65178 0.75791
vn 6E-05 0.58242 0.81289
vn -0.00014 0.14673 0.98918
vn -0.00168 0.14 0.99015
vn 0.00158 -0.12666 0.99195
vn 0.0082 -0.10274 0.99467
vn 0.00854 -0.35771 0.9338
vn 0.06201 -0.33663 0.93959
vn 0.06154 -0.34222 0.9376
vn 0.10003 -0.61613 -0.78126
vn 0.08808 -0.59273 -0.80057
vn 0.02472 -0.13958 -0.9899
vn -0.14546 0.98365 -0.10616
vn -0.15714 0.96577 -0.20637
vn -0.13984 0.91388 0.38115
vn 0.00069 0.92436 0.38151
vn -0.14743 0.92592 0.34776
vn -0.07621 0.65629 0.75065
vn -0.08688 0.5865 0.80527
vn -0.0206 0.14114 0.98977
vn -0.02118 0.13313 0.99087
vn 0.01719 -0.10825 0.99397
vn 0.01661 -0.11593 0.99312
vn 0.10042 -0.57893 0.80917
vn 0.23968 -0.87666 -0.41715
vn 0.18081 -0.56609 -0.80427
vn 0.04247 -0.1067 -0.99338
vn 0.11081 -0.34185 -0.9332
vn -0.28585 0.93622 -0.20439
vn -0.27638 0.87556 -0.39625
vn -0.27713 0.91179 0.30303
vn -0.29774 0.94853 0.10789
vn -0.43014 0.8962 0.10866
vn -0.4321 0.89237 -0.13024
vn -0.54504 0.82773 -0.13337
vn -0.52213 0.77742 -0.3507
vn -0.62084 0.70324 -0.34642
vn -0.61618 0.68195 -0.39404
vn -0.1555 0.5725 0.80503
vn -0.19247 0.64118 0.74286
vn -0.2675 0.58143 0.76836
vn 0.12454 -0.27332 -0.95383
vn 0.15801 -0.30402 -0.93947
vn -0.18273 0.38515 -0.90458
vn -0.08624 0.16779 -0.98204
vn -0.08068 0.1448 -0.98617
vn -0.09602 0.1386 -0.98568
vn -0.087 0.11682 -0.98933
vn -0.10001 0.10886 -0.98901
vn -0.07957 0.07469 -0.99403
vn -0.38332 0.83182 -0.40142
vn -0.34846 0.73204 -0.5854
vn -0.28621 0.87169 0.39779
vn -0.41622 0.85797 0.30108
vn -0.41868 0.82976 0.36906
vn -0.52624 0.7669 0.36733
vn -0.52589 0.76347 0.37491
vn -0.61729 0.68685 0.38367
vn -0.43328 0.89118 0.13437
vn -0.11625 0.38055 0.91742
vn -0.17809 0.39093 0.90303
vn -0.16928 0.34808 0.92206
vn -0.22229 0.33105 0.91706
vn -0.21711 0.31737 0.92311
vn -0.26282 0.56031 0.78548
vn -0.06283 0.13343 0.98906
vn -0.06068 0.12378 0.99045
vn 0.05256 -0.10709 0.99286
vn 0.05352 -0.11142 0.99233
vn 0.16418 -0.33225 0.92879
vn 0.16454 -0.33408 0.92807
vn 0.27634 -0.5587 0.78198
vn 0.27122 -0.50358 0.82027
vn 0.35996 -0.69419 0.62332
vn 0.44576 -0.61732 0.64824
vn 0.44639 -0.61991 0.64533
vn 0.16822 -0.2248 -0.95977
vn -0.23875 0.3469 -0.907
vn -0.17539 0.3484 -0.92079
vn -0.22833 0.31998 -0.9195
vn -0.55984 0.82167 0.10696
vn -0.56321 0.82481 -0.0498
vn -0.65461 0.73788 -0.16436
vn -0.34488 0.51351 0.78572
vn -0.34214 0.50585 0.79187
vn -0.07825 0.11566 0.9902
vn -0.07615 0.11027 0.99098
vn 0.07068 -0.10228 0.99224
vn 0.0715 -0.10442 0.99196
vn 0.21474 -0.3119 0.92553
vn 0.21173 -0.30345 0.92903
vn 0.34835 -0.50148 0.79194
vn 0.34402 -0.48724 0.80265
vn -0.27518 0.29434 -0.91523
vn -0.26371 0.27435 -0.92477
vn -0.54863 0.61221 -0.56939
vn -0.53411 0.57777 -0.61718
vn -0.56253 0.81567 0.13504
vn -0.67119 0.73054 0.12575
vn -0.67164 0.72625 0.1465
vn -0.68215 0.72963 -0.04798
vn 0.55675 -0.75729 0.34137
vn 0.61749 -0.65649 0.43327
vn -0.0757 0.04587 -0.99608
vn 0.13243 -0.07732 -0.98817
vn 0.14078 -0.04925 -0.98882
vn -0.31929 0.18262 -0.92989
vn -0.30459 0.16778 -0.93759
vn -0.37182 0.1415 -0.91746
vn -0.32593 0.11117 -0.93883
vn -0.52539 0.30299 -0.79508
vn -0.51876 0.29622 -0.80196
vn -0.56399 0.22127 -0.79559
vn -0.53625 0.20082 -0.81982
vn -0.59538 0.13317 -0.79233
vn -0.69024 0.39972 -0.60315
vn -0.68531 0.394 -0.61247
vn -0.73803 0.29017 -0.6092
vn -0.73213 0.28514 -0.61861
vn -0.7706 0.17597 -0.61255
vn -0.76362 0.17153 -0.62247
vn -0.8032 0.47049 -0.36538
vn -0.79777 0.46142 -0.38815
vn -0.86138 0.34009 -0.37732
vn -0.85851 0.33666 -0.38682
vn -0.90031 0.20623 -0.38329
vn -0.8989 0.20498 -0.38724
vn -0.85538 0.50152 -0.12964
vn -0.85532 0.50054 -0.13376
vn -0.92219 0.36507 -0.12765
vn -0.92192 0.36371 -0.13335
vn -0.9662 0.22278 -0.12971
vn -0.96553 0.22095 -0.13758
vn -0.98868 0.07611 -0.12933
vn -0.84486 0.50624 0.173
vn -0.85699 0.50092 0.12102
vn -0.91916 0.36749 0.14178
vn -0.9225 0.36512 0.1252
vn -0.96524 0.22472 0.13345
vn -0.96745 0.22248 0.12056
vn -0.98795 0.08329 0.13047
vn -0.99254 0.07633 0.09506
vn -0.98769 -0.06641 0.14159
vn -0.9911 -0.07297 0.11131
vn -0.76962 0.47005 0.43214
vn -0.7984 0.47203 0.37382
vn -0.83814 0.34685 0.42097
vn -0.86301 0.34435 0.36964
vn -0.89425 0.21131 0.39455
vn -0.90227 0.20913 0.37705
vn -0.92208 0.07878 0.37891
vn -0.92961 0.07544 0.36074
vn -0.93126 -0.04395 0.36168
vn -0.95909 -0.06347 0.2759
vn -0.89016 -0.1827 0.41741
vn -0.6486 0.37068 0.66477
vn -0.68654 0.41631 0.59611
vn -0.3262 0.19968 0.92397
vn -0.2919 0.16767 0.94164
vn -0.11354 0.0669 0.99128
vn -0.10789 0.06173 0.99224
vn 0.1121 -0.06414 0.99162
vn 0.11368 -0.06562 0.99135
vn 0.3308 -0.19008 0.92436
vn 0.32969 -0.18897 0.92498
vn 0.529 -0.30307 0.79266
vn 0.52014 -0.2934 0.8021
vn 0.71019 -0.40072 0.57884
vn 0.67704 -0.34636 0.64934
vn 0.82053 -0.43768 0.36765
vn 0.50555 -0.29275 -0.81161
vn 0.59055 -0.25887 -0.76436
vn -0.10966 0.05602 -0.99239
vn -0.10608 0.04211 -0.99347
vn -0.10992 0.04238 -0.99304
vn 0.11567 -0.04563 -0.99224
vn -0.7244 0.29691 0.62216
vn -0.73138 0.2977 0.61356
vn -0.77249 0.18144 0.60855
vn -0.77174 0.18151 0.60948
vn -0.79613 0.06269 0.60188
vn -0.79298 0.0634 0.60594
vn -0.81957 -0.05337 0.57048
vn -0.80457 -0.04844 0.59188
vn -0.85456 -0.16967 0.49086
vn -0.55807 0.21634 0.8011
vn -0.56488 0.13977 0.81325
vn -0.36889 0.08543 0.92554
vn -0.37842 0.0316 0.9251
vn -0.1443 0.00843 0.9895
vn -0.14482 -0.00598 0.98944
vn 0.0561 -0.00093 0.99842
vn 0.05001 0.01916 0.99857
vn 0.19357 0.03757 0.98037
vn 0.1763 0.0742 0.98154
vn 0.36998 0.14252 0.91804
vn 0.34381 0.20243 0.91696
vn 0.52558 0.30369 0.7947
vn 0.46652 0.37083 0.80302
vn -0.59886 0.139 0.7887
vn -0.33008 0.08367 0.94024
vn -0.11496 0.02061 0.99316
vn -0.05304 0.01794 0.99843
vn 0.14644 -0.03919 0.98844
vn 0.93734 -0.20379 0.2826
vn -0.13392 0.01117 -0.99093
vn 0.10513 -0.00838 -0.99442
vn -0.36478 0.02868 -0.93065
vn -0.17094 0.00448 -0.98527
vn -0.16416 -0.00585 -0.98642
vn -0.60362 0.04954 0.79573
vn -0.62785 0.04552 0.777
vn -0.62761 -0.04238 0.77737
vn -0.67188 -0.05496 0.73862
vn -0.6714 -0.14639 0.72649
vn -0.72878 -0.17068 0.66314
vn -0.73407 -0.27778 0.61966
vn -0.11758 0.01173 0.99299
vn 0.12574 -0.01232 0.99199
vn 0.15203 -0.00862 0.98834
vn 0.38384 -0.03135 0.92287
vn 0.62919 -0.03483 -0.77647
vn 0.6496 0.06573 -0.75743
vn 0.58832 0.04715 -0.80725
vn 0.34763 0.04536 -0.93653
vn 0.37152 0.08466 -0.92456
vn 0.11953 0.02909 -0.9924
vn 0.11902 0.04748 -0.99176
vn -0.11226 -0.04483 -0.99267
vn -0.10665 -0.05918 -0.99253
vn -0.30437 -0.17824 -0.93573
vn -0.27821 -0.21758 -0.93555
vn -0.42725 -0.3461 -0.83527
vn -0.37686 -0.40011 -0.8354
vn -0.47463 -0.52083 -0.70955
vn -0.40003 -0.57951 -0.71003
vn -0.45543 -0.68251 -0.57163
vn -0.35751 -0.73694 -0.57367
vn -0.38194 -0.81711 -0.43181
vn -0.60559 0.02743 -0.7953
vn -0.45283 0.01248 -0.89151
vn -0.4149 -0.03496 -0.9092
vn -0.39887 -0.03673 -0.91627
vn -0.37065 -0.08474 -0.9249
vn -0.66602 -0.05737 -0.74372
vn -0.61997 -0.06569 -0.78187
vn -0.60437 -0.14148 -0.78404
vn -0.5966 -0.14173 -0.78993
vn -0.56342 -0.2217 -0.79587
vn -0.92266 -0.06957 -0.37928
vn -0.80579 -0.06279 -0.58886
vn -0.78916 -0.06722 -0.6105
vn -0.79018 -0.18331 -0.58481
vn -0.77309 -0.1851 -0.60669
vn -0.74083 -0.29235 -0.60473
vn -0.73265 -0.29191 -0.61483
vn -0.68134 -0.39283 -0.61763
vn -0.40069 0.02869 0.91576
vn -0.40395 -0.02549 0.91442
vn -0.20948 -0.02271 0.97755
vn -0.20846 -0.04074 0.97718
vn -0.05534 -0.02011 0.99826
vn -0.05584 -0.01833 0.99827
vn 0.14596 0.05434 0.9878
vn 0.13072 0.07881 0.98828
vn 0.33252 0.19158 0.92343
vn 0.294 0.23747 0.92584
vn 0.46718 0.37178 0.8022
vn 0.39669 0.42654 0.81284
vn -0.46406 -0.04112 0.88485
vn 0.1232 0.01631 0.99225
vn 0.31691 0.01718 0.9483
vn 0.38305 0.03602 0.92303
vn 0.59459 0.04206 0.80293
vn 0.36291 0.08477 -0.92796
vn 0.53152 0.13465 -0.83627
vn -0.92054 -0.07053 -0.38424
vn -0.90463 -0.20755 -0.37223
vn -0.966 -0.22185 -0.13275
vn -0.92316 -0.36277 -0.12719
vn -0.92357 -0.36478 0.11813
vn -0.85917 -0.49533 0.12837
vn -0.80809 -0.47021 0.35482
vn -0.72864 -0.58101 0.36265
vn -0.64248 -0.52013 0.56275
vn -0.56179 -0.60753 0.56152
vn -0.45966 -0.51043 0.72676
vn -0.38801 -0.56892 0.7251
vn -0.28863 -0.44463 0.84794
vn -0.23407 -0.47865 0.84623
vn -0.15967 -0.35654 0.92054
vn -0.89876 -0.20917 -0.38533
vn -0.45763 -0.09923 0.88359
vn -0.53128 -0.12962 0.83722
vn -0.5178 -0.1999 0.83182
vn -0.54675 -0.21912 0.80812
vn -0.52548 -0.30209 0.79537
vn 0.56096 0.12551 0.81827
vn 0.32097 0.08539 0.94323
vn 0.40111 0.09079 0.91152
vn 0.62164 0.16866 0.76493
vn 0.55928 0.21802 0.7998
vn 0.12878 0.04898 -0.99046
vn 0.34631 0.14059 -0.92752
vn -0.86241 -0.33978 -0.37522
vn -0.85525 -0.34053 -0.39062
vn -0.79716 -0.46063 -0.39033
vn -0.78795 -0.45988 -0.40945
vn -0.7129 -0.56696 -0.41271
vn -0.86611 -0.33952 0.36684
vn -0.92239 -0.35889 0.1428
vn -0.29965 -0.07664 0.95096
vn -0.29101 -0.11146 0.95021
vn -0.09458 -0.04278 0.9946
vn -0.09108 -0.05043 0.99457
vn 0.1155 0.06476 0.99119
vn 0.10002 0.08352 0.99147
vn 0.28833 0.23003 0.92949
vn 0.24372 0.2674 0.93225
vn 0.39723 0.42761 0.81201
vn 0.32029 0.47337 0.82057
vn -0.33075 -0.13663 0.93378
vn 0.57465 0.23082 0.78518
vn 0.41778 0.17458 0.89162
vn -0.08424 -0.0518 -0.9951
vn 0.11893 0.07195 -0.99029
vn -0.92051 -0.36459 -0.14049
vn -0.85749 -0.49584 -0.13729
vn -0.85927 -0.50135 0.1015
vn -0.77717 -0.62077 0.10326
vn -0.73506 -0.59553 0.32409
vn -0.64234 -0.69509 0.32288
vn -0.57544 -0.63637 0.51371
vn -0.48117 -0.71134 0.51232
vn -0.40997 -0.62628 0.6631
vn -0.32159 -0.66829 0.6708
vn -0.25715 -0.56252 0.78578
vn -0.85268 -0.49776 -0.15866
vn -0.6983 -0.40296 0.59161
vn -0.79893 -0.45601 0.39213
vn -0.31393 -0.18089 0.93205
vn -0.33247 -0.19766 0.92217
vn -0.30597 -0.24532 0.91989
vn 0.52934 0.30775 0.79062
vn -0.2433 -0.19948 -0.94922
vn -0.07971 -0.05873 -0.99509
vn -0.77152 -0.61538 -0.16145
vn -0.76262 -0.61624 -0.19662
vn -0.66719 -0.71679 -0.20266
vn -0.49943 -0.40557 0.76556
vn -0.63077 -0.50268 0.59114
vn -0.11207 -0.06934 0.99128
vn -0.10385 -0.08122 0.99127
vn 0.08773 0.06804 0.99382
vn 0.07107 0.08195 0.9941
vn 0.23722 0.25554 0.93724
vn 0.18837 0.28496 0.93985
vn 0.31767 0.4654 0.82613
vn 0.23623 0.50281 0.83149
vn -0.12083 -0.1021 0.98741
vn -0.33327 -0.36809 -0.86801
vn -0.21744 -0.22744 -0.94921
vn -0.77556 -0.62776 0.0666
vn -0.67847 -0.73212 0.06063
vn -0.64679 -0.71284 0.27117
vn -0.54183 -0.79905 0.26064
vn -0.49225 -0.74828 0.44472
vn -0.38405 -0.81443 0.43498
vn -0.33753 -0.74511 0.57522
vn -0.67343 -0.73922 0.00695
vn -0.30222 -0.33992 0.89057
vn -0.44088 -0.47684 0.76043
vn 0.05788 0.05894 0.99658
vn -0.10813 -0.11486 0.98748
vn -0.35624 -0.53621 -0.76522
vn -0.28366 -0.40738 -0.86809
vn -0.54243 -0.8169 0.19607
vn -0.56507 -0.82503 -0.00444
vn -0.1341 -0.21832 0.96662
vn -0.26259 -0.38273 0.88576
vn 0.18018 0.26278 0.94788
vn 0.04034 0.06755 0.9969
vn -0.32386 -0.6932 -0.64389
vn -0.28367 -0.57746 -0.76555
vn -0.38815 -0.84466 0.36864
vn -0.43027 -0.88669 0.16923
vn -0.12102 -0.23431 0.9646
vn -0.05812 -0.14109 0.98829
vn 0.01609 0.05353 0.99844
vn 0.23193 0.47925 0.84648
vn 0.12955 0.28392 0.95006
vn 0.14754 0.49957 0.85362
f 1//1 2//1 3//1
f 3//2 2//2 4//2
f 3//3 4//3 5//3
f 5//4 4//4 6//4
f 5//5 6//5 7//5
f 7//6 6//6 8//6
f 7//7 8//7 9//7
f 9//8 8//8 10//8
f 9//9 10//9 11//9
f 11//10 10//10 12//10
f 11//11 12//11 13//11
f 13//12 12//12 14//12
f 13//13 14//13 15//13
f 15//14 14//14 16//14
f 15//15 16//15 17//15
f 17//16 16//16 18//16
f 17//17 18//17 19//17
f 19//18 18//18 20//18
f 19//19 20//19 21//19
f 21//20 20//20 22//20
f 21//21 22//21 23//21
f 23//22 22//22 24//22
f 23//23 24//23 25//23
f 25//24 24//24 26//24
f 25//25 26//25 27//25
f 27//26 26//26 28//26
f 27//27 28//27 29//27
f 29//28 28//28 30//28
f 29//29 30//29 31//29
f 4//30 32//30 6//30
f 6//31 32//31 33//31
f 6//32 33//32 8//32
f 8//33 33//33 34//33
f 8//34 34//34 10//34
f 10//35 34//35 35//35
f 10//36 35//36 12//36
f 12//37 35//37 36//37
f 12//38 36//38 14//38
f 14//39 36//39 37//39
f 14//40 37//40 16//40
f 16//41 37//41 38//41
f 16//42 38//42 18//42
f 18//43 38//43 39//43
f 18//44 39//44 20//44
f 20//45 39//45 40//45
f 20//46 40//46 22//46
f 22//47 40//47 24//47
f 32//48 41//48 33//48
f 33//49 41//49 42//49
f 33//50 42//50 34//50
f 34//51 42//51 43//51
f 34//52 43//52 35//52
f 35//53 43//53 44//53
f 35//54 44//54 45//54
f 45//55 44//55 46//55
f 45//56 46//56 47//56
f 47//57 46//57 48//57
f 47//58 48//58 49//58
f 49//59 48//59 50//59
f 49//60 50//60 51//60
f 51//61 50//61 52//61
f 51//62 52//62 53//62
f 53//63 52//63 54//63
f 53//64 54//64 55//64
f 41//65 56//65 42//65
f 42//66 56//66 57//66
f 42//67 57//67 43//67
f 43//68 57//68 58//68
f 43//69 58//69 44//69
f 44//70 58//70 59//70
f 44//71 59//71 46//71
f 46//72 59//72 48//72
f 57//73 56//73 60//73
f 60//74 56//74 61//74
f 60//75 61//75 62//75
f 62//76 61//76 63//76
f 62//77 63//77 64//77
f 64//78 63//78 65//78
f 64//79 65//79 66//79
f 64//80 66//80 67//80
f 67//81 66//81 68//81
f 67//82 68//82 69//82
f 69//83 68//83 70//83
f 69//84 70//84 52//84
f 52//85 70//85 54//85
f 53//86 55//86 71//86
f 71//87 55//87 72//87
f 71//88 72//88 73//88
f 73//89 72//89 74//89
f 73//90 74//90 75//90
f 75//91 74//91 26//91
f 75//92 26//92 24//92
f 72//93 76//93 74//93
f 74//94 76//94 28//94
f 74//95 28//95 26//95
f 76//96 30//96 28//96
f 29//97 31//97 77//97
f 77//98 31//98 78//98
f 77//99 78//99 79//99
f 79//100 78//100 80//100
f 79//101 80//101 81//101
f 81//102 80//102 82//102
f 81//103 82//103 83//103
f 83//104 82//104 84//104
f 83//105 84//105 85//105
f 85//106 84//106 86//106
f 85//107 86//107 87//107
f 87//108 86//108 88//108
f 87//109 88//109 89//109
f 89//110 88//110 90//110
f 89//111 90//111 91//111
f 91//112 90//112 92//112
f 91//113 92//113 93//113
f 93//114 92//114 94//114
f 93//115 94//115 95//115
f 95//116 94//116 96//116
f 95//117 96//117 97//117
f 97//118 96//118 98//118
f 97//119 98//119 99//119
f 99//120 98//120 100//120
f 99//121 100//121 101//121
f 101//122 100//122 102//122
f 102//123 100//123 103//123
f 102//124 103//124 104//124
f 104//125 103//125 105//125
f 104//126 105//126 106//126
f 106//127 105//127 107//127
f 106//128 107//128 108//128
f 108//129 107//129 109//129
f 108//130 109//130 110//130
f 110//131 109//131 111//131
f 110//132 111//132 112//132
f 112//133 111//133 113//133
f 112//134 113//134 114//134
f 114//135 113//135 115//135
f 114//136 115//136 116//136
f 116//137 115//137 117//137
f 116//138 117//138 118//138
f 118//139 117//139 119//139
f 118//140 119//140 120//140
f 120//141 119//141 121//141
f 120//142 121//142 122//142
f 122//143 121//143 123//143
f 122//144 123//144 124//144
f 124//145 123//145 125//145
f 124//146 125//146 126//146
f 126//147 125//147 127//147
f 126//148 127//148 128//148
f 128//149 127//149 129//149
f 128//150 129//150 130//150
f 130//151 129//151 131//151
f 130//152 131//152 132//152
f 132//153 131//153 133//153
f 132//154 133//154 56//154
f 56//155 133//155 61//155
f 61//156 133//156 134//156
f 61//157 134//157 63//157
f 63//158 134//158 135//158
f 63//159 135//159 136//159
f 136//160 135//160 137//160
f 136//161 137//161 138//161
f 138//162 137//162 139//162
f 139//163 137//163 140//163
f 139//164 140//164 141//164
f 141//165 140//165 142//165
f 141//166 142//166 143//166
f 143//167 142//167 144//167
f 143//168 144//168 145//168
f 145//169 144//169 146//169
f 145//170 146//170 147//170
f 147//171 146//171 148//171
f 147//172 148//172 149//172
f 149//173 148//173 150//173
f 149//174 150//174 151//174
f 151//175 150//175 152//175
f 151//176 152//176 153//176
f 153//177 152//177 154//177
f 153//178 154//178 155//178
f 155//179 154//179 156//179
f 155//180 156//180 157//180
f 157//181 156//181 158//181
f 157//182 158//182 159//182
f 159//183 158//183 160//183
f 159//184 160//184 161//184
f 161//185 160//185 162//185
f 161//186 162//186 163//186
f 163//187 162//187 164//187
f 163//188 164//188 165//188
f 165//189 164//189 166//189
f 165//190 166//190 167//190
f 167//191 166//191 168//191
f 167//192 168//192 169//192
f 169//193 168//193 170//193
f 169//194 170//194 171//194
f 171//195 170//195 172//195
f 171//196 172//196 173//196
f 173//197 172//197 174//197
f 173//198 174//198 175//198
f 175//199 174//199 176//199
f 175//200 176//200 177//200
f 177//201 176//201 178//201
f 177//202 178//202 179//202
f 179//203 178//203 180//203
f 179//204 180//204 181//204
f 181//205 180//205 86//205
f 181//206 86//206 84//206
f 78//207 182//207 80//207
f 80//208 182//208 183//208
f 80//209 183//209 82//209
f 82//210 183//210 184//210
f 82//211 184//211 84//211
f 84//212 184//212 181//212
f 182//213 185//213 183//213
f 183//214 185//214 184//214
f 184//215 185//215 186//215
f 186//216 185//216 187//216
f 186//217 187//217 188//217
f 188//218 187//218 189//218
f 188//219 189//219 190//219
f 190//220 189//220 191//220
f 190//221 191//221 192//221
f 192//222 191//222 193//222
f 192//223 193//223 194//223
f 194//224 193//224 195//224
f 194//225 195//225 196//225
f 196//226 195//226 197//226
f 196//227 197//227 198//227
f 198//228 197//228 199//228
f 198//229 199//229 167//229
f 167//230 199//230 165//230
f 197//231 200//231 199//231
f 199//232 200//232 201//232
f 199//233 201//233 165//233
f 165//234 201//234 163//234
f 200//235 202//235 201//235
f 201//236 202//236 203//236
f 201//237 203//237 163//237
f 163//238 203//238 161//238
f 202//239 204//239 203//239
f 203//240 204//240 205//240
f 203//241 205//241 161//241
f 161//242 205//242 159//242
f 204//243 206//243 205//243
f 205//244 206//244 207//244
f 205//245 207//245 159//245
f 159//246 207//246 157//246
f 207//247 206//247 208//247
f 208//248 206//248 209//248
f 208//249 209//249 210//249
f 210//250 209//250 211//250
f 210//251 211//251 153//251
f 153//252 211//252 151//252
f 211//253 212//253 151//253
f 151//254 212//254 149//254
f 212//255 213//255 149//255
f 149//256 213//256 147//256
f 213//257 214//257 147//257
f 147//258 214//258 145//258
f 214//259 143//259 145//259
f 138//260 65//260 136//260
f 136//261 65//261 63//261
f 56//262 41//262 132//262
f 132//263 41//263 215//263
f 132//264 215//264 130//264
f 130//265 215//265 216//265
f 130//266 216//266 128//266
f 128//267 216//267 217//267
f 128//268 217//268 126//268
f 126//269 217//269 218//269
f 126//270 218//270 124//270
f 124//271 218//271 219//271
f 124//272 219//272 122//272
f 122//273 219//273 220//273
f 122//274 220//274 120//274
f 120//275 220//275 221//275
f 120//276 221//276 118//276
f 118//277 221//277 222//277
f 118//278 222//278 116//278
f 116//279 222//279 223//279
f 116//280 223//280 114//280
f 114//281 223//281 224//281
f 114//282 224//282 112//282
f 112//283 224//283 225//283
f 112//284 225//284 110//284
f 110//285 225//285 226//285
f 110//286 226//286 108//286
f 108//287 226//287 227//287
f 108//288 227//288 106//288
f 106//289 227//289 228//289
f 106//290 228//290 104//290
f 104//291 228//291 229//291
f 104//292 229//292 102//292
f 215//293 41//293 230//293
f 230//294 41//294 32//294
f 230//295 32//295 231//295
f 231//296 32//296 4//296
f 231//297 4//297 232//297
f 232//298 4//298 2//298
f 232//299 2//299 233//299
f 232//300 233//300 234//300
f 234//301 233//301 235//301
f 234//302 235//302 236//302
f 236//303 235//303 237//303
f 236//304 237//304 238//304
f 238//305 237//305 239//305
f 238//306 239//306 240//306
f 240//307 239//307 241//307
f 240//308 241//308 242//308
f 242//309 241//309 243//309
f 242//310 243//310 244//310
f 244//311 243//311 245//311
f 244//312 245//312 222//312
f 222//313 245//313 223//313
f 241//314 246//314 243//314
f 243//315 246//315 247//315
f 243//316 247//316 245//316
f 245//317 247//317 248//317
f 245//318 248//318 223//318
f 223//319 248//319 224//319
f 246//320 249//320 247//320
f 247//321 249//321 250//321
f 247//322 250//322 248//322
f 248//323 250//323 251//323
f 248//324 251//324 224//324
f 224//325 251//325 225//325
f 249//326 252//326 250//326
f 250//327 252//327 253//327
f 250//328 253//328 251//328
f 251//329 253//329 254//329
f 251//330 254//330 225//330
f 225//331 254//331 226//331
f 252//332 255//332 253//332
f 253//333 255//333 254//333
f 254//334 255//334 256//334
f 256//335 255//335 257//335
f 256//336 257//336 258//336
f 258//337 257//337 259//337
f 258//338 259//338 228//338
f 228//339 259//339 229//339
f 101//340 260//340 99//340
f 99//341 260//341 261//341
f 99//342 261//342 97//342
f 97//343 261//343 95//343
f 260//344 262//344 261//344
f 261//345 262//345 263//345
f 261//346 263//346 95//346
f 95//347 263//347 264//347
f 95//348 264//348 93//348
f 93//349 264//349 265//349
f 93//350 265//350 91//350
f 91//351 265//351 266//351
f 91//352 266//352 89//352
f 89//353 266//353 267//353
f 89//354 267//354 87//354
f 87//355 267//355 268//355
f 87//356 268//356 85//356
f 85//357 268//357 269//357
f 85//358 269//358 83//358
f 83//359 269//359 270//359
f 83//360 270//360 81//360
f 81//361 270//361 271//361
f 81//362 271//362 79//362
f 79//363 271//363 77//363
f 262//364 272//364 263//364
f 263//365 272//365 273//365
f 263//366 273//366 264//366
f 264//367 273//367 274//367
f 264//368 274//368 265//368
f 265//369 274//369 275//369
f 265//370 275//370 266//370
f 266//371 275//371 276//371
f 266//372 276//372 267//372
f 267//373 276//373 277//373
f 267//374 277//374 268//374
f 268//375 277//375 278//375
f 268//376 278//376 269//376
f 269//377 278//377 279//377
f 269//378 279//378 270//378
f 270//379 279//379 280//379
f 270//380 280//380 271//380
f 271//381 280//381 281//381
f 271//382 281//382 77//382
f 77//383 281//383 29//383
f 272//384 282//384 273//384
f 273//385 282//385 283//385
f 273//386 283//386 274//386
f 274//387 283//387 284//387
f 274//388 284//388 275//388
f 275//389 284//389 285//389
f 275//390 285//390 276//390
f 276//391 285//391 286//391
f 276//392 286//392 277//392
f 277//393 286//393 287//393
f 277//394 287//394 278//394
f 278//395 287//395 288//395
f 278//396 288//396 279//396
f 279//397 288//397 289//397
f 279//398 289//398 280//398
f 280//399 289//399 290//399
f 280//400 290//400 281//400
f 281//401 290//401 27//401
f 281//402 27//402 29//402
f 283//403 282//403 291//403
f 291//404 282//404 292//404
f 291//405 292//405 293//405
f 293//406 292//406 294//406
f 293//407 294//407 295//407
f 295//408 294//408 296//408
f 295//409 296//409 297//409
f 297//410 296//410 298//410
f 297//411 298//411 299//411
f 299//412 298//412 300//412
f 299//413 300//413 301//413
f 301//414 300//414 302//414
f 301//415 302//415 303//415
f 303//416 302//416 304//416
f 303//417 304//417 305//417
f 305//418 304//418 306//418
f 305//419 306//419 307//419
f 307//420 306//420 308//420
f 307//421 308//421 309//421
f 309//422 308//422 310//422
f 309//423 310//423 17//423
f 17//424 310//424 15//424
f 296//425 311//425 298//425
f 298//426 311//426 300//426
f 311//427 312//427 300//427
f 300//428 312//428 302//428
f 312//429 313//429 302//429
f 302//430 313//430 304//430
f 313//431 314//431 304//431
f 304//432 314//432 306//432
f 306//433 314//433 315//433
f 315//434 314//434 316//434
f 315//435 316//435 317//435
f 317//436 316//436 318//436
f 317//437 318//437 319//437
f 319//438 318//438 320//438
f 319//439 320//439 321//439
f 321//440 320//440 322//440
f 321//441 322//441 323//441
f 323//442 322//442 324//442
f 323//443 324//443 9//443
f 9//444 324//444 7//444
f 322//445 325//445 324//445
f 324//446 325//446 326//446
f 324//447 326//447 7//447
f 7//448 326//448 5//448
f 325//449 1//449 326//449
f 326//450 1//450 3//450
f 326//451 3//451 5//451
f 62//452 64//452 327//452
f 327//453 64//453 67//453
f 327//454 67//454 328//454
f 328//455 67//455 69//455
f 328//456 69//456 50//456
f 50//457 69//457 52//457
f 58//458 57//458 60//458
f 60//459 62//459 329//459
f 329//460 62//460 327//460
f 329//461 327//461 330//461
f 330//462 327//462 328//462
f 330//463 328//463 48//463
f 48//464 328//464 50//464
f 59//465 58//465 329//465
f 329//466 58//466 60//466
f 59//467 329//467 330//467
f 48//468 59//468 330//468
f 36//469 35//469 45//469
f 323//470 9//470 11//470
f 37//471 36//471 45//471
f 37//472 45//472 47//472
f 323//473 11//473 331//473
f 331//474 11//474 13//474
f 331//475 13//475 332//475
f 332//476 13//476 15//476
f 332//477 15//477 310//477
f 51//478 53//478 333//478
f 333//479 53//479 71//479
f 333//480 71//480 334//480
f 334//481 71//481 73//481
f 334//482 73//482 75//482
f 49//483 51//483 335//483
f 335//484 51//484 333//484
f 335//485 333//485 336//485
f 336//486 333//486 334//486
f 336//487 334//487 337//487
f 337//488 334//488 75//488
f 337//489 75//489 24//489
f 47//490 49//490 38//490
f 38//491 49//491 335//491
f 38//492 335//492 39//492
f 39//493 335//493 336//493
f 39//494 336//494 40//494
f 40//495 336//495 337//495
f 40//496 337//496 24//496
f 47//497 38//497 37//497
f 332//498 338//498 331//498
f 331//499 338//499 321//499
f 331//500 321//500 323//500
f 317//501 319//501 338//501
f 338//502 319//502 321//502
f 338//503 332//503 339//503
f 339//504 332//504 310//504
f 339//505 310//505 308//505
f 309//506 17//506 19//506
f 315//507 317//507 339//507
f 339//508 317//508 338//508
f 315//509 339//509 308//509
f 309//510 19//510 340//510
f 340//511 19//511 341//511
f 340//512 341//512 342//512
f 342//513 341//513 343//513
f 342//514 343//514 344//514
f 344//515 343//515 345//515
f 344//516 345//516 346//516
f 346//517 345//517 347//517
f 346//518 347//518 348//518
f 348//519 347//519 288//519
f 348//520 288//520 287//520
f 306//521 315//521 308//521
f 19//522 21//522 341//522
f 341//523 21//523 349//523
f 341//524 349//524 343//524
f 343//525 349//525 345//525
f 349//526 21//526 23//526
f 309//527 340//527 307//527
f 307//528 340//528 342//528
f 307//529 342//529 305//529
f 305//530 342//530 350//530
f 305//531 350//531 303//531
f 303//532 350//532 351//532
f 303//533 351//533 301//533
f 301//534 351//534 299//534
f 350//535 342//535 344//535
f 349//536 23//536 352//536
f 352//537 23//537 25//537
f 352//538 25//538 290//538
f 290//539 25//539 27//539
f 347//540 345//540 352//540
f 352//541 345//541 349//541
f 347//542 352//542 289//542
f 289//543 352//543 290//543
f 350//544 344//544 346//544
f 351//545 350//545 346//545
f 288//546 347//546 289//546
f 351//547 346//547 353//547
f 353//548 346//548 348//548
f 353//549 348//549 354//549
f 354//550 348//550 287//550
f 354//551 287//551 286//551
f 351//552 353//552 299//552
f 299//553 353//553 355//553
f 299//554 355//554 297//554
f 297//555 355//555 356//555
f 297//556 356//556 295//556
f 295//557 356//557 293//557
f 355//558 353//558 354//558
f 355//559 354//559 357//559
f 357//560 354//560 286//560
f 357//561 286//561 285//561
f 356//562 357//562 358//562
f 358//563 357//563 285//563
f 358//564 285//564 284//564
f 357//565 356//565 355//565
f 181//566 184//566 186//566
f 179//567 181//567 186//567
f 88//568 86//568 180//568
f 291//569 293//569 358//569
f 358//570 293//570 356//570
f 291//571 358//571 284//571
f 177//572 179//572 188//572
f 188//573 179//573 186//573
f 88//574 180//574 359//574
f 359//575 180//575 178//575
f 359//576 178//576 360//576
f 360//577 178//577 176//577
f 360//578 176//578 361//578
f 361//579 176//579 174//579
f 361//580 174//580 362//580
f 362//581 174//581 172//581
f 362//582 172//582 363//582
f 363//583 172//583 170//583
f 363//584 170//584 364//584
f 364//585 170//585 168//585
f 364//586 168//586 166//586
f 283//587 291//587 284//587
f 175//588 177//588 190//588
f 190//589 177//589 188//589
f 88//590 359//590 90//590
f 90//591 359//591 365//591
f 90//592 365//592 92//592
f 92//593 365//593 366//593
f 92//594 366//594 94//594
f 94//595 366//595 367//595
f 94//596 367//596 96//596
f 96//597 367//597 368//597
f 96//598 368//598 98//598
f 98//599 368//599 369//599
f 98//600 369//600 100//600
f 100//601 369//601 103//601
f 365//602 359//602 360//602
f 173//603 175//603 192//603
f 192//604 175//604 190//604
f 365//605 360//605 370//605
f 370//606 360//606 361//606
f 370//607 361//607 371//607
f 371//608 361//608 362//608
f 371//609 362//609 372//609
f 372//610 362//610 363//610
f 372//611 363//611 373//611
f 373//612 363//612 364//612
f 373//613 364//613 374//613
f 374//614 364//614 166//614
f 374//615 166//615 375//615
f 375//616 166//616 164//616
f 375//617 164//617 376//617
f 376//618 164//618 162//618
f 376//619 162//619 377//619
f 377//620 162//620 160//620
f 377//621 160//621 378//621
f 378//622 160//622 158//622
f 378//623 158//623 379//623
f 379//624 158//624 156//624
f 379//625 156//625 380//625
f 380//626 156//626 154//626
f 380//627 154//627 381//627
f 381//628 154//628 152//628
f 381//629 152//629 382//629
f 382//630 152//630 150//630
f 382//631 150//631 383//631
f 383//632 150//632 148//632
f 383//633 148//633 384//633
f 384//634 148//634 146//634
f 384//635 146//635 385//635
f 385//636 146//636 144//636
f 385//637 144//637 386//637
f 386//638 144//638 142//638
f 386//639 142//639 387//639
f 387//640 142//640 140//640
f 387//641 140//641 388//641
f 388//642 140//642 137//642
f 388//643 137//643 135//643
f 196//644 171//644 194//644
f 194//645 171//645 173//645
f 194//646 173//646 192//646
f 171//647 196//647 169//647
f 169//648 196//648 198//648
f 169//649 198//649 167//649
f 370//650 371//650 366//650
f 366//651 371//651 367//651
f 367//652 371//652 389//652
f 389//653 371//653 372//653
f 389//654 372//654 390//654
f 390//655 372//655 373//655
f 390//656 373//656 391//656
f 391//657 373//657 374//657
f 391//658 374//658 375//658
f 365//659 370//659 366//659
f 367//660 389//660 368//660
f 368//661 389//661 392//661
f 368//662 392//662 369//662
f 369//663 392//663 393//663
f 369//664 393//664 103//664
f 103//665 393//665 105//665
f 392//666 389//666 390//666
f 392//667 390//667 394//667
f 394//668 390//668 395//668
f 394//669 395//669 396//669
f 396//670 395//670 397//670
f 396//671 397//671 398//671
f 398//672 397//672 399//672
f 398//673 399//673 109//673
f 109//674 399//674 400//674
f 109//675 400//675 111//675
f 111//676 400//676 401//676
f 111//677 401//677 113//677
f 113//678 401//678 402//678
f 113//679 402//679 115//679
f 115//680 402//680 403//680
f 115//681 403//681 117//681
f 117//682 403//682 404//682
f 117//683 404//683 119//683
f 119//684 404//684 405//684
f 119//685 405//685 121//685
f 121//686 405//686 406//686
f 121//687 406//687 123//687
f 123//688 406//688 407//688
f 123//689 407//689 125//689
f 125//690 407//690 408//690
f 125//691 408//691 127//691
f 127//692 408//692 409//692
f 127//693 409//693 129//693
f 129//694 409//694 410//694
f 129//695 410//695 131//695
f 131//696 410//696 411//696
f 131//697 411//697 133//697
f 133//698 411//698 134//698
f 390//699 391//699 395//699
f 395//700 391//700 412//700
f 395//701 412//701 397//701
f 397//702 412//702 399//702
f 412//703 391//703 375//703
f 392//704 394//704 393//704
f 393//705 394//705 396//705
f 393//706 396//706 105//706
f 105//707 396//707 107//707
f 107//708 396//708 398//708
f 399//709 412//709 376//709
f 376//710 412//710 375//710
f 400//711 399//711 376//711
f 400//712 376//712 377//712
f 109//713 107//713 398//713
f 258//714 228//714 227//714
f 401//715 400//715 377//715
f 401//716 377//716 378//716
f 258//717 227//717 226//717
f 256//718 258//718 226//718
f 155//719 157//719 208//719
f 208//720 157//720 207//720
f 402//721 401//721 378//721
f 402//722 378//722 379//722
f 254//723 256//723 226//723
f 153//724 155//724 210//724
f 210//725 155//725 208//725
f 403//726 402//726 379//726
f 403//727 379//727 380//727
f 403//728 380//728 404//728
f 404//729 380//729 381//729
f 404//730 381//730 405//730
f 405//731 381//731 382//731
f 405//732 382//732 406//732
f 406//733 382//733 383//733
f 406//734 383//734 407//734
f 407//735 383//735 384//735
f 407//736 384//736 408//736
f 408//737 384//737 385//737
f 408//738 385//738 409//738
f 409//739 385//739 386//739
f 409//740 386//740 410//740
f 410//741 386//741 387//741
f 410//742 387//742 411//742
f 411//743 387//743 388//743
f 411//744 388//744 134//744
f 134//745 388//745 135//745
f 244//746 222//746 221//746
f 244//747 221//747 413//747
f 413//748 221//748 220//748
f 413//749 220//749 414//749
f 414//750 220//750 219//750
f 414//751 219//751 415//751
f 415//752 219//752 218//752
f 415//753 218//753 416//753
f 416//754 218//754 217//754
f 416//755 217//755 417//755
f 417//756 217//756 216//756
f 417//757 216//757 230//757
f 230//758 216//758 215//758
f 244//759 413//759 242//759
f 242//760 413//760 418//760
f 242//761 418//761 240//761
f 240//762 418//762 238//762
f 418//763 413//763 414//763
f 418//764 414//764 419//764
f 419//765 414//765 415//765
f 419//766 415//766 420//766
f 420//767 415//767 416//767
f 420//768 416//768 421//768
f 421//769 416//769 417//769
f 421//770 417//770 231//770
f 231//771 417//771 230//771
f 236//772 238//772 419//772
f 419//773 238//773 418//773
f 236//774 419//774 420//774
f 234//775 236//775 420//775
f 234//776 420//776 421//776
f 232//777 234//777 421//777
f 232//778 421//778 231//778
f 138//779 139//779 65//779
f 65//779 139//779 66//779
f 66//779 139//779 68//779
f 68//779 139//779 70//779
f 70//780 139//780 54//780
f 54//781 139//781 55//781
f 55//779 139//779 141//779
f 55//779 141//779 143//779
f 143//779 214//779 55//779
f 55//779 214//779 72//779
f 72//779 214//779 76//779
f 76//779 214//779 30//779
f 30//779 214//779 31//779
f 31//782 214//782 78//782
f 78//783 214//783 182//783
f 182//779 214//779 185//779
f 185//779 214//779 187//779
f 187//779 214//779 189//779
f 189//779 214//779 191//779
f 191//779 214//779 193//779
f 193//779 214//779 195//779
f 195//779 214//779 197//779
f 197//779 214//779 200//779
f 200//779 214//779 202//779
f 202//779 214//779 213//779
f 202//779 213//779 212//779
f 211//779 209//779 212//779
f 212//779 209//779 206//779
f 212//779 206//779 204//779
f 204//779 202//779 212//779
f 422//784 423//784 424//784
f 424//785 423//785 425//785
f 424//786 425//786 426//786
f 426//787 425//787 427//787
f 426//788 427//788 428//788
f 428//789 427//789 429//789
f 428//790 429//790 430//790
f 430//791 429//791 431//791
f 430//792 431//792 432//792
f 432//793 431//793 433//793
f 432//794 433//794 434//794
f 434//795 433//795 435//795
f 434//796 435//796 436//796
f 436//797 435//797 437//797
f 436//798 437//798 438//798
f 438//799 437//799 439//799
f 438//800 439//800 440//800
f 440//801 439//801 441//801
f 440//802 441//802 442//802
f 442//803 441//803 443//803
f 442//804 443//804 444//804
f 444//805 443//805 445//805
f 444//806 445//806 446//806
f 446//807 445//807 447//807
f 446//808 447//808 448//808
f 448//809 447//809 449//809
f 448//810 449//810 450//810
f 450//811 449//811 451//811
f 450//812 451//812 452//812
f 425//813 453//813 427//813
f 427//814 453//814 454//814
f 427//815 454//815 429//815
f 429//816 454//816 455//816
f 429//817 455//817 431//817
f 431//818 455//818 456//818
f 431//819 456//819 433//819
f 433//820 456//820 457//820
f 433//821 457//821 435//821
f 435//822 457//822 458//822
f 435//823 458//823 437//823
f 437//824 458//824 459//824
f 437//825 459//825 439//825
f 439//826 459//826 460//826
f 439//827 460//827 441//827
f 441//828 460//828 461//828
f 441//829 461//829 443//829
f 443//830 461//830 445//830
f 453//831 462//831 454//831
f 454//832 462//832 463//832
f 454//833 463//833 455//833
f 455//834 463//834 464//834
f 455//835 464//835 456//835
f 456//836 464//836 465//836
f 456//837 465//837 466//837
f 466//838 465//838 467//838
f 466//839 467//839 468//839
f 468//840 467//840 469//840
f 468//841 469//841 470//841
f 470//842 469//842 471//842
f 470//843 471//843 472//843
f 472//844 471//844 473//844
f 472//845 473//845 474//845
f 474//846 473//846 475//846
f 474//847 475//847 476//847
f 462//848 477//848 463//848
f 463//849 477//849 478//849
f 463//850 478//850 464//850
f 464//851 478//851 479//851
f 464//852 479//852 465//852
f 465//853 479//853 480//853
f 465//854 480//854 467//854
f 467//855 480//855 469//855
f 478//856 477//856 481//856
f 481//857 477//857 482//857
f 481//858 482//858 483//858
f 483//859 482//859 484//859
f 483//860 484//860 485//860
f 485//861 484//861 486//861
f 485//862 486//862 487//862
f 485//863 487//863 488//863
f 488//864 487//864 489//864
f 488//865 489//865 490//865
f 490//866 489//866 491//866
f 490//867 491//867 473//867
f 473//868 491//868 475//868
f 474//869 476//869 492//869
f 492//870 476//870 493//870
f 492//871 493//871 494//871
f 494//872 493//872 495//872
f 494//873 495//873 496//873
f 496//874 495//874 447//874
f 496//875 447//875 445//875
f 493//876 497//876 495//876
f 495//877 497//877 449//877
f 495//878 449//878 447//878
f 497//879 451//879 449//879
f 450//880 452//880 498//880
f 498//881 452//881 499//881
f 498//882 499//882 500//882
f 500//883 499//883 501//883
f 500//884 501//884 502//884
f 502//885 501//885 503//885
f 502//886 503//886 504//886
f 504//887 503//887 505//887
f 504//888 505//888 506//888
f 506//889 505//889 507//889
f 506//890 507//890 508//890
f 508//891 507//891 509//891
f 508//892 509//892 510//892
f 510//893 509//893 511//893
f 510//894 511//894 512//894
f 512//895 511//895 513//895
f 512//896 513//896 514//896
f 514//897 513//897 515//897
f 514//898 515//898 516//898
f 516//899 515//899 517//899
f 516//900 517//900 518//900
f 518//901 517//901 519//901
f 518//902 519//902 520//902
f 520//903 519//903 521//903
f 520//904 521//904 522//904
f 522//905 521//905 523//905
f 523//906 521//906 524//906
f 523//907 524//907 525//907
f 525//908 524//908 526//908
f 525//909 526//909 527//909
f 527//910 526//910 528//910
f 527//911 528//911 529//911
f 529//912 528//912 530//912
f 529//913 530//913 531//913
f 531//914 530//914 532//914
f 531//915 532//915 533//915
f 533//916 532//916 534//916
f 533//917 534//917 535//917
f 535//918 534//918 536//918
f 535//919 536//919 537//919
f 537//920 536//920 538//920
f 537//921 538//921 539//921
f 539//922 538//922 540//922
f 539//923 540//923 541//923
f 541//924 540//924 542//924
f 541//925 542//925 543//925
f 543//926 542//926 544//926
f 543//927 544//927 545//927
f 545//928 544//928 546//928
f 545//929 546//929 547//929
f 547//930 546//930 548//930
f 547//931 548//931 549//931
f 549//932 548//932 550//932
f 549//933 550//933 551//933
f 551//934 550//934 552//934
f 551//935 552//935 553//935
f 553//936 552//936 554//936
f 553//937 554//937 477//937
f 477//938 554//938 482//938
f 482//939 554//939 555//939
f 482//940 555//940 484//940
f 484//941 555//941 556//941
f 484//942 556//942 557//942
f 557//943 556//943 558//943
f 557//944 558//944 559//944
f 559//945 558//945 560//945
f 560//946 558//946 561//946
f 560//947 561//947 562//947
f 562//948 561//948 563//948
f 562//949 563//949 564//949
f 564//950 563//950 565//950
f 564//951 565//951 566//951
f 566//952 565//952 567//952
f 566//953 567//953 568//953
f 568//954 567//954 569//954
f 568//955 569//955 570//955
f 570//956 569//956 571//956
f 570//957 571//957 572//957
f 572//958 571//958 573//958
f 572//959 573//959 574//959
f 574//960 573//960 575//960
f 574//961 575//961 576//961
f 576//962 575//962 577//962
f 576//963 577//963 578//963
f 578//964 577//964 579//964
f 578//965 579//965 580//965
f 580//966 579//966 581//966
f 580//967 581//967 582//967
f 582//968 581//968 583//968
f 582//969 583//969 584//969
f 584//970 583//970 585//970
f 584//971 585//971 586//971
f 586//972 585//972 587//972
f 586//973 587//973 588//973
f 588//974 587//974 589//974
f 588//975 589//975 590//975
f 590//976 589//976 591//976
f 590//977 591//977 592//977
f 592//978 591//978 593//978
f 592//979 593//979 594//979
f 594//980 593//980 595//980
f 594//981 595//981 596//981
f 596//982 595//982 597//982
f 596//983 597//983 598//983
f 598//984 597//984 599//984
f 598//985 599//985 600//985
f 600//986 599//986 601//986
f 600//987 601//987 602//987
f 602//988 601//988 507//988
f 602//989 507//989 505//989
f 499//990 603//990 501//990
f 501//991 603//991 604//991
f 501//992 604//992 503//992
f 503//993 604//993 605//993
f 503//994 605//994 505//994
f 505//995 605//995 602//995
f 603//996 606//996 604//996
f 604//997 606//997 605//997
f 605//998 606//998 607//998
f 607//999 606//999 608//999
f 607//1000 608//1000 609//1000
f 609//1001 608//1001 610//1001
f 609//1002 610//1002 611//1002
f 611//1003 610//1003 612//1003
f 611//1004 612//1004 613//1004
f 613//1005 612//1005 614//1005
f 613//1006 614//1006 615//1006
f 615//1007 614//1007 616//1007
f 615//1008 616//1008 617//1008
f 617//1009 616//1009 618//1009
f 617//1010 618//1010 619//1010
f 619//1011 618//1011 620//1011
f 619//1012 620//1012 588//1012
f 588//1013 620//1013 586//1013
f 618//1014 621//1014 620//1014
f 620//1015 621//1015 622//1015
f 620//1016 622//1016 586//1016
f 586//1017 622//1017 584//1017
f 621//1018 623//1018 622//1018
f 622//1019 623//1019 624//1019
f 622//1020 624//1020 584//1020
f 584//1021 624//1021 582//1021
f 623//1022 625//1022 624//1022
f 624//1023 625//1023 626//1023
f 624//1024 626//1024 582//1024
f 582//1025 626//1025 580//1025
f 625//1026 627//1026 626//1026
f 626//1027 627//1027 628//1027
f 626//1028 628//1028 580//1028
f 580//1029 628//1029 578//1029
f 628//1030 627//1030 629//1030
f 629//1031 627//1031 630//1031
f 629//1032 630//1032 631//1032
f 631//1033 630//1033 632//1033
f 631//1034 632//1034 574//1034
f 574//1035 632//1035 572//1035
f 632//1036 633//1036 572//1036
f 572//1037 633//1037 570//1037
f 633//1038 634//1038 570//1038
f 570//1039 634//1039 568//1039
f 634//1040 635//1040 568//1040
f 568//1041 635//1041 566//1041
f 635//1042 564//1042 566//1042
f 559//1043 486//1043 557//1043
f 557//1044 486//1044 484//1044
f 477//1045 462//1045 553//1045
f 553//1046 462//1046 636//1046
f 553//1047 636//1047 551//1047
f 551//1048 636//1048 637//1048
f 551//1049 637//1049 549//1049
f 549//1050 637//1050 638//1050
f 549//1051 638//1051 547//1051
f 547//1052 638//1052 639//1052
f 547//1053 639//1053 545//1053
f 545//1054 639//1054 640//1054
f 545//1055 640//1055 543//1055
f 543//1056 640//1056 641//1056
f 543//1057 641//1057 541//1057
f 541//1058 641//1058 642//1058
f 541//1059 642//1059 539//1059
f 539//1060 642//1060 643//1060
f 539//1061 643//1061 537//1061
f 537//1062 643//1062 644//1062
f 537//1063 644//1063 535//1063
f 535//1064 644//1064 645//1064
f 535//1065 645//1065 533//1065
f 533//1066 645//1066 646//1066
f 533//1067 646//1067 531//1067
f 531//1068 646//1068 647//1068
f 531//1069 647//1069 529//1069
f 529//1070 647//1070 648//1070
f 529//1071 648//1071 527//1071
f 527//1072 648//1072 649//1072
f 527//1073 649//1073 525//1073
f 525//1074 649//1074 650//1074
f 525//1075 650//1075 523//1075
f 636//1076 462//1076 651//1076
f 651//1077 462//1077 453//1077
f 651//1078 453//1078 652//1078
f 652//1079 453//1079 425//1079
f 652//1080 425//1080 653//1080
f 653//1081 425//1081 423//1081
f 653//1082 423//1082 654//1082
f 653//1083 654//1083 655//1083
f 655//1084 654//1084 656//1084
f 655//1085 656//1085 657//1085
f 657//1086 656//1086 658//1086
f 657//1087 658//1087 659//1087
f 659//1088 658//1088 660//1088
f 659//1089 660//1089 661//1089
f 661//1090 660//1090 662//1090
f 661//1091 662//1091 663//1091
f 663//1092 662//1092 664//1092
f 663//1093 664//1093 665//1093
f 665//1094 664//1094 666//1094
f 665//1095 666//1095 643//1095
f 643//1096 666//1096 644//1096
f 662//1097 667//1097 664//1097
f 664//1098 667//1098 668//1098
f 664//1099 668//1099 666//1099
f 666//1100 668//1100 669//1100
f 666//1101 669//1101 644//1101
f 644//1102 669//1102 645//1102
f 667//1103 670//1103 668//1103
f 668//1104 670//1104 671//1104
f 668//1105 671//1105 669//1105
f 669//1106 671//1106 672//1106
f 669//1107 672//1107 645//1107
f 645//1108 672//1108 646//1108
f 670//1109 673//1109 671//1109
f 671//1110 673//1110 674//1110
f 671//1111 674//1111 672//1111
f 672//1112 674//1112 675//1112
f 672//1113 675//1113 646//1113
f 646//1114 675//1114 647//1114
f 673//1115 676//1115 674//1115
f 674//1116 676//1116 675//1116
f 675//1117 676//1117 677//1117
f 677//1118 676//1118 678//1118
f 677//1119 678//1119 679//1119
f 679//1120 678//1120 680//1120
f 679//1121 680//1121 649//1121
f 649//1122 680//1122 650//1122
f 522//1123 681//1123 520//1123
f 520//1124 681//1124 682//1124
f 520//1125 682//1125 518//1125
f 518//1126 682//1126 516//1126
f 681//1127 683//1127 682//1127
f 682//1128 683//1128 684//1128
f 682//1129 684//1129 516//1129
f 516//1130 684//1130 685//1130
f 516//1131 685//1131 514//1131
f 514//1132 685//1132 686//1132
f 514//1133 686//1133 512//1133
f 512//1134 686//1134 687//1134
f 512//1135 687//1135 510//1135
f 510//1136 687//1136 688//1136
f 510//1137 688//1137 508//1137
f 508//1138 688//1138 689//1138
f 508//1139 689//1139 506//1139
f 506//1140 689//1140 690//1140
f 506//1141 690//1141 504//1141
f 504//1142 690//1142 691//1142
f 504//1143 691//1143 502//1143
f 502//1144 691//1144 692//1144
f 502//1145 692//1145 500//1145
f 500//1146 692//1146 498//1146
f 683//1147 693//1147 684//1147
f 684//1148 693//1148 694//1148
f 684//1149 694//1149 685//1149
f 685//1150 694//1150 695//1150
f 685//1151 695//1151 686//1151
f 686//1152 695//1152 696//1152
f 686//1153 696//1153 687//1153
f 687//1154 696//1154 697//1154
f 687//1155 697//1155 688//1155
f 688//1156 697//1156 698//1156
f 688//1157 698//1157 689//1157
f 689//1158 698//1158 699//1158
f 689//1159 699//1159 690//1159
f 690//1160 699//1160 700//1160
f 690//1161 700//1161 691//1161
f 691//1162 700//1162 701//1162
f 691//1163 701//1163 692//1163
f 692//1164 701//1164 702//1164
f 692//1165 702//1165 498//1165
f 498//1166 702//1166 450//1166
f 693//1167 703//1167 694//1167
f 694//1168 703//1168 704//1168
f 694//1169 704//1169 695//1169
f 695//1170 704//1170 705//1170
f 695//1171 705//1171 696//1171
f 696//1172 705//1172 706//1172
f 696//1173 706//1173 697//1173
f 697//1174 706//1174 707//1174
f 697//1175 707//1175 698//1175
f 698//1176 707//1176 708//1176
f 698//1177 708//1177 699//1177
f 699//1178 708//1178 709//1178
f 699//1179 709//1179 700//1179
f 700//1180 709//1180 710//1180
f 700//1181 710//1181 701//1181
f 701//1182 710//1182 711//1182
f 701//1183 711//1183 702//1183
f 702//1184 711//1184 448//1184
f 702//1185 448//1185 450//1185
f 704//1186 703//1186 712//1186
f 712//1187 703//1187 713//1187
f 712//1188 713//1188 714//1188
f 714//1189 713//1189 715//1189
f 714//1190 715//1190 716//1190
f 716//1191 715//1191 717//1191
f 716//1192 717//1192 718//1192
f 718//1193 717//1193 719//1193
f 718//1194 719//1194 720//1194
f 720//1195 719//1195 721//1195
f 720//1196 721//1196 722//1196
f 722//1197 721//1197 723//1197
f 722//1198 723//1198 724//1198
f 724//1199 723//1199 725//1199
f 724//1200 725//1200 726//1200
f 726//1201 725//1201 727//1201
f 726//1202 727//1202 728//1202
f 728//1203 727//1203 729//1203
f 728//1204 729//1204 730//1204
f 730//1205 729//1205 731//1205
f 730//1206 731//1206 438//1206
f 438//1207 731//1207 436//1207
f 717//1208 732//1208 719//1208
f 719//1209 732//1209 721//1209
f 732//1210 733//1210 721//1210
f 721//1211 733//1211 723//1211
f 733//1212 734//1212 723//1212
f 723//1213 734//1213 725//1213
f 734//1214 735//1214 725//1214
f 725//1215 735//1215 727//1215
f 727//1216 735//1216 736//1216
f 736//1217 735//1217 737//1217
f 736//1218 737//1218 738//1218
f 738//1219 737//1219 739//1219
f 738//1220 739//1220 740//1220
f 740//1221 739//1221 741//1221
f 740//1222 741//1222 742//1222
f 742//1223 741//1223 743//1223
f 742//1224 743//1224 744//1224
f 744//1225 743//1225 745//1225
f 744//1226 745//1226 430//1226
f 430//1227 745//1227 428//1227
f 743//1228 746//1228 745//1228
f 745//1229 746//1229 747//1229
f 745//1230 747//1230 428//1230
f 428//1231 747//1231 426//1231
f 746//1232 422//1232 747//1232
f 747//1233 422//1233 424//1233
f 747//1234 424//1234 426//1234
f 483//1235 485//1235 748//1235
f 748//1236 485//1236 488//1236
f 748//1237 488//1237 749//1237
f 749//1238 488//1238 490//1238
f 749//1239 490//1239 471//1239
f 471//1240 490//1240 473//1240
f 479//1241 478//1241 481//1241
f 481//1242 483//1242 750//1242
f 750//1243 483//1243 748//1243
f 750//1244 748//1244 751//1244
f 751//1245 748//1245 749//1245
f 751//1246 749//1246 469//1246
f 469//1247 749//1247 471//1247
f 480//1248 479//1248 750//1248
f 750//1249 479//1249 481//1249
f 480//1250 750//1250 751//1250
f 469//1251 480//1251 751//1251
f 457//1252 456//1252 466//1252
f 744//1253 430//1253 432//1253
f 458//1254 457//1254 466//1254
f 458//1255 466//1255 468//1255
f 744//1256 432//1256 752//1256
f 752//1257 432//1257 434//1257
f 752//1258 434//1258 753//1258
f 753//1259 434//1259 436//1259
f 753//1260 436//1260 731//1260
f 472//1261 474//1261 754//1261
f 754//1262 474//1262 492//1262
f 754//1263 492//1263 755//1263
f 755//1264 492//1264 494//1264
f 755//1265 494//1265 496//1265
f 470//1266 472//1266 756//1266
f 756//1267 472//1267 754//1267
f 756//1268 754//1268 757//1268
f 757//1269 754//1269 755//1269
f 757//1270 755//1270 758//1270
f 758//1271 755//1271 496//1271
f 758//1272 496//1272 445//1272
f 468//1273 470//1273 459//1273
f 459//1274 470//1274 756//1274
f 459//1275 756//1275 460//1275
f 460//1276 756//1276 757//1276
f 460//1277 757//1277 461//1277
f 461//1278 757//1278 758//1278
f 461//1279 758//1279 445//1279
f 468//1280 459//1280 458//1280
f 753//1281 759//1281 752//1281
f 752//1282 759//1282 742//1282
f 752//1283 742//1283 744//1283
f 738//1284 740//1284 759//1284
f 759//1285 740//1285 742//1285
f 759//1286 753//1286 760//1286
f 760//1287 753//1287 731//1287
f 760//1288 731//1288 729//1288
f 730//1289 438//1289 440//1289
f 736//1290 738//1290 760//1290
f 760//1291 738//1291 759//1291
f 736//1292 760//1292 729//1292
f 730//1293 440//1293 761//1293
f 761//1294 440//1294 762//1294
f 761//1295 762//1295 763//1295
f 763//1296 762//1296 764//1296
f 763//1297 764//1297 765//1297
f 765//1298 764//1298 766//1298
f 765//1299 766//1299 767//1299
f 767//1300 766//1300 768//1300
f 767//1301 768//1301 769//1301
f 769//1302 768//1302 709//1302
f 769//1303 709//1303 708//1303
f 727//1304 736//1304 729//1304
f 440//1305 442//1305 762//1305
f 762//1306 442//1306 770//1306
f 762//1307 770//1307 764//1307
f 764//1308 770//1308 766//1308
f 770//1309 442//1309 444//1309
f 730//1310 761//1310 728//1310
f 728//1311 761//1311 763//1311
f 728//1312 763//1312 726//1312
f 726//1313 763//1313 771//1313
f 726//1314 771//1314 724//1314
f 724//1315 771//1315 772//1315
f 724//1316 772//1316 722//1316
f 722//1317 772//1317 720//1317
f 771//1318 763//1318 765//1318
f 770//1319 444//1319 773//1319
f 773//1320 444//1320 446//1320
f 773//1321 446//1321 711//1321
f 711//1322 446//1322 448//1322
f 768//1323 766//1323 773//1323
f 773//1324 766//1324 770//1324
f 768//1325 773//1325 710//1325
f 710//1326 773//1326 711//1326
f 771//1327 765//1327 767//1327
f 772//1328 771//1328 767//1328
f 709//1329 768//1329 710//1329
f 772//1330 767//1330 774//1330
f 774//1331 767//1331 769//1331
f 774//1332 769//1332 775//1332
f 775//1333 769//1333 708//1333
f 775//1334 708//1334 707//1334
f 772//1335 774//1335 720//1335
f 720//1336 774//1336 776//1336
f 720//1337 776//1337 718//1337
f 718//1338 776//1338 777//1338
f 718//1339 777//1339 716//1339
f 716//1340 777//1340 714//1340
f 776//1341 774//1341 775//1341
f 776//1342 775//1342 778//1342
f 778//1343 775//1343 707//1343
f 778//1344 707//1344 706//1344
f 777//1345 778//1345 779//1345
f 779//1346 778//1346 706//1346
f 779//1347 706//1347 705//1347
f 778//1348 777//1348 776//1348
f 602//1349 605//1349 607//1349
f 600//1350 602//1350 607//1350
f 509//1351 507//1351 601//1351
f 712//1352 714//1352 779//1352
f 779//1353 714//1353 777//1353
f 712//1354 779//1354 705//1354
f 598//1355 600//1355 609//1355
f 609//1356 600//1356 607//1356
f 509//1357 601//1357 780//1357
f 780//1358 601//1358 599//1358
f 780//1359 599//1359 781//1359
f 781//1360 599//1360 597//1360
f 781//1361 597//1361 782//1361
f 782//1362 597//1362 595//1362
f 782//1363 595//1363 783//1363
f 783//1364 595//1364 593//1364
f 783//1365 593//1365 784//1365
f 784//1366 593//1366 591//1366
f 784//1367 591//1367 785//1367
f 785//1368 591//1368 589//1368
f 785//1369 589//1369 587//1369
f 704//1370 712//1370 705//1370
f 596//1371 598//1371 611//1371
f 611//1372 598//1372 609//1372
f 509//1373 780//1373 511//1373
f 511//1374 780//1374 786//1374
f 511//1375 786//1375 513//1375
f 513//1376 786//1376 787//1376
f 513//1377 787//1377 515//1377
f 515//1378 787//1378 788//1378
f 515//1379 788//1379 517//1379
f 517//1380 788//1380 789//1380
f 517//1381 789//1381 519//1381
f 519//1382 789//1382 790//1382
f 519//1383 790//1383 521//1383
f 521//1384 790//1384 524//1384
f 786//1385 780//1385 781//1385
f 594//1386 596//1386 613//1386
f 613//1387 596//1387 611//1387
f 786//1388 781//1388 791//1388
f 791//1389 781//1389 782//1389
f 791//1390 782//1390 792//1390
f 792//1391 782//1391 783//1391
f 792//1392 783//1392 793//1392
f 793//1393 783//1393 784//1393
f 793//1394 784//1394 794//1394
f 794//1395 784//1395 785//1395
f 794//1396 785//1396 795//1396
f 795//1397 785//1397 587//1397
f 795//1398 587//1398 796//1398
f 796//1399 587//1399 585//1399
f 796//1400 585//1400 797//1400
f 797//1401 585//1401 583//1401
f 797//1402 583//1402 798//1402
f 798//1403 583//1403 581//1403
f 798//1404 581//1404 799//1404
f 799//1405 581//1405 579//1405
f 799//1406 579//1406 800//1406
f 800//1407 579//1407 577//1407
f 800//1408 577//1408 801//1408
f 801//1409 577//1409 575//1409
f 801//1410 575//1410 802//1410
f 802//1411 575//1411 573//1411
f 802//1412 573//1412 803//1412
f 803//1413 573//1413 571//1413
f 803//1414 571//1414 804//1414
f 804//1415 571//1415 569//1415
f 804//1416 569//1416 805//1416
f 805//1417 569//1417 567//1417
f 805//1418 567//1418 806//1418
f 806//1419 567//1419 565//1419
f 806//1420 565//1420 807//1420
f 807//1421 565//1421 563//1421
f 807//1422 563//1422 808//1422
f 808//1423 563//1423 561//1423
f 808//1424 561//1424 809//1424
f 809//1425 561//1425 558//1425
f 809//1426 558//1426 556//1426
f 617//1427 592//1427 615//1427
f 615//1428 592//1428 594//1428
f 615//1429 594//1429 613//1429
f 592//1430 617//1430 590//1430
f 590//1431 617//1431 619//1431
f 590//1432 619//1432 588//1432
f 791//1433 792//1433 787//1433
f 787//1434 792//1434 788//1434
f 788//1435 792//1435 810//1435
f 810//1436 792//1436 793//1436
f 810//1437 793//1437 811//1437
f 811//1438 793//1438 794//1438
f 811//1439 794//1439 812//1439
f 812//1440 794//1440 795//1440
f 812//1441 795//1441 796//1441
f 786//1442 791//1442 787//1442
f 788//1443 810//1443 789//1443
f 789//1444 810//1444 813//1444
f 789//1445 813//1445 790//1445
f 790//1446 813//1446 814//1446
f 790//1447 814//1447 524//1447
f 524//1448 814//1448 526//1448
f 813//1449 810//1449 811//1449
f 813//1450 811//1450 815//1450
f 815//1451 811//1451 816//1451
f 815//1452 816//1452 817//1452
f 817//1453 816//1453 818//1453
f 817//1454 818//1454 819//1454
f 819//1455 818//1455 820//1455
f 819//1456 820//1456 530//1456
f 530//1457 820//1457 821//1457
f 530//1458 821//1458 532//1458
f 532//1459 821//1459 822//1459
f 532//1460 822//1460 534//1460
f 534//1461 822//1461 823//1461
f 534//1462 823//1462 536//1462
f 536//1463 823//1463 824//1463
f 536//1464 824//1464 538//1464
f 538//1465 824//1465 825//1465
f 538//1466 825//1466 540//1466
f 540//1467 825//1467 826//1467
f 540//1468 826//1468 542//1468
f 542//1469 826//1469 827//1469
f 542//1470 827//1470 544//1470
f 544//1471 827//1471 828//1471
f 544//1472 828//1472 546//1472
f 546//1473 828//1473 829//1473
f 546//1474 829//1474 548//1474
f 548//1475 829//1475 830//1475
f 548//1476 830//1476 550//1476
f 550//1477 830//1477 831//1477
f 550//1478 831//1478 552//1478
f 552//1479 831//1479 832//1479
f 552//1480 832//1480 554//1480
f 554//1481 832//1481 555//1481
f 811//1482 812//1482 816//1482
f 816//1483 812//1483 833//1483
f 816//1484 833//1484 818//1484
f 818//1485 833//1485 820//1485
f 833//1486 812//1486 796//1486
f 813//1487 815//1487 814//1487
f 814//1488 815//1488 817//1488
f 814//1489 817//1489 526//1489
f 526//1490 817//1490 528//1490
f 528//1491 817//1491 819//1491
f 820//1492 833//1492 797//1492
f 797//1493 833//1493 796//1493
f 821//1494 820//1494 797//1494
f 821//1495 797//1495 798//1495
f 530//1496 528//1496 819//1496
f 679//1497 649//1497 648//1497
f 822//1498 821//1498 798//1498
f 822//1499 798//1499 799//1499
f 679//1500 648//1500 647//1500
f 677//1501 679//1501 647//1501
f 576//1502 578//1502 629//1502
f 629//1503 578//1503 628//1503
f 823//1504 822//1504 799//1504
f 823//1505 799//1505 800//1505
f 675//1506 677//1506 647//1506
f 574//1507 576//1507 631//1507
f 631//1508 576//1508 629//1508
f 824//1509 823//1509 800//1509
f 824//1510 800//1510 801//1510
f 824//1511 801//1511 825//1511
f 825//1512 801//1512 802//1512
f 825//1513 802//1513 826//1513
f 826//1514 802//1514 803//1514
f 826//1515 803//1515 827//1515
f 827//1516 803//1516 804//1516
f 827//1517 804//1517 828//1517
f 828//1518 804//1518 805//1518
f 828//1519 805//1519 829//1519
f 829//1520 805//1520 806//1520
f 829//1521 806//1521 830//1521
f 830//1522 806//1522 807//1522
f 830//1523 807//1523 831//1523
f 831//1524 807//1524 808//1524
f 831//1525 808//1525 832//1525
f 832//1526 808//1526 809//1526
f 832//1527 809//1527 555//1527
f 555//1528 809//1528 556//1528
f 665//1529 643//1529 642//1529
f 665//1530 642//1530 834//1530
f 834//1531 642//1531 641//1531
f 834//1532 641//1532 835//1532
f 835//1533 641//1533 640//1533
f 835//1534 640//1534 836//1534
f 836//1535 640//1535 639//1535
f 836//1536 639//1536 837//1536
f 837//1537 639//1537 638//1537
f 837//1538 638//1538 838//1538
f 838//1539 638//1539 637//1539
f 838//1540 637//1540 651//1540
f 651//1541 637//1541 636//1541
f 665//1542 834//1542 663//1542
f 663//1543 834//1543 839//1543
f 663//1544 839//1544 661//1544
f 661//1545 839//1545 659//1545
f 839//1546 834//1546 835//1546
f 839//1547 835//1547 840//1547
f 840//1548 835//1548 836//1548
f 840//1549 836//1549 841//1549
f 841//1550 836//1550 837//1550
f 841//1551 837//1551 842//1551
f 842//1552 837//1552 838//1552
f 842//1553 838//1553 652//1553
f 652//1554 838//1554 651//1554
f 657//1555 659//1555 840//1555
f 840//1556 659//1556 839//1556
f 657//1557 840//1557 841//1557
f 655//1558 657//1558 841//1558
f 655//1559 841//1559 842//1559
f 653//1560 655//1560 842//1560
f 653//1561 842//1561 652//1561
f 486//1562 559//1562 487//1562
f 487//1562 559//1562 560//1562
f 487//1562 560//1562 489//1562
f 489//1563 560//1563 491//1563
f 491//1564 560//1564 562//1564
f 491//1565 562//1565 564//1565
f 635//1562 476//1562 564//1562
f 564//1562 476//1562 475//1562
f 564//1566 475//1566 491//1566
f 476//1562 635//1562 493//1562
f 493//1562 635//1562 634//1562
f 493//1562 634//1562 633//1562
f 632//1567 451//1567 633//1567
f 633//1562 451//1562 497//1562
f 633//1562 497//1562 493//1562
f 632//1568 630//1568 451//1568
f 451//1569 630//1569 452//1569
f 452//1570 630//1570 627//1570
f 452//1571 627//1571 499//1571
f 499//1572 627//1572 603//1572
f 603//1573 627//1573 625//1573
f 603//1574 625//1574 623//1574
f 603//1575 623//1575 606//1575
f 606//1562 623//1562 621//1562
f 606//1562 621//1562 608//1562
f 608//1562 621//1562 610//1562
f 610//1562 621//1562 618//1562
f 610//1562 618//1562 616//1562
f 614//1562 612//1562 616//1562
f 616//1562 612//1562 610//1562
f 654//1576 423//1576 843//1576
f 843//1577 423//1577 422//1577
f 843//1578 422//1578 844//1578
f 844//1579 422//1579 746//1579
f 844//1580 746//1580 845//1580
f 845//1581 746//1581 743//1581
f 845//1582 743//1582 741//1582
f 845//1583 741//1583 846//1583
f 846//1584 741//1584 739//1584
f 846//1585 739//1585 847//1585
f 847//1586 739//1586 737//1586
f 847//1587 737//1587 848//1587
f 848//1588 737//1588 735//1588
f 848//1589 735//1589 734//1589
f 848//1590 734//1590 849//1590
f 849//1591 734//1591 733//1591
f 849//1592 733//1592 850//1592
f 850//1593 733//1593 732//1593
f 850//1594 732//1594 851//1594
f 851//1595 732//1595 717//1595
f 851//1596 717//1596 715//1596
f 851//1597 715//1597 852//1597
f 852//1598 715//1598 713//1598
f 852//1599 713//1599 853//1599
f 853//1600 713//1600 703//1600
f 853//1601 703//1601 854//1601
f 854//1602 703//1602 693//1602
f 854//1603 693//1603 683//1603
f 854//1604 683//1604 855//1604
f 855//1605 683//1605 681//1605
f 855//1606 681//1606 856//1606
f 856//1607 681//1607 522//1607
f 856//1608 522//1608 857//1608
f 857//1609 522//1609 523//1609
f 857//1610 523//1610 650//1610
f 857//1611 650//1611 858//1611
f 858//1612 650//1612 680//1612
f 858//1613 680//1613 859//1613
f 859//1614 680//1614 678//1614
f 859//1615 678//1615 860//1615
f 860//1616 678//1616 676//1616
f 860//1617 676//1617 861//1617
f 861//1618 676//1618 673//1618
f 861//1619 673//1619 670//1619
f 861//1620 670//1620 862//1620
f 862//1621 670//1621 667//1621
f 862//1622 667//1622 863//1622
f 863//1623 667//1623 662//1623
f 863//1624 662//1624 864//1624
f 864//1625 662//1625 660//1625
f 864//1626 660//1626 658//1626
f 864//1627 658//1627 865//1627
f 865//1628 658//1628 656//1628
f 865//1629 656//1629 866//1629
f 866//1630 656//1630 654//1630
f 866//1631 654//1631 843//1631
f 1//1632 867//1632 2//1632
f 2//1633 867//1633 868//1633
f 2//1634 868//1634 233//1634
f 233//1635 868//1635 869//1635
f 233//1636 869//1636 235//1636
f 235//1637 869//1637 237//1637
f 237//1638 869//1638 870//1638
f 237//1639 870//1639 239//1639
f 239//1640 870//1640 871//1640
f 239//1641 871//1641 241//1641
f 241//1642 871//1642 872//1642
f 241//1643 872//1643 246//1643
f 246//1644 872//1644 249//1644
f 249//1645 872//1645 873//1645
f 249//1646 873//1646 252//1646
f 252//1647 873//1647 874//1647
f 252//1648 874//1648 255//1648
f 255//1649 874//1649 875//1649
f 255//1650 875//1650 257//1650
f 257//1651 875//1651 259//1651
f 259//1652 875//1652 876//1652
f 259//1653 876//1653 229//1653
f 229//1654 876//1654 877//1654
f 229//1655 877//1655 102//1655
f 102//1656 877//1656 101//1656
f 101//1657 877//1657 878//1657
f 101//1658 878//1658 260//1658
f 260//1659 878//1659 879//1659
f 260//1660 879//1660 262//1660
f 262//1661 879//1661 272//1661
f 272//1662 879//1662 880//1662
f 272//1663 880//1663 282//1663
f 282//1664 880//1664 292//1664
f 292//1665 880//1665 881//1665
f 292//1666 881//1666 294//1666
f 294//1667 881//1667 882//1667
f 294//1668 882//1668 296//1668
f 296//1669 882//1669 883//1669
f 296//1670 883//1670 311//1670
f 311//1671 883//1671 312//1671
f 312//1672 883//1672 884//1672
f 312//1673 884//1673 313//1673
f 313//1674 884//1674 885//1674
f 313//1675 885//1675 314//1675
f 314//1676 885//1676 886//1676
f 314//1677 886//1677 316//1677
f 316//1678 886//1678 887//1678
f 316//1679 887//1679 318//1679
f 318//1680 887//1680 320//1680
f 320//1681 887//1681 888//1681
f 320//1682 888//1682 322//1682
f 322//1683 888//1683 889//1683
f 322//1684 889//1684 325//1684
f 325//1685 889//1685 890//1685
f 325//1686 890//1686 1//1686
f 1//1687 890//1687 867//1687
f 891//1688 892//1688 893//1688
f 893//1689 892//1689 894//1689
f 893//1690 894//1690 895//1690
f 895//1691 894//1691 896//1691
f 895//1692 896//1692 897//1692
f 897//1693 896//1693 898//1693
f 897//1694 898//1694 899//1694
f 899//1695 898//1695 900//1695
f 899//1696 900//1696 901//1696
f 901//1697 900//1697 902//1697
f 901//1698 902//1698 903//1698
f 903//1699 902//1699 904//1699
f 903//1700 904//1700 905//1700
f 905//1701 904//1701 906//1701
f 905//1702 906//1702 907//1702
f 907//1703 906//1703 908//1703
f 907//1704 908//1704 909//1704
f 909//1705 908//1705 863//1705
f 909//1706 863//1706 864//1706
f 891//1707 910//1707 911//1707
f 911//1708 910//1708 912//1708
f 911//1709 912//1709 913//1709
f 913//1710 912//1710 914//1710
f 913//1711 914//1711 915//1711
f 915//1712 914//1712 916//1712
f 915//1713 916//1713 917//1713
f 917//1714 916//1714 918//1714
f 917//1715 918//1715 919//1715
f 919//1716 918//1716 920//1716
f 919//1717 920//1717 921//1717
f 921//1718 920//1718 922//1718
f 921//1719 922//1719 923//1719
f 923//1720 922//1720 924//1720
f 923//1721 924//1721 925//1721
f 925//1722 924//1722 926//1722
f 925//1723 926//1723 927//1723
f 927//1724 926//1724 928//1724
f 927//1725 928//1725 929//1725
f 929//1726 928//1726 930//1726
f 929//1727 930//1727 931//1727
f 931//1728 930//1728 932//1728
f 931//1729 932//1729 933//1729
f 933//1730 932//1730 934//1730
f 933//1731 934//1731 935//1731
f 935//1732 934//1732 936//1732
f 935//1733 936//1733 937//1733
f 937//1734 936//1734 938//1734
f 937//1735 938//1735 939//1735
f 939//1736 938//1736 940//1736
f 939//1737 940//1737 941//1737
f 941//1738 940//1738 942//1738
f 941//1739 942//1739 943//1739
f 943//1740 942//1740 944//1740
f 943//1741 944//1741 945//1741
f 945//1742 944//1742 946//1742
f 945//1743 946//1743 947//1743
f 947//1744 946//1744 948//1744
f 947//1745 948//1745 949//1745
f 949//1746 948//1746 950//1746
f 949//1747 950//1747 951//1747
f 951//1748 950//1748 952//1748
f 951//1749 952//1749 953//1749
f 953//1750 952//1750 954//1750
f 953//1751 954//1751 955//1751
f 955//1752 954//1752 956//1752
f 955//1753 956//1753 957//1753
f 957//1754 956//1754 958//1754
f 957//1755 958//1755 959//1755
f 959//1756 958//1756 960//1756
f 959//1757 960//1757 961//1757
f 961//1758 960//1758 962//1758
f 961//1759 962//1759 963//1759
f 963//1760 962//1760 964//1760
f 963//1761 964//1761 965//1761
f 965//1762 964//1762 966//1762
f 965//1763 966//1763 967//1763
f 967//1764 966//1764 968//1764
f 967//1765 968//1765 969//1765
f 969//1766 968//1766 970//1766
f 969//1767 970//1767 971//1767
f 971//1768 970//1768 972//1768
f 971//1769 972//1769 973//1769
f 973//1770 972//1770 974//1770
f 973//1771 974//1771 975//1771
f 975//1772 974//1772 976//1772
f 975//1773 976//1773 977//1773
f 977//1774 976//1774 978//1774
f 977//1775 978//1775 979//1775
f 979//1776 978//1776 980//1776
f 979//1777 980//1777 981//1777
f 981//1778 980//1778 883//1778
f 981//1779 883//1779 882//1779
f 891//1780 982//1780 910//1780
f 910//1781 982//1781 983//1781
f 910//1782 983//1782 984//1782
f 984//1783 983//1783 985//1783
f 984//1784 985//1784 986//1784
f 986//1785 985//1785 987//1785
f 986//1786 987//1786 988//1786
f 988//1787 987//1787 989//1787
f 988//1788 989//1788 990//1788
f 990//1789 989//1789 991//1789
f 990//1790 991//1790 992//1790
f 992//1791 991//1791 993//1791
f 992//1792 993//1792 994//1792
f 994//1793 993//1793 995//1793
f 994//1794 995//1794 996//1794
f 996//1795 995//1795 997//1795
f 996//1796 997//1796 998//1796
f 998//1797 997//1797 999//1797
f 998//1798 999//1798 1000//1798
f 1000//1799 999//1799 1001//1799
f 1000//1800 1001//1800 1002//1800
f 1002//1801 1001//1801 1003//1801
f 1002//1802 1003//1802 1004//1802
f 1004//1803 1003//1803 1005//1803
f 1004//1804 1005//1804 1006//1804
f 1006//1805 1005//1805 1007//1805
f 1006//1806 1007//1806 1008//1806
f 1008//1807 1007//1807 1009//1807
f 1008//1808 1009//1808 1010//1808
f 1010//1809 1009//1809 1011//1809
f 1010//1810 1011//1810 1012//1810
f 1012//1811 1011//1811 1013//1811
f 1012//1812 1013//1812 1014//1812
f 1014//1813 1013//1813 1015//1813
f 1014//1814 1015//1814 1016//1814
f 1016//1815 1015//1815 1017//1815
f 1016//1816 1017//1816 1018//1816
f 1018//1817 1017//1817 1019//1817
f 1018//1818 1019//1818 1020//1818
f 1020//1819 1019//1819 1021//1819
f 1020//1820 1021//1820 1022//1820
f 1022//1821 1021//1821 1023//1821
f 1022//1822 1023//1822 1024//1822
f 1024//1823 1023//1823 1025//1823
f 1024//1824 1025//1824 1026//1824
f 1026//1825 1025//1825 1027//1825
f 1026//1826 1027//1826 1028//1826
f 1028//1827 1027//1827 1029//1827
f 1028//1828 1029//1828 1030//1828
f 1030//1829 1029//1829 1031//1829
f 1030//1830 1031//1830 1032//1830
f 1032//1831 1031//1831 1033//1831
f 1032//1832 1033//1832 1034//1832
f 1034//1833 1033//1833 1035//1833
f 1034//1834 1035//1834 1036//1834
f 1036//1835 1035//1835 1037//1835
f 1036//1836 1037//1836 1038//1836
f 1038//1837 1037//1837 1039//1837
f 1038//1838 1039//1838 1040//1838
f 1040//1839 1039//1839 1041//1839
f 1040//1840 1041//1840 1042//1840
f 1042//1841 1041//1841 945//1841
f 1042//1842 945//1842 947//1842
f 891//1843 1043//1843 1044//1843
f 1044//1844 1043//1844 1045//1844
f 1044//1845 1045//1845 1046//1845
f 1046//1846 1045//1846 1047//1846
f 1046//1847 1047//1847 1048//1847
f 1048//1848 1047//1848 1049//1848
f 1048//1849 1049//1849 1050//1849
f 1050//1850 1049//1850 1051//1850
f 1050//1851 1051//1851 1052//1851
f 1052//1852 1051//1852 1053//1852
f 1052//1853 1053//1853 1054//1853
f 1054//1854 1053//1854 1055//1854
f 1054//1855 1055//1855 1056//1855
f 1056//1856 1055//1856 1057//1856
f 1056//1857 1057//1857 1058//1857
f 1058//1858 1057//1858 1059//1858
f 1058//1859 1059//1859 1060//1859
f 1060//1860 1059//1860 1061//1860
f 1060//1861 1061//1861 1062//1861
f 1062//1862 1061//1862 1063//1862
f 1062//1863 1063//1863 1064//1863
f 1064//1864 1063//1864 1065//1864
f 1064//1865 1065//1865 1066//1865
f 1066//1866 1065//1866 1067//1866
f 1066//1867 1067//1867 1068//1867
f 1068//1868 1067//1868 1069//1868
f 1068//1869 1069//1869 1070//1869
f 1070//1870 1069//1870 1071//1870
f 1070//1871 1071//1871 1072//1871
f 1072//1872 1071//1872 1073//1872
f 1072//1873 1073//1873 1074//1873
f 1074//1874 1073//1874 1075//1874
f 1074//1875 1075//1875 1076//1875
f 1076//1876 1075//1876 1077//1876
f 1076//1877 1077//1877 1078//1877
f 1078//1878 1077//1878 1079//1878
f 1078//1879 1079//1879 1080//1879
f 1080//1880 1079//1880 1081//1880
f 1080//1881 1081//1881 1082//1881
f 1082//1882 1081//1882 1083//1882
f 1082//1883 1083//1883 1084//1883
f 1084//1884 1083//1884 1085//1884
f 1084//1885 1085//1885 895//1885
f 895//1886 1085//1886 893//1886
f 892//1887 1086//1887 894//1887
f 894//1888 1086//1888 1087//1888
f 894//1889 1087//1889 896//1889
f 896//1890 1087//1890 1088//1890
f 896//1891 1088//1891 898//1891
f 898//1892 1088//1892 1089//1892
f 898//1893 1089//1893 900//1893
f 900//1894 1089//1894 1090//1894
f 900//1895 1090//1895 902//1895
f 902//1896 1090//1896 1091//1896
f 902//1897 1091//1897 904//1897
f 904//1898 1091//1898 1092//1898
f 904//1899 1092//1899 906//1899
f 906//1900 1092//1900 1093//1900
f 906//1901 1093//1901 908//1901
f 908//1902 1093//1902 862//1902
f 908//1903 862//1903 863//1903
f 1086//1904 892//1904 1044//1904
f 1044//1905 892//1905 891//1905
f 1086//1906 1094//1906 1087//1906
f 1087//1907 1094//1907 1095//1907
f 1087//1908 1095//1908 1088//1908
f 1088//1909 1095//1909 1096//1909
f 1088//1910 1096//1910 1089//1910
f 1089//1911 1096//1911 1097//1911
f 1089//1912 1097//1912 1090//1912
f 1090//1913 1097//1913 1098//1913
f 1090//1914 1098//1914 1091//1914
f 1091//1915 1098//1915 1099//1915
f 1091//1916 1099//1916 1092//1916
f 1092//1917 1099//1917 1100//1917
f 1092//1918 1100//1918 1093//1918
f 1093//1919 1100//1919 861//1919
f 1093//1920 861//1920 862//1920
f 1094//1921 1101//1921 1095//1921
f 1095//1922 1101//1922 1102//1922
f 1095//1923 1102//1923 1096//1923
f 1096//1924 1102//1924 1103//1924
f 1096//1925 1103//1925 1097//1925
f 1097//1926 1103//1926 1104//1926
f 1097//1927 1104//1927 1098//1927
f 1098//1928 1104//1928 1105//1928
f 1098//1929 1105//1929 1099//1929
f 1099//1930 1105//1930 1106//1930
f 1099//1931 1106//1931 1100//1931
f 1100//1932 1106//1932 860//1932
f 1100//1933 860//1933 861//1933
f 1094//1934 1086//1934 1107//1934
f 1107//1935 1086//1935 1044//1935
f 1107//1936 1044//1936 1046//1936
f 1101//1937 1108//1937 1102//1937
f 1102//1938 1108//1938 1109//1938
f 1102//1939 1109//1939 1103//1939
f 1103//1940 1109//1940 1110//1940
f 1103//1941 1110//1941 1104//1941
f 1104//1942 1110//1942 1111//1942
f 1104//1943 1111//1943 1105//1943
f 1105//1944 1111//1944 1112//1944
f 1105//1945 1112//1945 1106//1945
f 1106//1946 1112//1946 859//1946
f 1106//1947 859//1947 860//1947
f 1101//1948 1094//1948 1113//1948
f 1113//1949 1094//1949 1107//1949
f 1113//1950 1107//1950 1114//1950
f 1114//1951 1107//1951 1046//1951
f 1114//1952 1046//1952 1048//1952
f 1108//1953 1115//1953 1109//1953
f 1109//1954 1115//1954 1116//1954
f 1109//1955 1116//1955 1110//1955
f 1110//1956 1116//1956 1117//1956
f 1110//1957 1117//1957 1111//1957
f 1111//1958 1117//1958 857//1958
f 1111//1959 857//1959 1112//1959
f 1112//1960 857//1960 858//1960
f 1112//1961 858//1961 859//1961
f 1108//1962 1101//1962 1118//1962
f 1118//1963 1101//1963 1113//1963
f 1118//1964 1113//1964 1119//1964
f 1119//1965 1113//1965 1114//1965
f 1119//1966 1114//1966 1120//1966
f 1120//1967 1114//1967 1048//1967
f 1120//1968 1048//1968 1050//1968
f 1115//1969 1121//1969 1116//1969
f 1116//1970 1121//1970 1122//1970
f 1116//1971 1122//1971 1117//1971
f 1117//1972 1122//1972 856//1972
f 1117//1973 856//1973 857//1973
f 1115//1974 1108//1974 1123//1974
f 1123//1975 1108//1975 1118//1975
f 1123//1976 1118//1976 1124//1976
f 1124//1977 1118//1977 1119//1977
f 1124//1978 1119//1978 1125//1978
f 1125//1979 1119//1979 1120//1979
f 1125//1980 1120//1980 1126//1980
f 1126//1981 1120//1981 1050//1981
f 1126//1982 1050//1982 1052//1982
f 1121//1983 1127//1983 1122//1983
f 1122//1984 1127//1984 855//1984
f 1122//1985 855//1985 856//1985
f 1121//1986 1115//1986 1128//1986
f 1128//1987 1115//1987 1123//1987
f 1128//1988 1123//1988 1129//1988
f 1129//1989 1123//1989 1124//1989
f 1129//1990 1124//1990 1130//1990
f 1130//1991 1124//1991 1125//1991
f 1130//1992 1125//1992 1131//1992
f 1131//1993 1125//1993 1126//1993
f 1131//1994 1126//1994 1132//1994
f 1132//1995 1126//1995 1052//1995
f 1132//1996 1052//1996 1054//1996
f 855//1997 1127//1997 854//1997
f 854//1998 1127//1998 1133//1998
f 854//1999 1133//1999 853//1999
f 853//2000 1133//2000 1134//2000
f 853//2001 1134//2001 852//2001
f 852//2002 1134//2002 1135//2002
f 852//2003 1135//2003 851//2003
f 851//2004 1135//2004 1136//2004
f 851//2005 1136//2005 850//2005
f 850//2006 1136//2006 1137//2006
f 850//2007 1137//2007 849//2007
f 849//2008 1137//2008 1138//2008
f 849//2009 1138//2009 848//2009
f 848//2010 1138//2010 1139//2010
f 848//2011 1139//2011 847//2011
f 847//2012 1139//2012 1140//2012
f 847//2013 1140//2013 846//2013
f 846//2014 1140//2014 1141//2014
f 846//2015 1141//2015 845//2015
f 845//2016 1141//2016 1142//2016
f 845//2017 1142//2017 844//2017
f 844//2018 1142//2018 1143//2018
f 844//2019 1143//2019 843//2019
f 843//2020 1143//2020 1144//2020
f 843//2021 1144//2021 866//2021
f 866//2022 1144//2022 1145//2022
f 866//2023 1145//2023 865//2023
f 865//2024 1145//2024 1146//2024
f 865//2025 1146//2025 864//2025
f 864//2026 1146//2026 909//2026
f 1127//2027 1121//2027 1147//2027
f 1147//2028 1121//2028 1128//2028
f 1147//2029 1128//2029 1148//2029
f 1148//2030 1128//2030 1129//2030
f 1148//2031 1129//2031 1149//2031
f 1149//2032 1129//2032 1130//2032
f 1149//2033 1130//2033 1150//2033
f 1150//2034 1130//2034 1131//2034
f 1150//2035 1131//2035 1151//2035
f 1151//2036 1131//2036 1132//2036
f 1151//2037 1132//2037 1152//2037
f 1152//2038 1132//2038 1054//2038
f 1152//2039 1054//2039 1056//2039
f 914//2040 912//2040 984//2040
f 984//2041 912//2041 910//2041
f 916//2042 914//2042 1153//2042
f 1153//2043 914//2043 984//2043
f 1153//2044 984//2044 986//2044
f 918//2045 916//2045 1154//2045
f 1154//2046 916//2046 1153//2046
f 1154//2047 1153//2047 1155//2047
f 1155//2048 1153//2048 986//2048
f 1155//2049 986//2049 988//2049
f 920//2050 918//2050 1156//2050
f 1156//2051 918//2051 1154//2051
f 1156//2052 1154//2052 1157//2052
f 1157//2053 1154//2053 1155//2053
f 1157//2054 1155//2054 1158//2054
f 1158//2055 1155//2055 1159//2055
f 1158//2056 1159//2056 1160//2056
f 1160//2057 1159//2057 1161//2057
f 1160//2058 1161//2058 1162//2058
f 1162//2059 1161//2059 1163//2059
f 1162//2060 1163//2060 1164//2060
f 1164//2061 1163//2061 992//2061
f 1164//2062 992//2062 994//2062
f 922//2063 920//2063 1165//2063
f 1165//2064 920//2064 1156//2064
f 1165//2065 1156//2065 1166//2065
f 1166//2066 1156//2066 1157//2066
f 1166//2067 1157//2067 1167//2067
f 1167//2068 1157//2068 1158//2068
f 1167//2069 1158//2069 1168//2069
f 1168//2070 1158//2070 1160//2070
f 1168//2071 1160//2071 1162//2071
f 924//2072 922//2072 1169//2072
f 1169//2073 922//2073 1165//2073
f 1169//2074 1165//2074 1170//2074
f 1170//2075 1165//2075 1166//2075
f 1170//2076 1166//2076 1171//2076
f 1171//2077 1166//2077 1167//2077
f 1171//2078 1167//2078 1168//2078
f 926//2079 924//2079 1172//2079
f 1172//2080 924//2080 1169//2080
f 1172//2081 1169//2081 1173//2081
f 1173//2082 1169//2082 1170//2082
f 1173//2083 1170//2083 1171//2083
f 928//2084 1174//2084 930//2084
f 930//2085 1174//2085 1175//2085
f 930//2086 1175//2086 932//2086
f 932//2087 1175//2087 934//2087
f 928//2088 926//2088 1176//2088
f 1176//2089 926//2089 1172//2089
f 1176//2090 1172//2090 1177//2090
f 1177//2091 1172//2091 1173//2091
f 1177//2092 1173//2092 1178//2092
f 1178//2093 1173//2093 1179//2093
f 1178//2094 1179//2094 1180//2094
f 1180//2095 1179//2095 1181//2095
f 1180//2096 1181//2096 1182//2096
f 1182//2097 1181//2097 1183//2097
f 1182//2098 1183//2098 1184//2098
f 1184//2099 1183//2099 1185//2099
f 1184//2100 1185//2100 1186//2100
f 1186//2101 1185//2101 1187//2101
f 1186//2102 1187//2102 1188//2102
f 1188//2103 1187//2103 996//2103
f 1188//2104 996//2104 998//2104
f 1174//2105 1189//2105 1175//2105
f 1175//2106 1189//2106 1190//2106
f 1175//2107 1190//2107 936//2107
f 936//2108 1190//2108 1191//2108
f 936//2109 1191//2109 938//2109
f 938//2110 1191//2110 1192//2110
f 938//2111 1192//2111 940//2111
f 940//2112 1192//2112 942//2112
f 1174//2113 928//2113 1193//2113
f 1193//2114 928//2114 1176//2114
f 1193//2115 1176//2115 1194//2115
f 1194//2116 1176//2116 1177//2116
f 1194//2117 1177//2117 1178//2117
f 1189//2118 1195//2118 1190//2118
f 1190//2119 1195//2119 1196//2119
f 1190//2120 1196//2120 1191//2120
f 1191//2121 1196//2121 1197//2121
f 1191//2122 1197//2122 1192//2122
f 1192//2123 1197//2123 1198//2123
f 1192//2124 1198//2124 942//2124
f 942//2125 1198//2125 944//2125
f 1189//2126 1174//2126 1199//2126
f 1199//2127 1174//2127 1193//2127
f 1199//2128 1193//2128 1200//2128
f 1200//2129 1193//2129 1194//2129
f 1200//2130 1194//2130 1201//2130
f 1201//2131 1194//2131 1178//2131
f 1201//2132 1178//2132 1202//2132
f 1202//2133 1178//2133 1180//2133
f 1202//2134 1180//2134 1203//2134
f 1203//2135 1180//2135 1182//2135
f 1203//2136 1182//2136 1204//2136
f 1204//2137 1182//2137 1184//2137
f 1204//2138 1184//2138 1205//2138
f 1205//2139 1184//2139 1186//2139
f 1205//2140 1186//2140 1206//2140
f 1206//2141 1186//2141 1188//2141
f 1206//2142 1188//2142 1002//2142
f 1002//2143 1188//2143 1000//2143
f 1195//2144 1207//2144 1196//2144
f 1196//2145 1207//2145 1208//2145
f 1196//2146 1208//2146 1197//2146
f 1197//2147 1208//2147 1209//2147
f 1197//2148 1209//2148 1198//2148
f 1198//2149 1209//2149 1210//2149
f 1198//2150 1210//2150 944//2150
f 944//2151 1210//2151 946//2151
f 1195//2152 1189//2152 1211//2152
f 1211//2153 1189//2153 1199//2153
f 1211//2154 1199//2154 1212//2154
f 1212//2155 1199//2155 1200//2155
f 1212//2156 1200//2156 1213//2156
f 1213//2157 1200//2157 1201//2157
f 1213//2158 1201//2158 1214//2158
f 1214//2159 1201//2159 1202//2159
f 1214//2160 1202//2160 1215//2160
f 1215//2161 1202//2161 1203//2161
f 1215//2162 1203//2162 1216//2162
f 1216//2163 1203//2163 1204//2163
f 1216//2164 1204//2164 1217//2164
f 1217//2165 1204//2165 1205//2165
f 1217//2166 1205//2166 1218//2166
f 1218//2167 1205//2167 1206//2167
f 1218//2168 1206//2168 1002//2168
f 1207//2169 1219//2169 1208//2169
f 1208//2170 1219//2170 1220//2170
f 1208//2171 1220//2171 1209//2171
f 1209//2172 1220//2172 1221//2172
f 1209//2173 1221//2173 1210//2173
f 1210//2174 1221//2174 1222//2174
f 1210//2175 1222//2175 1223//2175
f 1223//2176 1222//2176 1224//2176
f 1223//2177 1224//2177 948//2177
f 948//2178 1224//2178 1225//2178
f 948//2179 1225//2179 950//2179
f 950//2180 1225//2180 1226//2180
f 950//2181 1226//2181 1227//2181
f 1227//2182 1226//2182 1228//2182
f 1227//2183 1228//2183 1229//2183
f 1229//2184 1228//2184 1230//2184
f 1229//2185 1230//2185 1231//2185
f 1231//2186 1230//2186 1232//2186
f 1231//2187 1232//2187 1233//2187
f 1233//2188 1232//2188 1234//2188
f 1233//2189 1234//2189 1235//2189
f 1235//2190 1234//2190 1236//2190
f 1235//2191 1236//2191 1237//2191
f 1237//2192 1236//2192 1238//2192
f 1237//2193 1238//2193 1239//2193
f 1239//2194 1238//2194 1240//2194
f 1239//2195 1240//2195 1241//2195
f 1241//2196 1240//2196 1242//2196
f 1241//2197 1242//2197 1243//2197
f 1243//2198 1242//2198 867//2198
f 1243//2199 867//2199 890//2199
f 1207//2200 1195//2200 1244//2200
f 1244//2201 1195//2201 1211//2201
f 1244//2202 1211//2202 1245//2202
f 1245//2203 1211//2203 1212//2203
f 1245//2204 1212//2204 1246//2204
f 1246//2205 1212//2205 1213//2205
f 1246//2206 1213//2206 1247//2206
f 1247//2207 1213//2207 1214//2207
f 1247//2208 1214//2208 1248//2208
f 1248//2209 1214//2209 1215//2209
f 1248//2210 1215//2210 1249//2210
f 1249//2211 1215//2211 1216//2211
f 1249//2212 1216//2212 1250//2212
f 1250//2213 1216//2213 1217//2213
f 1250//2214 1217//2214 1251//2214
f 1251//2215 1217//2215 1252//2215
f 1251//2216 1252//2216 1008//2216
f 1008//2217 1252//2217 1006//2217
f 1219//2218 1253//2218 1220//2218
f 1220//2219 1253//2219 1254//2219
f 1220//2220 1254//2220 1221//2220
f 1221//2221 1254//2221 1222//2221
f 1219//2222 1207//2222 1255//2222
f 1255//2223 1207//2223 1244//2223
f 1255//2224 1244//2224 1256//2224
f 1256//2225 1244//2225 1245//2225
f 1256//2226 1245//2226 1257//2226
f 1257//2227 1245//2227 1246//2227
f 1257//2228 1246//2228 1258//2228
f 1258//2229 1246//2229 1247//2229
f 1258//2230 1247//2230 1259//2230
f 1259//2231 1247//2231 1248//2231
f 1259//2232 1248//2232 1260//2232
f 1260//2233 1248//2233 1261//2233
f 1260//2234 1261//2234 1262//2234
f 1262//2235 1261//2235 1263//2235
f 1262//2236 1263//2236 1264//2236
f 1264//2237 1263//2237 1265//2237
f 1264//2238 1265//2238 1014//2238
f 1014//2239 1265//2239 1012//2239
f 1253//2240 1266//2240 1254//2240
f 1254//2241 1266//2241 1267//2241
f 1254//2242 1267//2242 1222//2242
f 1222//2243 1267//2243 1268//2243
f 1222//2244 1268//2244 1224//2244
f 1224//2245 1268//2245 1269//2245
f 1224//2246 1269//2246 1225//2246
f 1225//2247 1269//2247 1270//2247
f 1225//2248 1270//2248 1226//2248
f 1226//2249 1270//2249 1271//2249
f 1226//2250 1271//2250 1228//2250
f 1228//2251 1271//2251 1272//2251
f 1228//2252 1272//2252 1230//2252
f 1230//2253 1272//2253 1273//2253
f 1230//2254 1273//2254 1232//2254
f 1232//2255 1273//2255 1274//2255
f 1232//2256 1274//2256 1234//2256
f 1234//2257 1274//2257 1275//2257
f 1234//2258 1275//2258 1236//2258
f 1236//2259 1275//2259 1276//2259
f 1236//2260 1276//2260 1238//2260
f 1238//2261 1276//2261 1277//2261
f 1238//2262 1277//2262 1240//2262
f 1240//2263 1277//2263 1278//2263
f 1240//2264 1278//2264 1242//2264
f 1242//2265 1278//2265 868//2265
f 1242//2266 868//2266 867//2266
f 1253//2267 1219//2267 1279//2267
f 1279//2268 1219//2268 1255//2268
f 1279//2269 1255//2269 1280//2269
f 1280//2270 1255//2270 1256//2270
f 1280//2271 1256//2271 1281//2271
f 1281//2272 1256//2272 1257//2272
f 1281//2273 1257//2273 1282//2273
f 1282//2274 1257//2274 1283//2274
f 1282//2275 1283//2275 1284//2275
f 1284//2276 1283//2276 1285//2276
f 1284//2277 1285//2277 1286//2277
f 1286//2278 1285//2278 1287//2278
f 1286//2279 1287//2279 1288//2279
f 1288//2280 1287//2280 1289//2280
f 1288//2281 1289//2281 1290//2281
f 1290//2282 1289//2282 1291//2282
f 1290//2283 1291//2283 1292//2283
f 1292//2284 1291//2284 1262//2284
f 1292//2285 1262//2285 1264//2285
f 1266//2286 1293//2286 1267//2286
f 1267//2287 1293//2287 1294//2287
f 1267//2288 1294//2288 1268//2288
f 1268//2289 1294//2289 1295//2289
f 1268//2290 1295//2290 1269//2290
f 1269//2291 1295//2291 1296//2291
f 1269//2292 1296//2292 1297//2292
f 1297//2293 1296//2293 1298//2293
f 1297//2294 1298//2294 1299//2294
f 1299//2295 1298//2295 1300//2295
f 1299//2296 1300//2296 1301//2296
f 1301//2297 1300//2297 1302//2297
f 1301//2298 1302//2298 1303//2298
f 1303//2299 1302//2299 1304//2299
f 1303//2300 1304//2300 1305//2300
f 1305//2301 1304//2301 1306//2301
f 1305//2302 1306//2302 1307//2302
f 1307//2303 1306//2303 1308//2303
f 1307//2304 1308//2304 1309//2304
f 1309//2305 1308//2305 1310//2305
f 1309//2306 1310//2306 1311//2306
f 1311//2307 1310//2307 1312//2307
f 1311//2308 1312//2308 1313//2308
f 1313//2309 1312//2309 871//2309
f 1313//2310 871//2310 870//2310
f 1266//2311 1253//2311 1314//2311
f 1314//2312 1253//2312 1315//2312
f 1314//2313 1315//2313 1316//2313
f 1316//2314 1315//2314 1317//2314
f 1316//2315 1317//2315 1318//2315
f 1318//2316 1317//2316 1319//2316
f 1318//2317 1319//2317 1320//2317
f 1320//2318 1319//2318 1321//2318
f 1320//2319 1321//2319 1322//2319
f 1322//2320 1321//2320 1323//2320
f 1322//2321 1323//2321 1324//2321
f 1324//2322 1323//2322 1325//2322
f 1324//2323 1325//2323 1326//2323
f 1326//2324 1325//2324 1327//2324
f 1326//2325 1327//2325 1328//2325
f 1328//2326 1327//2326 1329//2326
f 1328//2327 1329//2327 1330//2327
f 1330//2328 1329//2328 1024//2328
f 1330//2329 1024//2329 1026//2329
f 1293//2330 1331//2330 1294//2330
f 1294//2331 1331//2331 1332//2331
f 1294//2332 1332//2332 1295//2332
f 1295//2333 1332//2333 1333//2333
f 1295//2334 1333//2334 1296//2334
f 1296//2335 1333//2335 1298//2335
f 1293//2336 1266//2336 1334//2336
f 1334//2337 1266//2337 1314//2337
f 1334//2338 1314//2338 1335//2338
f 1335//2339 1314//2339 1316//2339
f 1335//2340 1316//2340 1336//2340
f 1336//2341 1316//2341 1318//2341
f 1336//2342 1318//2342 1337//2342
f 1337//2343 1318//2343 1320//2343
f 1337//2344 1320//2344 1338//2344
f 1338//2345 1320//2345 1322//2345
f 1338//2346 1322//2346 1339//2346
f 1339//2347 1322//2347 1324//2347
f 1339//2348 1324//2348 1340//2348
f 1340//2349 1324//2349 1326//2349
f 1340//2350 1326//2350 1341//2350
f 1341//2351 1326//2351 1328//2351
f 1341//2352 1328//2352 1342//2352
f 1342//2353 1328//2353 1330//2353
f 1342//2354 1330//2354 1343//2354
f 1343//2355 1330//2355 1026//2355
f 1343//2356 1026//2356 1028//2356
f 1333//2357 1332//2357 1344//2357
f 1344//2358 1332//2358 1331//2358
f 1344//2359 1331//2359 1345//2359
f 1345//2360 1331//2360 1334//2360
f 1345//2361 1334//2361 1346//2361
f 1346//2362 1334//2362 1347//2362
f 1346//2363 1347//2363 1348//2363
f 1348//2364 1347//2364 1349//2364
f 1348//2365 1349//2365 1350//2365
f 1350//2366 1349//2366 1351//2366
f 1350//2367 1351//2367 1352//2367
f 1352//2368 1351//2368 1353//2368
f 1352//2369 1353//2369 1354//2369
f 1354//2370 1353//2370 1355//2370
f 1354//2371 1355//2371 1356//2371
f 1356//2372 1355//2372 1357//2372
f 1356//2373 1357//2373 1358//2373
f 1358//2374 1357//2374 1359//2374
f 1358//2375 1359//2375 1360//2375
f 1360//2376 1359//2376 1341//2376
f 1360//2377 1341//2377 1342//2377
f 1331//2378 1293//2378 1334//2378
f 1344//2379 1361//2379 1333//2379
f 1333//2380 1361//2380 1362//2380
f 1333//2381 1362//2381 1298//2381
f 1298//2382 1362//2382 1363//2382
f 1298//2383 1363//2383 1300//2383
f 1300//2384 1363//2384 1364//2384
f 1300//2385 1364//2385 1302//2385
f 1302//2386 1364//2386 1365//2386
f 1302//2387 1365//2387 1304//2387
f 1304//2388 1365//2388 1366//2388
f 1304//2389 1366//2389 1306//2389
f 1306//2390 1366//2390 1367//2390
f 1306//2391 1367//2391 1308//2391
f 1308//2392 1367//2392 1368//2392
f 1308//2393 1368//2393 1310//2393
f 1310//2394 1368//2394 1369//2394
f 1310//2395 1369//2395 1312//2395
f 1312//2396 1369//2396 872//2396
f 1312//2397 872//2397 871//2397
f 1361//2398 1370//2398 1362//2398
f 1362//2399 1370//2399 1371//2399
f 1362//2400 1371//2400 1363//2400
f 1363//2401 1371//2401 1372//2401
f 1363//2402 1372//2402 1364//2402
f 1364//2403 1372//2403 1373//2403
f 1364//2404 1373//2404 1365//2404
f 1365//2405 1373//2405 1374//2405
f 1365//2406 1374//2406 1366//2406
f 1366//2407 1374//2407 1375//2407
f 1366//2408 1375//2408 1367//2408
f 1367//2409 1375//2409 1376//2409
f 1367//2410 1376//2410 1368//2410
f 1368//2411 1376//2411 1377//2411
f 1368//2412 1377//2412 1369//2412
f 1369//2413 1377//2413 873//2413
f 1369//2414 873//2414 872//2414
f 1361//2415 1344//2415 1378//2415
f 1378//2416 1344//2416 1379//2416
f 1378//2417 1379//2417 1380//2417
f 1380//2418 1379//2418 1346//2418
f 1380//2419 1346//2419 1348//2419
f 1370//2420 1381//2420 1371//2420
f 1371//2421 1381//2421 1382//2421
f 1371//2422 1382//2422 1372//2422
f 1372//2423 1382//2423 1383//2423
f 1372//2424 1383//2424 1373//2424
f 1373//2425 1383//2425 1384//2425
f 1373//2426 1384//2426 1374//2426
f 1374//2427 1384//2427 1385//2427
f 1374//2428 1385//2428 1375//2428
f 1375//2429 1385//2429 1386//2429
f 1375//2430 1386//2430 1376//2430
f 1376//2431 1386//2431 1387//2431
f 1376//2432 1387//2432 1377//2432
f 1377//2433 1387//2433 874//2433
f 1377//2434 874//2434 873//2434
f 1370//2435 1361//2435 1388//2435
f 1388//2436 1361//2436 1378//2436
f 1388//2437 1378//2437 1389//2437
f 1389//2438 1378//2438 1380//2438
f 1389//2439 1380//2439 1390//2439
f 1390//2440 1380//2440 1348//2440
f 1390//2441 1348//2441 1350//2441
f 1381//2442 1391//2442 1382//2442
f 1382//2443 1391//2443 1392//2443
f 1382//2444 1392//2444 1383//2444
f 1383//2445 1392//2445 1393//2445
f 1383//2446 1393//2446 1384//2446
f 1384//2447 1393//2447 1394//2447
f 1384//2448 1394//2448 1385//2448
f 1385//2449 1394//2449 1395//2449
f 1385//2450 1395//2450 1386//2450
f 1386//2451 1395//2451 1396//2451
f 1386//2452 1396//2452 1387//2452
f 1387//2453 1396//2453 875//2453
f 1387//2454 875//2454 874//2454
f 1381//2455 1370//2455 1397//2455
f 1397//2456 1370//2456 1388//2456
f 1397//2457 1388//2457 1398//2457
f 1398//2458 1388//2458 1389//2458
f 1398//2459 1389//2459 1399//2459
f 1399//2460 1389//2460 1390//2460
f 1399//2461 1390//2461 1400//2461
f 1400//2462 1390//2462 1350//2462
f 1400//2463 1350//2463 1352//2463
f 1391//2464 1401//2464 1392//2464
f 1392//2465 1401//2465 1402//2465
f 1392//2466 1402//2466 1393//2466
f 1393//2467 1402//2467 1403//2467
f 1393//2468 1403//2468 1394//2468
f 1394//2469 1403//2469 1404//2469
f 1394//2470 1404//2470 1395//2470
f 1395//2471 1404//2471 1405//2471
f 1395//2472 1405//2472 1396//2472
f 1396//2473 1405//2473 876//2473
f 1396//2474 876//2474 875//2474
f 1391//2475 1381//2475 1406//2475
f 1406//2476 1381//2476 1397//2476
f 1406//2477 1397//2477 1407//2477
f 1407//2478 1397//2478 1398//2478
f 1407//2479 1398//2479 1408//2479
f 1408//2480 1398//2480 1399//2480
f 1408//2481 1399//2481 1409//2481
f 1409//2482 1399//2482 1400//2482
f 1409//2483 1400//2483 1410//2483
f 1410//2484 1400//2484 1352//2484
f 1410//2485 1352//2485 1354//2485
f 1401//2486 1411//2486 1402//2486
f 1402//2487 1411//2487 1412//2487
f 1402//2488 1412//2488 1403//2488
f 1403//2489 1412//2489 1413//2489
f 1403//2490 1413//2490 1404//2490
f 1404//2491 1413//2491 1414//2491
f 1404//2492 1414//2492 1405//2492
f 1405//2493 1414//2493 877//2493
f 1405//2494 877//2494 876//2494
f 1391//2495 1406//2495 1401//2495
f 1401//2496 1406//2496 1415//2496
f 1401//2497 1415//2497 1411//2497
f 1411//2498 1415//2498 1416//2498
f 1411//2499 1416//2499 1417//2499
f 1417//2500 1416//2500 1418//2500
f 1417//2501 1418//2501 1419//2501
f 1419//2502 1418//2502 1420//2502
f 1419//2503 1420//2503 1421//2503
f 1421//2504 1420//2504 1422//2504
f 1421//2505 1422//2505 879//2505
f 879//2506 1422//2506 880//2506
f 1411//2507 1417//2507 1412//2507
f 1412//2508 1417//2508 1423//2508
f 1412//2509 1423//2509 1413//2509
f 1413//2510 1423//2510 1424//2510
f 1413//2511 1424//2511 1414//2511
f 1414//2512 1424//2512 878//2512
f 1414//2513 878//2513 877//2513
f 1417//2514 1419//2514 1423//2514
f 1423//2515 1419//2515 1421//2515
f 1423//2516 1421//2516 1424//2516
f 1424//2517 1421//2517 879//2517
f 1424//2518 879//2518 878//2518
f 891//2519 911//2519 1043//2519
f 1043//2520 911//2520 1425//2520
f 1043//2521 1425//2521 1045//2521
f 1045//2522 1425//2522 1426//2522
f 1045//2523 1426//2523 1047//2523
f 1047//2524 1426//2524 1427//2524
f 1047//2525 1427//2525 1049//2525
f 1049//2526 1427//2526 1428//2526
f 1049//2527 1428//2527 1429//2527
f 1429//2528 1428//2528 1430//2528
f 1429//2529 1430//2529 1431//2529
f 1431//2530 1430//2530 1432//2530
f 1431//2531 1432//2531 1433//2531
f 1433//2532 1432//2532 1434//2532
f 1433//2533 1434//2533 1435//2533
f 1435//2534 1434//2534 1436//2534
f 1435//2535 1436//2535 1437//2535
f 1437//2536 1436//2536 1438//2536
f 1437//2537 1438//2537 1061//2537
f 1061//2538 1438//2538 1439//2538
f 1061//2539 1439//2539 1063//2539
f 1063//2540 1439//2540 1440//2540
f 1063//2541 1440//2541 1065//2541
f 1065//2542 1440//2542 1441//2542
f 1065//2543 1441//2543 1067//2543
f 1067//2544 1441//2544 1442//2544
f 1067//2545 1442//2545 1069//2545
f 1069//2546 1442//2546 1443//2546
f 1069//2547 1443//2547 1071//2547
f 1071//2548 1443//2548 1444//2548
f 1071//2549 1444//2549 1073//2549
f 1073//2550 1444//2550 1445//2550
f 1073//2551 1445//2551 1075//2551
f 1075//2552 1445//2552 1446//2552
f 1075//2553 1446//2553 1077//2553
f 1077//2554 1446//2554 1447//2554
f 1077//2555 1447//2555 1079//2555
f 1079//2556 1447//2556 1448//2556
f 1079//2557 1448//2557 1081//2557
f 1081//2558 1448//2558 1449//2558
f 1081//2559 1449//2559 1083//2559
f 1083//2560 1449//2560 1450//2560
f 1083//2561 1450//2561 1085//2561
f 1085//2562 1450//2562 982//2562
f 1085//2563 982//2563 893//2563
f 893//2564 982//2564 891//2564
f 1049//2565 1429//2565 1051//2565
f 1051//2566 1429//2566 1431//2566
f 1051//2567 1431//2567 1053//2567
f 1053//2568 1431//2568 1433//2568
f 1053//2569 1433//2569 1055//2569
f 1055//2570 1433//2570 1435//2570
f 1055//2571 1435//2571 1057//2571
f 1057//2572 1435//2572 1437//2572
f 1057//2573 1437//2573 1059//2573
f 1059//2574 1437//2574 1061//2574
f 1439//2575 1438//2575 1451//2575
f 1451//2576 1438//2576 1436//2576
f 1451//2577 1436//2577 1452//2577
f 1452//2578 1436//2578 1453//2578
f 1452//2579 1453//2579 1454//2579
f 1454//2580 1453//2580 1455//2580
f 1454//2581 1455//2581 1456//2581
f 1456//2582 1455//2582 1457//2582
f 1456//2583 1457//2583 1458//2583
f 1458//2584 1457//2584 1459//2584
f 1458//2585 1459//2585 1460//2585
f 1460//2586 1459//2586 1461//2586
f 1460//2587 1461//2587 1462//2587
f 1462//2588 1461//2588 1463//2588
f 1462//2589 1463//2589 1464//2589
f 1464//2590 1463//2590 1465//2590
f 1464//2591 1465//2591 1466//2591
f 1466//2592 1465//2592 1467//2592
f 1466//2593 1467//2593 1468//2593
f 1468//2594 1467//2594 1469//2594
f 1468//2595 1469//2595 1470//2595
f 1470//2596 1469//2596 1471//2596
f 1470//2597 1471//2597 1472//2597
f 1472//2598 1471//2598 1473//2598
f 1472//2599 1473//2599 1474//2599
f 1474//2600 1473//2600 1475//2600
f 1474//2601 1475//2601 1476//2601
f 1476//2602 1475//2602 1477//2602
f 1476//2603 1477//2603 1478//2603
f 1478//2604 1477//2604 1479//2604
f 1478//2605 1479//2605 1480//2605
f 1480//2606 1479//2606 1481//2606
f 1480//2607 1481//2607 1482//2607
f 1482//2608 1481//2608 941//2608
f 1482//2609 941//2609 1041//2609
f 1041//2610 941//2610 943//2610
f 1041//2611 943//2611 945//2611
f 1440//2612 1439//2612 1483//2612
f 1483//2613 1439//2613 1451//2613
f 1483//2614 1451//2614 1452//2614
f 1441//2615 1440//2615 1484//2615
f 1484//2616 1440//2616 1483//2616
f 1484//2617 1483//2617 1485//2617
f 1485//2618 1483//2618 1452//2618
f 1485//2619 1452//2619 1486//2619
f 1486//2620 1452//2620 1454//2620
f 1486//2621 1454//2621 1487//2621
f 1487//2622 1454//2622 1456//2622
f 1487//2623 1456//2623 1488//2623
f 1488//2624 1456//2624 1458//2624
f 1488//2625 1458//2625 1489//2625
f 1489//2626 1458//2626 1460//2626
f 1489//2627 1460//2627 1490//2627
f 1490//2628 1460//2628 1462//2628
f 1490//2629 1462//2629 1491//2629
f 1491//2630 1462//2630 1464//2630
f 1491//2631 1464//2631 1492//2631
f 1492//2632 1464//2632 1466//2632
f 1492//2633 1466//2633 1493//2633
f 1493//2634 1466//2634 1468//2634
f 1493//2635 1468//2635 1494//2635
f 1494//2636 1468//2636 1470//2636
f 1494//2637 1470//2637 1495//2637
f 1495//2638 1470//2638 1472//2638
f 1495//2639 1472//2639 1496//2639
f 1496//2640 1472//2640 1474//2640
f 1496//2641 1474//2641 1497//2641
f 1497//2642 1474//2642 1498//2642
f 1497//2643 1498//2643 1499//2643
f 1499//2644 1498//2644 1500//2644
f 1499//2645 1500//2645 1035//2645
f 1035//2646 1500//2646 1037//2646
f 1442//2647 1441//2647 1501//2647
f 1501//2648 1441//2648 1484//2648
f 1501//2649 1484//2649 1502//2649
f 1502//2650 1484//2650 1485//2650
f 1502//2651 1485//2651 1503//2651
f 1503//2652 1485//2652 1486//2652
f 1503//2653 1486//2653 1504//2653
f 1504//2654 1486//2654 1487//2654
f 1504//2655 1487//2655 1505//2655
f 1505//2656 1487//2656 1488//2656
f 1505//2657 1488//2657 1506//2657
f 1506//2658 1488//2658 1489//2658
f 1506//2659 1489//2659 1507//2659
f 1507//2660 1489//2660 1490//2660
f 1507//2661 1490//2661 1508//2661
f 1508//2662 1490//2662 1491//2662
f 1508//2663 1491//2663 1509//2663
f 1509//2664 1491//2664 1492//2664
f 1509//2665 1492//2665 1510//2665
f 1510//2666 1492//2666 1493//2666
f 1510//2667 1493//2667 1511//2667
f 1511//2668 1493//2668 1494//2668
f 1511//2669 1494//2669 1512//2669
f 1512//2670 1494//2670 1495//2670
f 1512//2671 1495//2671 1513//2671
f 1513//2672 1495//2672 1496//2672
f 1513//2673 1496//2673 1497//2673
f 1443//2674 1442//2674 1514//2674
f 1514//2675 1442//2675 1501//2675
f 1514//2676 1501//2676 1515//2676
f 1515//2677 1501//2677 1502//2677
f 1515//2678 1502//2678 1503//2678
f 1444//2679 1443//2679 1516//2679
f 1516//2680 1443//2680 1514//2680
f 1516//2681 1514//2681 1517//2681
f 1517//2682 1514//2682 1515//2682
f 1517//2683 1515//2683 1518//2683
f 1518//2684 1515//2684 1503//2684
f 1518//2685 1503//2685 1519//2685
f 1519//2686 1503//2686 1504//2686
f 1519//2687 1504//2687 1520//2687
f 1520//2688 1504//2688 1505//2688
f 1520//2689 1505//2689 1521//2689
f 1521//2690 1505//2690 1506//2690
f 1521//2691 1506//2691 1522//2691
f 1522//2692 1506//2692 1507//2692
f 1522//2693 1507//2693 1523//2693
f 1523//2694 1507//2694 1508//2694
f 1523//2695 1508//2695 1524//2695
f 1524//2696 1508//2696 1509//2696
f 1524//2697 1509//2697 1525//2697
f 1525//2698 1509//2698 1526//2698
f 1525//2699 1526//2699 1527//2699
f 1527//2700 1526//2700 1510//2700
f 1527//2701 1510//2701 1511//2701
f 997//2702 995//2702 1444//2702
f 1444//2703 995//2703 1445//2703
f 995//2704 993//2704 1445//2704
f 1445//2705 993//2705 1446//2705
f 993//2706 991//2706 1446//2706
f 1446//2707 991//2707 1447//2707
f 991//2708 989//2708 1447//2708
f 1447//2709 989//2709 1448//2709
f 989//2710 987//2710 1448//2710
f 1448//2711 987//2711 1449//2711
f 983//2712 982//2712 1450//2712
f 987//2713 985//2713 1449//2713
f 1449//2714 985//2714 1450//2714
f 985//2715 983//2715 1450//2715
f 1133//2716 1127//2716 1147//2716
f 1379//2717 1344//2717 1345//2717
f 1315//2718 1253//2718 1279//2718
f 1137//2719 1136//2719 1528//2719
f 1528//2720 1136//2720 1135//2720
f 1528//2721 1135//2721 1529//2721
f 1529//2722 1135//2722 1134//2722
f 1529//2723 1134//2723 1530//2723
f 1530//2724 1134//2724 1133//2724
f 1530//2725 1133//2725 1147//2725
f 1138//2726 1137//2726 1531//2726
f 1531//2727 1137//2727 1532//2727
f 1531//2728 1532//2728 1533//2728
f 1533//2729 1532//2729 1534//2729
f 1533//2730 1534//2730 1535//2730
f 1535//2731 1534//2731 1536//2731
f 1535//2732 1536//2732 1537//2732
f 1537//2733 1536//2733 1538//2733
f 1537//2734 1538//2734 1539//2734
f 1539//2735 1538//2735 1151//2735
f 1539//2736 1151//2736 1152//2736
f 1139//2737 1138//2737 1540//2737
f 1540//2738 1138//2738 1531//2738
f 1540//2739 1531//2739 1541//2739
f 1541//2740 1531//2740 1533//2740
f 1541//2741 1533//2741 1542//2741
f 1542//2742 1533//2742 1535//2742
f 1542//2743 1535//2743 1543//2743
f 1543//2744 1535//2744 1537//2744
f 1543//2745 1537//2745 1544//2745
f 1544//2746 1537//2746 1539//2746
f 1544//2747 1539//2747 1545//2747
f 1545//2748 1539//2748 1152//2748
f 1545//2749 1152//2749 1056//2749
f 1140//2750 1139//2750 1546//2750
f 1546//2751 1139//2751 1540//2751
f 1546//2752 1540//2752 1547//2752
f 1547//2753 1540//2753 1541//2753
f 1547//2754 1541//2754 1548//2754
f 1548//2755 1541//2755 1542//2755
f 1548//2756 1542//2756 1549//2756
f 1549//2757 1542//2757 1543//2757
f 1549//2758 1543//2758 1550//2758
f 1550//2759 1543//2759 1544//2759
f 1550//2760 1544//2760 1551//2760
f 1551//2761 1544//2761 1545//2761
f 1551//2762 1545//2762 1058//2762
f 1058//2763 1545//2763 1056//2763
f 1141//2764 1140//2764 1552//2764
f 1552//2765 1140//2765 1546//2765
f 1552//2766 1546//2766 1553//2766
f 1553//2767 1546//2767 1547//2767
f 1553//2768 1547//2768 1554//2768
f 1554//2769 1547//2769 1548//2769
f 1554//2770 1548//2770 1555//2770
f 1555//2771 1548//2771 1549//2771
f 1555//2772 1549//2772 1556//2772
f 1556//2773 1549//2773 1550//2773
f 1556//2774 1550//2774 1557//2774
f 1557//2775 1550//2775 1551//2775
f 1557//2776 1551//2776 1060//2776
f 1060//2777 1551//2777 1058//2777
f 1142//2778 1141//2778 1558//2778
f 1558//2779 1141//2779 1552//2779
f 1558//2780 1552//2780 1559//2780
f 1559//2781 1552//2781 1553//2781
f 1559//2782 1553//2782 1560//2782
f 1560//2783 1553//2783 1554//2783
f 1560//2784 1554//2784 1561//2784
f 1561//2785 1554//2785 1555//2785
f 1561//2786 1555//2786 1562//2786
f 1562//2787 1555//2787 1556//2787
f 1562//2788 1556//2788 1563//2788
f 1563//2789 1556//2789 1557//2789
f 1563//2790 1557//2790 1062//2790
f 1062//2791 1557//2791 1060//2791
f 1143//2792 1142//2792 1564//2792
f 1564//2793 1142//2793 1558//2793
f 1564//2794 1558//2794 1565//2794
f 1565//2795 1558//2795 1559//2795
f 1565//2796 1559//2796 1566//2796
f 1566//2797 1559//2797 1560//2797
f 1566//2798 1560//2798 1567//2798
f 1567//2799 1560//2799 1561//2799
f 1567//2800 1561//2800 1568//2800
f 1568//2801 1561//2801 1562//2801
f 1568//2802 1562//2802 1569//2802
f 1569//2803 1562//2803 1563//2803
f 1569//2804 1563//2804 1064//2804
f 1064//2805 1563//2805 1062//2805
f 1144//2806 1143//2806 1570//2806
f 1570//2807 1143//2807 1564//2807
f 1570//2808 1564//2808 1571//2808
f 1571//2809 1564//2809 1565//2809
f 1571//2810 1565//2810 1572//2810
f 1572//2811 1565//2811 1566//2811
f 1572//2812 1566//2812 1573//2812
f 1573//2813 1566//2813 1567//2813
f 1573//2814 1567//2814 1574//2814
f 1574//2815 1567//2815 1568//2815
f 1574//2816 1568//2816 1575//2816
f 1575//2817 1568//2817 1569//2817
f 1575//2818 1569//2818 1066//2818
f 1066//2819 1569//2819 1064//2819
f 1145//2820 1144//2820 1576//2820
f 1576//2821 1144//2821 1570//2821
f 1576//2822 1570//2822 1577//2822
f 1577//2823 1570//2823 1571//2823
f 1577//2824 1571//2824 1578//2824
f 1578//2825 1571//2825 1572//2825
f 1578//2826 1572//2826 1579//2826
f 1579//2827 1572//2827 1573//2827
f 1579//2828 1573//2828 1580//2828
f 1580//2829 1573//2829 1574//2829
f 1580//2830 1574//2830 1581//2830
f 1581//2831 1574//2831 1575//2831
f 1581//2832 1575//2832 1068//2832
f 1068//2833 1575//2833 1066//2833
f 1146//2834 1145//2834 1582//2834
f 1582//2835 1145//2835 1576//2835
f 1582//2836 1576//2836 1583//2836
f 1583//2837 1576//2837 1577//2837
f 1583//2838 1577//2838 1584//2838
f 1584//2839 1577//2839 1578//2839
f 1584//2840 1578//2840 1585//2840
f 1585//2841 1578//2841 1579//2841
f 1585//2842 1579//2842 1586//2842
f 1586//2843 1579//2843 1580//2843
f 1586//2844 1580//2844 1587//2844
f 1587//2845 1580//2845 1581//2845
f 1587//2846 1581//2846 1070//2846
f 1070//2847 1581//2847 1068//2847
f 909//2848 1146//2848 1588//2848
f 1588//2849 1146//2849 1582//2849
f 1588//2850 1582//2850 1589//2850
f 1589//2851 1582//2851 1583//2851
f 1589//2852 1583//2852 1590//2852
f 1590//2853 1583//2853 1584//2853
f 1590//2854 1584//2854 1591//2854
f 1591//2855 1584//2855 1585//2855
f 1591//2856 1585//2856 1592//2856
f 1592//2857 1585//2857 1586//2857
f 1592//2858 1586//2858 1593//2858
f 1593//2859 1586//2859 1587//2859
f 1593//2860 1587//2860 1072//2860
f 1072//2861 1587//2861 1070//2861
f 881//2862 880//2862 1594//2862
f 1594//2863 880//2863 1422//2863
f 1594//2864 1422//2864 1595//2864
f 1595//2865 1422//2865 1420//2865
f 1595//2866 1420//2866 1596//2866
f 1596//2867 1420//2867 1418//2867
f 1596//2868 1418//2868 1597//2868
f 1597//2869 1418//2869 1416//2869
f 1597//2870 1416//2870 1598//2870
f 1598//2871 1416//2871 1415//2871
f 1598//2872 1415//2872 1599//2872
f 1599//2873 1415//2873 1406//2873
f 1599//2874 1406//2874 1407//2874
f 882//2875 881//2875 1600//2875
f 1600//2876 881//2876 1594//2876
f 1600//2877 1594//2877 1601//2877
f 1601//2878 1594//2878 1595//2878
f 1601//2879 1595//2879 1602//2879
f 1602//2880 1595//2880 1596//2880
f 1602//2881 1596//2881 1603//2881
f 1603//2882 1596//2882 1597//2882
f 1603//2883 1597//2883 1604//2883
f 1604//2884 1597//2884 1598//2884
f 1604//2885 1598//2885 1605//2885
f 1605//2886 1598//2886 1599//2886
f 1605//2887 1599//2887 1606//2887
f 1606//2888 1599//2888 1407//2888
f 1606//2889 1407//2889 1408//2889
f 883//2890 980//2890 884//2890
f 884//2891 980//2891 1607//2891
f 884//2892 1607//2892 885//2892
f 885//2893 1607//2893 1608//2893
f 885//2894 1608//2894 886//2894
f 886//2895 1608//2895 1609//2895
f 886//2896 1609//2896 887//2896
f 887//2897 1609//2897 1610//2897
f 887//2898 1610//2898 888//2898
f 888//2899 1610//2899 1611//2899
f 888//2900 1611//2900 889//2900
f 889//2901 1611//2901 890//2901
f 1243//2902 890//2902 1611//2902
f 868//2903 1278//2903 869//2903
f 869//2904 1278//2904 1612//2904
f 869//2905 1612//2905 870//2905
f 870//2906 1612//2906 1313//2906
f 1425//2907 911//2907 1613//2907
f 1613//2908 911//2908 913//2908
f 1613//2909 913//2909 915//2909
f 1426//2910 1425//2910 1614//2910
f 1614//2911 1425//2911 1613//2911
f 1614//2912 1613//2912 1615//2912
f 1615//2913 1613//2913 1616//2913
f 1615//2914 1616//2914 1617//2914
f 1617//2915 1616//2915 1618//2915
f 1617//2916 1618//2916 1619//2916
f 1619//2917 1618//2917 919//2917
f 1619//2918 919//2918 921//2918
f 1427//2919 1426//2919 1620//2919
f 1620//2920 1426//2920 1614//2920
f 1620//2921 1614//2921 1621//2921
f 1621//2922 1614//2922 1615//2922
f 1621//2923 1615//2923 1622//2923
f 1622//2924 1615//2924 1617//2924
f 1622//2925 1617//2925 1623//2925
f 1623//2926 1617//2926 1624//2926
f 1623//2927 1624//2927 1625//2927
f 1625//2928 1624//2928 1626//2928
f 1625//2929 1626//2929 1627//2929
f 1627//2930 1626//2930 1628//2930
f 1627//2931 1628//2931 1629//2931
f 1629//2932 1628//2932 925//2932
f 1629//2933 925//2933 927//2933
f 1427//2934 1620//2934 1428//2934
f 1428//2935 1620//2935 1630//2935
f 1428//2936 1630//2936 1430//2936
f 1430//2937 1630//2937 1631//2937
f 1430//2938 1631//2938 1632//2938
f 1632//2939 1631//2939 1633//2939
f 1632//2940 1633//2940 1634//2940
f 1634//2941 1633//2941 1635//2941
f 1634//2942 1635//2942 1457//2942
f 1457//2943 1635//2943 1459//2943
f 1430//2944 1632//2944 1432//2944
f 1432//2945 1632//2945 1636//2945
f 1432//2946 1636//2946 1434//2946
f 1434//2947 1636//2947 1453//2947
f 1434//2948 1453//2948 1436//2948
f 999//2949 997//2949 1516//2949
f 1516//2950 997//2950 1444//2950
f 999//2951 1516//2951 1517//2951
f 895//2952 897//2952 1084//2952
f 1084//2953 897//2953 1637//2953
f 1084//2954 1637//2954 1082//2954
f 1082//2955 1637//2955 1638//2955
f 1082//2956 1638//2956 1080//2956
f 1080//2957 1638//2957 1639//2957
f 1080//2958 1639//2958 1078//2958
f 1078//2959 1639//2959 1640//2959
f 1078//2960 1640//2960 1076//2960
f 1076//2961 1640//2961 1641//2961
f 1076//2962 1641//2962 1074//2962
f 1074//2963 1641//2963 1593//2963
f 1074//2964 1593//2964 1072//2964
f 897//2965 899//2965 1637//2965
f 1637//2966 899//2966 1642//2966
f 1637//2967 1642//2967 1638//2967
f 1638//2968 1642//2968 1643//2968
f 1638//2969 1643//2969 1639//2969
f 1639//2970 1643//2970 1644//2970
f 1639//2971 1644//2971 1640//2971
f 1640//2972 1644//2972 1645//2972
f 1640//2973 1645//2973 1641//2973
f 1641//2974 1645//2974 1592//2974
f 1641//2975 1592//2975 1593//2975
f 899//2976 901//2976 1642//2976
f 1642//2977 901//2977 1646//2977
f 1642//2978 1646//2978 1643//2978
f 1643//2979 1646//2979 1647//2979
f 1643//2980 1647//2980 1644//2980
f 1644//2981 1647//2981 1648//2981
f 1644//2982 1648//2982 1645//2982
f 1645//2983 1648//2983 1591//2983
f 1645//2984 1591//2984 1592//2984
f 1150//2985 1151//2985 1538//2985
f 901//2986 903//2986 1646//2986
f 1646//2987 903//2987 1649//2987
f 1646//2988 1649//2988 1647//2988
f 1647//2989 1649//2989 1650//2989
f 1647//2990 1650//2990 1648//2990
f 1648//2991 1650//2991 1590//2991
f 1648//2992 1590//2992 1591//2992
f 1149//2993 1150//2993 1651//2993
f 1651//2994 1150//2994 1538//2994
f 1651//2995 1538//2995 1652//2995
f 1652//2996 1538//2996 1536//2996
f 1652//2997 1536//2997 1653//2997
f 1653//2998 1536//2998 1534//2998
f 1653//2999 1534//2999 1532//2999
f 1149//3000 1651//3000 1654//3000
f 1654//3001 1651//3001 1652//3001
f 1654//3002 1652//3002 1529//3002
f 1529//3003 1652//3003 1653//3003
f 1529//3004 1653//3004 1528//3004
f 1528//3005 1653//3005 1532//3005
f 1528//3006 1532//3006 1137//3006
f 903//3007 905//3007 1649//3007
f 1649//3008 905//3008 1655//3008
f 1649//3009 1655//3009 1650//3009
f 1650//3010 1655//3010 1589//3010
f 1650//3011 1589//3011 1590//3011
f 1149//3012 1654//3012 1148//3012
f 1148//3013 1654//3013 1530//3013
f 1148//3014 1530//3014 1147//3014
f 1530//3015 1654//3015 1529//3015
f 1588//3016 1589//3016 1655//3016
f 1588//3017 1655//3017 907//3017
f 907//3018 1655//3018 905//3018
f 909//3019 1588//3019 907//3019
f 1616//3020 1613//3020 915//3020
f 1630//3021 1620//3021 1621//3021
f 1631//3022 1630//3022 1656//3022
f 1656//3023 1630//3023 1621//3023
f 1656//3024 1621//3024 1657//3024
f 1657//3025 1621//3025 1622//3025
f 1657//3026 1622//3026 1658//3026
f 1658//3027 1622//3027 1623//3027
f 1658//3028 1623//3028 1659//3028
f 1659//3029 1623//3029 1625//3029
f 1659//3030 1625//3030 1660//3030
f 1660//3031 1625//3031 1661//3031
f 1660//3032 1661//3032 1662//3032
f 1662//3033 1661//3033 1663//3033
f 1662//3034 1663//3034 1664//3034
f 1664//3035 1663//3035 1665//3035
f 1664//3036 1665//3036 1666//3036
f 1666//3037 1665//3037 931//3037
f 1666//3038 931//3038 933//3038
f 1455//3039 1453//3039 1636//3039
f 1455//3040 1636//3040 1634//3040
f 1634//3041 1636//3041 1632//3041
f 1001//3042 999//3042 1517//3042
f 1001//3043 1517//3043 1518//3043
f 1188//3044 998//3044 1000//3044
f 1164//3045 994//3045 996//3045
f 992//3046 1163//3046 990//3046
f 990//3047 1163//3047 1161//3047
f 990//3048 1161//3048 988//3048
f 988//3049 1161//3049 1159//3049
f 988//3050 1159//3050 1155//3050
f 1618//3051 1616//3051 917//3051
f 917//3052 1616//3052 915//3052
f 1633//3053 1631//3053 1667//3053
f 1667//3054 1631//3054 1656//3054
f 1667//3055 1656//3055 1668//3055
f 1668//3056 1656//3056 1657//3056
f 1668//3057 1657//3057 1669//3057
f 1669//3058 1657//3058 1658//3058
f 1669//3059 1658//3059 1670//3059
f 1670//3060 1658//3060 1659//3060
f 1670//3061 1659//3061 1671//3061
f 1671//3062 1659//3062 1660//3062
f 1671//3063 1660//3063 1672//3063
f 1672//3064 1660//3064 1662//3064
f 1672//3065 1662//3065 1673//3065
f 1673//3066 1662//3066 1674//3066
f 1673//3067 1674//3067 1675//3067
f 1675//3068 1674//3068 1676//3068
f 1675//3069 1676//3069 1677//3069
f 1677//3070 1676//3070 1678//3070
f 1677//3071 1678//3071 1679//3071
f 1679//3072 1678//3072 1680//3072
f 1679//3073 1680//3073 1681//3073
f 1681//3074 1680//3074 937//3074
f 1681//3075 937//3075 939//3075
f 1633//3076 1667//3076 1682//3076
f 1682//3077 1667//3077 1668//3077
f 1682//3078 1668//3078 1683//3078
f 1683//3079 1668//3079 1669//3079
f 1683//3080 1669//3080 1684//3080
f 1684//3081 1669//3081 1670//3081
f 1684//3082 1670//3082 1685//3082
f 1685//3083 1670//3083 1671//3083
f 1685//3084 1671//3084 1686//3084
f 1686//3085 1671//3085 1672//3085
f 1686//3086 1672//3086 1687//3086
f 1687//3087 1672//3087 1673//3087
f 1687//3088 1673//3088 1688//3088
f 1688//3089 1673//3089 1675//3089
f 1688//3090 1675//3090 1689//3090
f 1689//3091 1675//3091 1677//3091
f 1689//3092 1677//3092 1475//3092
f 1475//3093 1677//3093 1477//3093
f 1457//3094 1455//3094 1634//3094
f 1003//3095 1001//3095 1518//3095
f 1003//3096 1518//3096 1519//3096
f 1164//3097 996//3097 1187//3097
f 1162//3098 1164//3098 1185//3098
f 1185//3099 1164//3099 1187//3099
f 919//3100 1618//3100 917//3100
f 1624//3101 1617//3101 1619//3101
f 1633//3102 1682//3102 1635//3102
f 1635//3103 1682//3103 1690//3103
f 1635//3104 1690//3104 1459//3104
f 1459//3105 1690//3105 1461//3105
f 1690//3106 1682//3106 1683//3106
f 1005//3107 1003//3107 1519//3107
f 1005//3108 1519//3108 1520//3108
f 1218//3109 1002//3109 1004//3109
f 1168//3110 1162//3110 1183//3110
f 1183//3111 1162//3111 1185//3111
f 1624//3112 1619//3112 1691//3112
f 1691//3113 1619//3113 921//3113
f 1691//3114 921//3114 923//3114
f 1690//3115 1683//3115 1692//3115
f 1692//3116 1683//3116 1684//3116
f 1692//3117 1684//3117 1693//3117
f 1693//3118 1684//3118 1685//3118
f 1693//3119 1685//3119 1694//3119
f 1694//3120 1685//3120 1686//3120
f 1694//3121 1686//3121 1695//3121
f 1695//3122 1686//3122 1687//3122
f 1695//3123 1687//3123 1469//3123
f 1469//3124 1687//3124 1688//3124
f 1469//3125 1688//3125 1471//3125
f 1471//3126 1688//3126 1689//3126
f 1471//3127 1689//3127 1473//3127
f 1473//3128 1689//3128 1475//3128
f 1007//3129 1005//3129 1520//3129
f 1007//3130 1520//3130 1521//3130
f 1218//3131 1004//3131 1006//3131
f 1252//3132 1217//3132 1218//3132
f 1171//3133 1168//3133 1181//3133
f 1181//3134 1168//3134 1183//3134
f 1628//3135 1626//3135 1691//3135
f 1691//3136 1626//3136 1624//3136
f 1628//3137 1691//3137 923//3137
f 1661//3138 1625//3138 1627//3138
f 1463//3139 1461//3139 1692//3139
f 1692//3140 1461//3140 1690//3140
f 1463//3141 1692//3141 1693//3141
f 1007//3142 1521//3142 1522//3142
f 1009//3143 1007//3143 1522//3143
f 1006//3144 1252//3144 1218//3144
f 1173//3145 1171//3145 1179//3145
f 1179//3146 1171//3146 1181//3146
f 925//3147 1628//3147 923//3147
f 1661//3148 1627//3148 1696//3148
f 1696//3149 1627//3149 1629//3149
f 1696//3150 1629//3150 1697//3150
f 1697//3151 1629//3151 927//3151
f 1697//3152 927//3152 929//3152
f 1465//3153 1463//3153 1693//3153
f 1465//3154 1693//3154 1694//3154
f 1009//3155 1522//3155 1523//3155
f 1011//3156 1009//3156 1523//3156
f 1251//3157 1008//3157 1010//3157
f 1250//3158 1251//3158 1698//3158
f 1698//3159 1251//3159 1010//3159
f 1698//3160 1010//3160 1012//3160
f 1665//3161 1663//3161 1696//3161
f 1696//3162 1663//3162 1661//3162
f 1665//3163 1696//3163 1697//3163
f 1674//3164 1662//3164 1664//3164
f 1467//3165 1465//3165 1694//3165
f 1467//3166 1694//3166 1695//3166
f 1011//3167 1523//3167 1524//3167
f 1013//3168 1011//3168 1524//3168
f 1249//3169 1250//3169 1699//3169
f 1699//3170 1250//3170 1698//3170
f 1699//3171 1698//3171 1265//3171
f 1265//3172 1698//3172 1012//3172
f 1265//3173 1263//3173 1699//3173
f 1699//3174 1263//3174 1249//3174
f 1261//3175 1248//3175 1249//3175
f 931//3176 1665//3176 1697//3176
f 931//3177 1697//3177 929//3177
f 1674//3178 1664//3178 1700//3178
f 1700//3179 1664//3179 1666//3179
f 1700//3180 1666//3180 933//3180
f 1469//3181 1467//3181 1695//3181
f 1526//3182 1509//3182 1510//3182
f 1013//3183 1524//3183 1525//3183
f 1015//3184 1013//3184 1525//3184
f 1263//3185 1261//3185 1249//3185
f 1674//3186 1700//3186 1676//3186
f 1676//3187 1700//3187 1701//3187
f 1676//3188 1701//3188 1678//3188
f 1678//3189 1701//3189 1680//3189
f 1701//3190 1700//3190 933//3190
f 1015//3191 1525//3191 1702//3191
f 1702//3192 1525//3192 1527//3192
f 1702//3193 1527//3193 1703//3193
f 1703//3194 1527//3194 1704//3194
f 1703//3195 1704//3195 1705//3195
f 1705//3196 1704//3196 1706//3196
f 1705//3197 1706//3197 1707//3197
f 1707//3198 1706//3198 1708//3198
f 1707//3199 1708//3199 1709//3199
f 1709//3200 1708//3200 1497//3200
f 1709//3201 1497//3201 1499//3201
f 1264//3202 1014//3202 1016//3202
f 1292//3203 1264//3203 1016//3203
f 1262//3204 1291//3204 1260//3204
f 1260//3205 1291//3205 1710//3205
f 1260//3206 1710//3206 1259//3206
f 1259//3207 1710//3207 1711//3207
f 1259//3208 1711//3208 1258//3208
f 1258//3209 1711//3209 1285//3209
f 1258//3210 1285//3210 1283//3210
f 1680//3211 1701//3211 935//3211
f 935//3212 1701//3212 933//3212
f 1477//3213 1677//3213 1679//3213
f 1704//3214 1527//3214 1511//3214
f 1704//3215 1511//3215 1512//3215
f 1019//3216 1017//3216 1702//3216
f 1702//3217 1017//3217 1015//3217
f 1019//3218 1702//3218 1703//3218
f 1292//3219 1016//3219 1018//3219
f 1290//3220 1292//3220 1018//3220
f 1291//3221 1289//3221 1710//3221
f 1710//3222 1289//3222 1287//3222
f 1710//3223 1287//3223 1711//3223
f 1711//3224 1287//3224 1285//3224
f 1283//3225 1257//3225 1258//3225
f 936//3226 934//3226 1175//3226
f 937//3227 1680//3227 935//3227
f 1479//3228 1477//3228 1679//3228
f 1479//3229 1679//3229 1681//3229
f 1706//3230 1704//3230 1512//3230
f 1706//3231 1512//3231 1513//3231
f 1019//3232 1703//3232 1712//3232
f 1712//3233 1703//3233 1705//3233
f 1712//3234 1705//3234 1713//3234
f 1713//3235 1705//3235 1707//3235
f 1713//3236 1707//3236 1714//3236
f 1714//3237 1707//3237 1709//3237
f 1714//3238 1709//3238 1031//3238
f 1031//3239 1709//3239 1033//3239
f 1290//3240 1018//3240 1715//3240
f 1715//3241 1018//3241 1020//3241
f 1715//3242 1020//3242 1022//3242
f 1479//3243 1681//3243 939//3243
f 1481//3244 1479//3244 939//3244
f 1498//3245 1474//3245 1476//3245
f 1476//3246 1478//3246 1716//3246
f 1716//3247 1478//3247 1480//3247
f 1716//3248 1480//3248 1717//3248
f 1717//3249 1480//3249 1482//3249
f 1717//3250 1482//3250 1039//3250
f 1039//3251 1482//3251 1041//3251
f 1708//3252 1706//3252 1513//3252
f 1708//3253 1513//3253 1497//3253
f 1019//3254 1712//3254 1021//3254
f 1021//3255 1712//3255 1718//3255
f 1021//3256 1718//3256 1023//3256
f 1023//3257 1718//3257 1719//3257
f 1023//3258 1719//3258 1025//3258
f 1025//3259 1719//3259 1027//3259
f 1718//3260 1712//3260 1713//3260
f 1290//3261 1715//3261 1288//3261
f 1288//3262 1715//3262 1720//3262
f 1288//3263 1720//3263 1721//3263
f 1721//3264 1720//3264 1329//3264
f 1721//3265 1329//3265 1327//3265
f 1720//3266 1715//3266 1022//3266
f 1288//3267 1721//3267 1286//3267
f 1286//3268 1721//3268 1722//3268
f 1286//3269 1722//3269 1284//3269
f 1284//3270 1722//3270 1723//3270
f 1284//3271 1723//3271 1282//3271
f 1282//3272 1723//3272 1724//3272
f 1282//3273 1724//3273 1281//3273
f 1281//3274 1724//3274 1725//3274
f 1281//3275 1725//3275 1280//3275
f 1280//3276 1725//3276 1319//3276
f 1280//3277 1319//3277 1317//3277
f 941//3278 1481//3278 939//3278
f 1500//3279 1498//3279 1716//3279
f 1716//3280 1498//3280 1476//3280
f 1500//3281 1716//3281 1717//3281
f 1718//3282 1713//3282 1726//3282
f 1726//3283 1713//3283 1714//3283
f 1726//3284 1714//3284 1031//3284
f 1720//3285 1022//3285 1024//3285
f 1329//3286 1720//3286 1024//3286
f 1721//3287 1327//3287 1722//3287
f 1722//3288 1327//3288 1325//3288
f 1722//3289 1325//3289 1723//3289
f 1723//3290 1325//3290 1323//3290
f 1723//3291 1323//3291 1724//3291
f 1724//3292 1323//3292 1321//3292
f 1724//3293 1321//3293 1725//3293
f 1725//3294 1321//3294 1319//3294
f 1037//3295 1500//3295 1717//3295
f 1037//3296 1717//3296 1039//3296
f 1033//3297 1709//3297 1499//3297
f 1033//3298 1499//3298 1035//3298
f 1718//3299 1726//3299 1719//3299
f 1719//3300 1726//3300 1029//3300
f 1719//3301 1029//3301 1027//3301
f 1029//3302 1726//3302 1031//3302
f 1279//3303 1280//3303 1317//3303
f 1315//3304 1279//3304 1317//3304
f 1040//3305 1042//3305 1727//3305
f 1727//3306 1042//3306 947//3306
f 1727//3307 947//3307 949//3307
f 1038//3308 1040//3308 1728//3308
f 1728//3309 1040//3309 1729//3309
f 1728//3310 1729//3310 955//3310
f 955//3311 1729//3311 953//3311
f 1036//3312 1038//3312 1730//3312
f 1730//3313 1038//3313 1728//3313
f 1730//3314 1728//3314 1731//3314
f 1731//3315 1728//3315 955//3315
f 1731//3316 955//3316 957//3316
f 1034//3317 1036//3317 1732//3317
f 1732//3318 1036//3318 1730//3318
f 1732//3319 1730//3319 1733//3319
f 1733//3320 1730//3320 1731//3320
f 1733//3321 1731//3321 959//3321
f 959//3322 1731//3322 957//3322
f 1032//3323 1034//3323 1734//3323
f 1734//3324 1034//3324 1732//3324
f 1734//3325 1732//3325 1735//3325
f 1735//3326 1732//3326 1733//3326
f 1735//3327 1733//3327 961//3327
f 961//3328 1733//3328 959//3328
f 1030//3329 1032//3329 1736//3329
f 1736//3330 1032//3330 1734//3330
f 1736//3331 1734//3331 1737//3331
f 1737//3332 1734//3332 1735//3332
f 1737//3333 1735//3333 1738//3333
f 1738//3334 1735//3334 961//3334
f 1738//3335 961//3335 963//3335
f 1028//3336 1030//3336 1739//3336
f 1739//3337 1030//3337 1736//3337
f 1739//3338 1736//3338 1740//3338
f 1740//3339 1736//3339 1737//3339
f 1740//3340 1737//3340 1741//3340
f 1741//3341 1737//3341 1738//3341
f 1741//3342 1738//3342 1742//3342
f 1742//3343 1738//3343 963//3343
f 1742//3344 963//3344 967//3344
f 967//3345 963//3345 965//3345
f 1343//3346 1028//3346 1743//3346
f 1743//3347 1028//3347 1739//3347
f 1743//3348 1739//3348 1744//3348
f 1744//3349 1739//3349 1740//3349
f 1744//3350 1740//3350 1745//3350
f 1745//3351 1740//3351 1741//3351
f 1745//3352 1741//3352 1746//3352
f 1746//3353 1741//3353 1742//3353
f 1746//3354 1742//3354 1747//3354
f 1747//3355 1742//3355 967//3355
f 1747//3356 967//3356 969//3356
f 1360//3357 1342//3357 1743//3357
f 1743//3358 1342//3358 1343//3358
f 1341//3359 1359//3359 1340//3359
f 1340//3360 1359//3360 1357//3360
f 1340//3361 1357//3361 1339//3361
f 1339//3362 1357//3362 1355//3362
f 1339//3363 1355//3363 1338//3363
f 1338//3364 1355//3364 1353//3364
f 1338//3365 1353//3365 1337//3365
f 1337//3366 1353//3366 1351//3366
f 1337//3367 1351//3367 1336//3367
f 1336//3368 1351//3368 1349//3368
f 1336//3369 1349//3369 1335//3369
f 1335//3370 1349//3370 1347//3370
f 1335//3371 1347//3371 1334//3371
f 946//3372 1210//3372 1223//3372
f 948//3373 946//3373 1223//3373
f 1040//3374 1727//3374 1729//3374
f 1729//3375 1727//3375 951//3375
f 1729//3376 951//3376 953//3376
f 951//3377 1727//3377 949//3377
f 1360//3378 1743//3378 1748//3378
f 1748//3379 1743//3379 1744//3379
f 1748//3380 1744//3380 1749//3380
f 1749//3381 1744//3381 1745//3381
f 1749//3382 1745//3382 1750//3382
f 1750//3383 1745//3383 1746//3383
f 1750//3384 1746//3384 1751//3384
f 1751//3385 1746//3385 1747//3385
f 1751//3386 1747//3386 969//3386
f 1360//3387 1748//3387 1358//3387
f 1358//3388 1748//3388 1752//3388
f 1358//3389 1752//3389 1753//3389
f 1753//3390 1752//3390 1754//3390
f 1753//3391 1754//3391 1755//3391
f 1755//3392 1754//3392 1756//3392
f 1755//3393 1756//3393 1757//3393
f 1757//3394 1756//3394 1758//3394
f 1757//3395 1758//3395 1759//3395
f 1759//3396 1758//3396 1760//3396
f 1759//3397 1760//3397 1761//3397
f 1761//3398 1760//3398 1762//3398
f 1761//3399 1762//3399 1604//3399
f 1604//3400 1762//3400 1603//3400
f 1752//3401 1748//3401 1749//3401
f 1358//3402 1753//3402 1356//3402
f 1356//3403 1753//3403 1763//3403
f 1356//3404 1763//3404 1354//3404
f 1354//3405 1763//3405 1410//3405
f 1379//3406 1345//3406 1346//3406
f 954//3407 952//3407 1227//3407
f 1227//3408 952//3408 950//3408
f 956//3409 954//3409 1764//3409
f 1764//3410 954//3410 1227//3410
f 1764//3411 1227//3411 1229//3411
f 1752//3412 1749//3412 1765//3412
f 1765//3413 1749//3413 1750//3413
f 1765//3414 1750//3414 1766//3414
f 1766//3415 1750//3415 1751//3415
f 1766//3416 1751//3416 1767//3416
f 1767//3417 1751//3417 969//3417
f 1767//3418 969//3418 971//3418
f 1753//3419 1755//3419 1763//3419
f 1763//3420 1755//3420 1768//3420
f 1763//3421 1768//3421 1410//3421
f 1410//3422 1768//3422 1409//3422
f 1270//3423 1269//3423 1297//3423
f 1297//3424 1299//3424 1270//3424
f 1270//3425 1299//3425 1769//3425
f 1270//3426 1769//3426 1271//3426
f 1271//3427 1769//3427 1770//3427
f 1271//3428 1770//3428 1272//3428
f 1272//3429 1770//3429 1771//3429
f 1272//3430 1771//3430 1273//3430
f 1273//3431 1771//3431 1772//3431
f 1273//3432 1772//3432 1274//3432
f 1274//3433 1772//3433 1773//3433
f 1274//3434 1773//3434 1275//3434
f 1275//3435 1773//3435 1774//3435
f 1275//3436 1774//3436 1276//3436
f 1276//3437 1774//3437 1775//3437
f 1276//3438 1775//3438 1277//3438
f 1277//3439 1775//3439 1612//3439
f 1277//3440 1612//3440 1278//3440
f 958//3441 956//3441 1776//3441
f 1776//3442 956//3442 1764//3442
f 1776//3443 1764//3443 1777//3443
f 1777//3444 1764//3444 1229//3444
f 1777//3445 1229//3445 1231//3445
f 958//3446 1776//3446 1778//3446
f 1778//3447 1776//3447 1777//3447
f 1778//3448 1777//3448 1779//3448
f 1779//3449 1777//3449 1231//3449
f 1779//3450 1231//3450 1233//3450
f 964//3451 962//3451 960//3451
f 960//3452 958//3452 1780//3452
f 1780//3453 958//3453 1778//3453
f 1780//3454 1778//3454 1781//3454
f 1781//3455 1778//3455 1779//3455
f 1781//3456 1779//3456 1782//3456
f 1782//3457 1779//3457 1233//3457
f 1782//3458 1233//3458 1235//3458
f 1752//3459 1765//3459 1754//3459
f 1754//3460 1765//3460 1783//3460
f 1754//3461 1783//3461 1756//3461
f 1756//3462 1783//3462 1784//3462
f 1756//3463 1784//3463 1758//3463
f 1758//3464 1784//3464 1785//3464
f 1758//3465 1785//3465 1760//3465
f 1760//3466 1785//3466 1786//3466
f 1760//3467 1786//3467 1762//3467
f 1762//3468 1786//3468 1787//3468
f 1762//3469 1787//3469 1603//3469
f 1603//3470 1787//3470 1602//3470
f 1783//3471 1765//3471 1766//3471
f 1755//3472 1757//3472 1768//3472
f 1768//3473 1757//3473 1788//3473
f 1768//3474 1788//3474 1409//3474
f 1409//3475 1788//3475 1408//3475
f 1770//3476 1769//3476 1301//3476
f 1301//3477 1769//3477 1299//3477
f 960//3478 1780//3478 964//3478
f 964//3479 1780//3479 1789//3479
f 964//3480 1789//3480 966//3480
f 966//3481 1789//3481 1790//3481
f 966//3482 1790//3482 1791//3482
f 1791//3483 1790//3483 1792//3483
f 1791//3484 1792//3484 1793//3484
f 1793//3485 1792//3485 1794//3485
f 1793//3486 1794//3486 1795//3486
f 1795//3487 1794//3487 1796//3487
f 1795//3488 1796//3488 1797//3488
f 1797//3489 1796//3489 1798//3489
f 1797//3490 1798//3490 1799//3490
f 1799//3491 1798//3491 1609//3491
f 1799//3492 1609//3492 1608//3492
f 1789//3493 1780//3493 1781//3493
f 1783//3494 1766//3494 1800//3494
f 1800//3495 1766//3495 1767//3495
f 1800//3496 1767//3496 1801//3496
f 1801//3497 1767//3497 971//3497
f 1801//3498 971//3498 973//3498
f 1606//3499 1408//3499 1788//3499
f 1757//3500 1759//3500 1788//3500
f 1788//3501 1759//3501 1802//3501
f 1788//3502 1802//3502 1606//3502
f 1606//3503 1802//3503 1605//3503
f 1771//3504 1770//3504 1303//3504
f 1303//3505 1770//3505 1301//3505
f 1789//3506 1781//3506 1803//3506
f 1803//3507 1781//3507 1782//3507
f 1803//3508 1782//3508 1804//3508
f 1804//3509 1782//3509 1235//3509
f 1804//3510 1235//3510 1237//3510
f 970//3511 968//3511 1791//3511
f 1791//3512 968//3512 966//3512
f 1783//3513 1800//3513 1784//3513
f 1784//3514 1800//3514 1805//3514
f 1784//3515 1805//3515 1785//3515
f 1785//3516 1805//3516 1806//3516
f 1785//3517 1806//3517 1786//3517
f 1786//3518 1806//3518 1807//3518
f 1786//3519 1807//3519 1787//3519
f 1787//3520 1807//3520 1808//3520
f 1787//3521 1808//3521 1602//3521
f 1602//3522 1808//3522 1601//3522
f 1805//3523 1800//3523 1801//3523
f 1605//3524 1802//3524 1761//3524
f 1761//3525 1802//3525 1759//3525
f 1772//3526 1771//3526 1305//3526
f 1305//3527 1771//3527 1303//3527
f 1789//3528 1803//3528 1790//3528
f 1790//3529 1803//3529 1809//3529
f 1790//3530 1809//3530 1792//3530
f 1792//3531 1809//3531 1810//3531
f 1792//3532 1810//3532 1794//3532
f 1794//3533 1810//3533 1811//3533
f 1794//3534 1811//3534 1796//3534
f 1796//3535 1811//3535 1812//3535
f 1796//3536 1812//3536 1798//3536
f 1798//3537 1812//3537 1610//3537
f 1798//3538 1610//3538 1609//3538
f 1809//3539 1803//3539 1804//3539
f 972//3540 970//3540 1793//3540
f 1793//3541 970//3541 1791//3541
f 1805//3542 1801//3542 1813//3542
f 1813//3543 1801//3543 973//3543
f 1813//3544 973//3544 975//3544
f 1604//3545 1605//3545 1761//3545
f 1773//3546 1772//3546 1307//3546
f 1307//3547 1772//3547 1305//3547
f 1809//3548 1804//3548 1814//3548
f 1814//3549 1804//3549 1237//3549
f 1814//3550 1237//3550 1239//3550
f 974//3551 972//3551 1795//3551
f 1795//3552 972//3552 1793//3552
f 1805//3553 1813//3553 1806//3553
f 1806//3554 1813//3554 1815//3554
f 1806//3555 1815//3555 1807//3555
f 1807//3556 1815//3556 1816//3556
f 1807//3557 1816//3557 1808//3557
f 1808//3558 1816//3558 1817//3558
f 1808//3559 1817//3559 1601//3559
f 1601//3560 1817//3560 1600//3560
f 1815//3561 1813//3561 975//3561
f 1774//3562 1773//3562 1309//3562
f 1309//3563 1773//3563 1307//3563
f 1809//3564 1814//3564 1810//3564
f 1810//3565 1814//3565 1818//3565
f 1810//3566 1818//3566 1811//3566
f 1811//3567 1818//3567 1819//3567
f 1811//3568 1819//3568 1812//3568
f 1812//3569 1819//3569 1611//3569
f 1812//3570 1611//3570 1610//3570
f 1818//3571 1814//3571 1239//3571
f 976//3572 974//3572 1797//3572
f 1797//3573 974//3573 1795//3573
f 1816//3574 1815//3574 977//3574
f 977//3575 1815//3575 975//3575
f 1775//3576 1774//3576 1311//3576
f 1311//3577 1774//3577 1309//3577
f 1819//3578 1818//3578 1241//3578
f 1241//3579 1818//3579 1239//3579
f 978//3580 976//3580 1799//3580
f 1799//3581 976//3581 1797//3581
f 1817//3582 1816//3582 979//3582
f 979//3583 1816//3583 977//3583
f 1612//3584 1775//3584 1313//3584
f 1313//3585 1775//3585 1311//3585
f 1611//3586 1819//3586 1243//3586
f 1243//3587 1819//3587 1241//3587
f 1799//3588 1608//3588 978//3588
f 978//3589 1608//3589 1607//3589
f 978//3590 1607//3590 980//3590
f 1600//3591 1817//3591 981//3591
f 981//3592 1817//3592 979//3592
f 882//3593 1600//3593 981//3593
# Vertices: 1819, normals: 3593, texture coordinates: 0, faces: 3634

