# File generated by ImageToStl.com - Free Image and 3D model conversion tools

o obj1
v 2053.64575195 2765.94140625 30.00000191
v 2080.10473633 2766.52148438 30.00000191
v 2052.86938477 2766.04370117 30.00000191
v 2087.86938477 2767.54370117 30.00000191
v 2017.86938477 2767.54370117 30.00000191
v 2157.86938477 2777.54370117 30.00000191
v 1807.86938477 2777.54370117 30.00000191
v 2054.36938477 2765.6418457 30.00000191
v 2054.99072266 2765.16503906 30.00000191
v 2072.86938477 2763.52441406 30.00000191
v 2055.4675293 2764.54370117 30.00000191
v 2055.76708984 2763.82006836 30.00000191
v 2055.86938477 2763.04370117 30.00000191
v 2055.76708984 2762.26733398 30.00000191
v 2055.4675293 2761.54370117 30.00000191
v 2066.65625 2758.75683594 30.00000191
v 2054.99072266 2760.92236328 30.00000191
v 2054.36938477 2760.44555664 30.00000191
v 2053.64575195 2760.14599609 30.00000191
v 2052.86938477 2760.04370117 30.00000191
v 2061.88867188 2752.54370117 30.00000191
v 2039.08251953 2758.75683594 30.00000191
v 2043.85009766 2752.54370117 30.00000191
v 2052.09301758 2760.14599609 30.00000191
v 2051.36938477 2760.44555664 30.00000191
v 2050.74804688 2760.92236328 30.00000191
v 2050.27124023 2761.54370117 30.00000191
v 2032.86938477 2763.52441406 30.00000191
v 2049.97167969 2762.26733398 30.00000191
v 2049.86938477 2763.04370117 30.00000191
v 2049.97167969 2763.82006836 30.00000191
v 2050.27124023 2764.54370117 30.00000191
v 2050.74804688 2765.16503906 30.00000191
v 2025.63391113 2766.52148438 30.00000191
v 2051.36938477 2765.6418457 30.00000191
v 2052.09301758 2765.94140625 30.00000191
v 1843.64587402 2765.94140625 30.00000191
v 1870.1048584 2766.52148438 30.00000191
v 1842.86938477 2766.04370117 30.00000191
v 1877.86938477 2767.54370117 30.00000191
v 1947.86938477 2767.54370117 30.00000191
v 2010.1048584 2766.52148438 30.00000191
v 1955.63391113 2766.52148438 30.00000191
v 2002.86938477 2763.52441406 30.00000191
v 1962.86938477 2763.52441406 30.00000191
v 1996.65612793 2758.75683594 30.00000191
v 1969.08251953 2758.75683594 30.00000191
v 1991.8885498 2752.54370117 30.00000191
v 1973.85009766 2752.54370117 30.00000191
v 1988.89160156 2745.30834961 30.00000191
v 1976.84716797 2745.30834961 30.00000191
v 1987.86938477 2737.54370117 30.00000191
v 1977.86938477 2737.54370117 30.00000191
v 1988.89160156 2729.77905273 30.00000191
v 1976.84716797 2729.77905273 30.00000191
v 1991.8885498 2722.54370117 30.00000191
v 1973.85009766 2722.54370117 30.00000191
v 1996.65612793 2716.33056641 30.00000191
v 1969.08251953 2716.33056641 30.00000191
v 2002.86938477 2711.56298828 30.00000191
v 1962.86938477 2711.56298828 30.00000191
v 2010.1048584 2708.56591797 30.00000191
v 1955.63391113 2708.56591797 30.00000191
v 2017.86938477 2707.54370117 30.00000191
v 1947.86938477 2707.54370117 30.00000191
v 2157.86938477 2697.54370117 30.00000191
v 1807.86938477 2697.54370117 30.00000191
v 1877.86938477 2707.54370117 30.00000191
v 1870.1048584 2708.56591797 30.00000191
v 1844.36938477 2765.6418457 30.00000191
v 1844.99072266 2765.16503906 30.00000191
v 1862.86938477 2763.52441406 30.00000191
v 1845.46740723 2764.54370117 30.00000191
v 1845.76708984 2763.82006836 30.00000191
v 1845.86938477 2763.04370117 30.00000191
v 1845.76708984 2762.26733398 30.00000191
v 1845.46740723 2761.54370117 30.00000191
v 1856.65612793 2758.75683594 30.00000191
v 1844.99072266 2760.92236328 30.00000191
v 1844.36938477 2760.44555664 30.00000191
v 1843.64587402 2760.14599609 30.00000191
v 1842.86938477 2760.04370117 30.00000191
v 1851.8885498 2752.54370117 30.00000191
v 1829.08251953 2758.75683594 30.00000191
v 1833.85009766 2752.54370117 30.00000191
v 1842.09289551 2760.14599609 30.00000191
v 1841.36938477 2760.44555664 30.00000191
v 1840.74804688 2760.92236328 30.00000191
v 1840.27124023 2761.54370117 30.00000191
v 1822.86938477 2763.52441406 30.00000191
v 1839.97155762 2762.26733398 30.00000191
v 1839.86938477 2763.04370117 30.00000191
v 1839.97155762 2763.82006836 30.00000191
v 1840.27124023 2764.54370117 30.00000191
v 1840.74804688 2765.16503906 30.00000191
v 1815.63391113 2766.52148438 30.00000191
v 1841.36938477 2765.6418457 30.00000191
v 1842.09289551 2765.94140625 30.00000191
v 1807.86938477 2767.54370117 30.00000191
v 1797.51660156 2776.18066406 30.00000191
v 1787.86938477 2772.18481445 30.00000191
v 1913.64587402 2765.94140625 30.00000191
v 1940.1048584 2766.52148438 30.00000191
v 1912.86938477 2766.04370117 30.00000191
v 1914.36938477 2765.6418457 30.00000191
v 1914.99072266 2765.16503906 30.00000191
v 1932.86938477 2763.52441406 30.00000191
v 1915.46740723 2764.54370117 30.00000191
v 1915.76708984 2763.82006836 30.00000191
v 1915.86938477 2763.04370117 30.00000191
v 1915.76708984 2762.26733398 30.00000191
v 1915.46740723 2761.54370117 30.00000191
v 1926.65612793 2758.75683594 30.00000191
v 1914.99072266 2760.92236328 30.00000191
v 1914.36938477 2760.44555664 30.00000191
v 1913.64587402 2760.14599609 30.00000191
v 1912.86938477 2760.04370117 30.00000191
v 1921.8885498 2752.54370117 30.00000191
v 1899.08251953 2758.75683594 30.00000191
v 1903.85009766 2752.54370117 30.00000191
v 1912.09289551 2760.14599609 30.00000191
v 1911.36938477 2760.44555664 30.00000191
v 1910.74804688 2760.92236328 30.00000191
v 1910.27124023 2761.54370117 30.00000191
v 1892.86938477 2763.52441406 30.00000191
v 1909.97155762 2762.26733398 30.00000191
v 1909.86938477 2763.04370117 30.00000191
v 1909.97155762 2763.82006836 30.00000191
v 1910.27124023 2764.54370117 30.00000191
v 1910.74804688 2765.16503906 30.00000191
v 1885.63391113 2766.52148438 30.00000191
v 1911.36938477 2765.6418457 30.00000191
v 1912.09289551 2765.94140625 30.00000191
v 2123.64575195 2765.94140625 30.00000191
v 2150.10473633 2766.52148438 30.00000191
v 2122.86938477 2766.04370117 30.00000191
v 2124.36938477 2765.6418457 30.00000191
v 2124.99072266 2765.16503906 30.00000191
v 2142.86938477 2763.52441406 30.00000191
v 2125.4675293 2764.54370117 30.00000191
v 2125.76708984 2763.82006836 30.00000191
v 2125.86938477 2763.04370117 30.00000191
v 2125.76708984 2762.26733398 30.00000191
v 2125.4675293 2761.54370117 30.00000191
v 2136.65625 2758.75683594 30.00000191
v 2124.99072266 2760.92236328 30.00000191
v 2124.36938477 2760.44555664 30.00000191
v 2123.64575195 2760.14599609 30.00000191
v 2122.86938477 2760.04370117 30.00000191
v 2131.88867188 2752.54370117 30.00000191
v 2109.08251953 2758.75683594 30.00000191
v 2113.85009766 2752.54370117 30.00000191
v 2122.09301758 2760.14599609 30.00000191
v 2121.36938477 2760.44555664 30.00000191
v 2120.74804688 2760.92236328 30.00000191
v 2120.27124023 2761.54370117 30.00000191
v 2102.86938477 2763.52441406 30.00000191
v 2119.97167969 2762.26733398 30.00000191
v 2119.86938477 2763.04370117 30.00000191
v 2119.97167969 2763.82006836 30.00000191
v 2120.27124023 2764.54370117 30.00000191
v 2120.74804688 2765.16503906 30.00000191
v 2095.6340332 2766.52148438 30.00000191
v 2121.36938477 2765.6418457 30.00000191
v 2122.09301758 2765.94140625 30.00000191
v 1906.84716797 2729.77905273 30.00000191
v 1918.89160156 2729.77905273 30.00000191
v 1907.86938477 2737.54370117 30.00000191
v 1917.86938477 2737.54370117 30.00000191
v 1906.84716797 2745.30834961 30.00000191
v 1918.89160156 2745.30834961 30.00000191
v 1921.8885498 2722.54370117 30.00000191
v 1903.85009766 2722.54370117 30.00000191
v 1926.65612793 2716.33056641 30.00000191
v 1899.08251953 2716.33056641 30.00000191
v 1932.86938477 2711.56298828 30.00000191
v 1892.86938477 2711.56298828 30.00000191
v 1940.1048584 2708.56591797 30.00000191
v 1885.63391113 2708.56591797 30.00000191
v 1862.86938477 2711.56298828 30.00000191
v 1822.86938477 2711.56298828 30.00000191
v 1815.63391113 2708.56591797 30.00000191
v 1807.86938477 2707.54370117 30.00000191
v 1797.51660156 2698.90673828 30.00000191
v 1787.86938477 2702.90283203 30.00000191
v 1800.1048584 2708.56591797 30.00000191
v 1779.58508301 2709.25952148 30.00000191
v 1792.86938477 2711.56298828 30.00000191
v 1786.65612793 2716.33056641 30.00000191
v 1829.08251953 2716.33056641 30.00000191
v 1856.65612793 2716.33056641 30.00000191
v 1833.85009766 2722.54370117 30.00000191
v 1851.8885498 2722.54370117 30.00000191
v 1836.84716797 2729.77905273 30.00000191
v 1848.89160156 2729.77905273 30.00000191
v 1837.86938477 2737.54370117 30.00000191
v 1847.86938477 2737.54370117 30.00000191
v 1836.84716797 2745.30834961 30.00000191
v 1848.89160156 2745.30834961 30.00000191
v 2046.84716797 2729.77905273 30.00000191
v 2058.89160156 2729.77905273 30.00000191
v 2047.86938477 2737.54370117 30.00000191
v 2057.86938477 2737.54370117 30.00000191
v 2046.84716797 2745.30834961 30.00000191
v 2058.89160156 2745.30834961 30.00000191
v 2061.88867188 2722.54370117 30.00000191
v 2043.85009766 2722.54370117 30.00000191
v 2066.65625 2716.33056641 30.00000191
v 2039.08251953 2716.33056641 30.00000191
v 2072.86938477 2711.56298828 30.00000191
v 2032.86938477 2711.56298828 30.00000191
v 2080.10473633 2708.56591797 30.00000191
v 2025.63391113 2708.56591797 30.00000191
v 2087.86938477 2707.54370117 30.00000191
v 2186.84716797 2745.30834961 30.00000191
v 2187.86938477 2737.54370117 30.00000191
v 2197.86938477 2737.54370117 30.00000191
v 2186.84716797 2729.77905273 30.00000191
v 2196.50634766 2727.19091797 30.00000191
v 2183.85009766 2722.54370117 30.00000191
v 2192.51049805 2717.54370117 30.00000191
v 2179.08251953 2716.33056641 30.00000191
v 2186.15356445 2709.25952148 30.00000191
v 2172.86938477 2711.56298828 30.00000191
v 2165.6340332 2708.56591797 30.00000191
v 2177.86938477 2702.90283203 30.00000191
v 2157.86938477 2707.54370117 30.00000191
v 2168.22216797 2698.90673828 30.00000191
v 2150.10473633 2708.56591797 30.00000191
v 2095.6340332 2708.56591797 30.00000191
v 2102.86938477 2711.56298828 30.00000191
v 2142.86938477 2711.56298828 30.00000191
v 2109.08251953 2716.33056641 30.00000191
v 2136.65625 2716.33056641 30.00000191
v 2113.85009766 2722.54370117 30.00000191
v 2131.88867188 2722.54370117 30.00000191
v 2116.84716797 2729.77905273 30.00000191
v 2128.89160156 2729.77905273 30.00000191
v 2117.86938477 2737.54370117 30.00000191
v 2127.86938477 2737.54370117 30.00000191
v 2116.84716797 2745.30834961 30.00000191
v 2128.89160156 2745.30834961 30.00000191
v 2157.86938477 2767.54370117 30.00000191
v 2168.22216797 2776.18066406 30.00000191
v 2177.86938477 2772.18481445 30.00000191
v 2165.6340332 2766.52148438 30.00000191
v 2186.15356445 2765.82788086 30.00000191
v 2172.86938477 2763.52441406 30.00000191
v 2179.08251953 2758.75683594 30.00000191
v 2192.51049805 2757.54370117 30.00000191
v 2183.85009766 2752.54370117 30.00000191
v 2196.50634766 2747.89648438 30.00000191
v 1773.22839355 2717.54370117 30.00000191
v 1781.8885498 2722.54370117 30.00000191
v 1769.2322998 2727.19091797 30.00000191
v 1778.89160156 2729.77905273 30.00000191
v 1767.86938477 2737.54370117 30.00000191
v 1777.86938477 2737.54370117 30.00000191
v 1778.89160156 2745.30834961 30.00000191
v 1769.2322998 2747.89648438 30.00000191
v 1781.8885498 2752.54370117 30.00000191
v 1773.22839355 2757.54370117 30.00000191
v 1786.65612793 2758.75683594 30.00000191
v 1779.58508301 2765.82788086 30.00000191
v 1792.86938477 2763.52441406 30.00000191
v 1800.1048584 2766.52148438 30.00000191
v 2157.86938477 2697.54370117 3.00000095
v 2168.22216797 2698.90673828 3.00000095
v 2177.86938477 2702.90283203 3.00000095
v 2186.15356445 2709.25952148 3.00000095
v 2192.51049805 2717.54370117 3.00000095
v 2196.50634766 2727.19091797 3.00000095
v 2197.86938477 2737.54370117 3.00000095
v 2196.50634766 2747.89648438 3.00000095
v 2192.51049805 2757.54370117 3.00000095
v 2186.15356445 2765.82788086 3.00000095
v 2177.86938477 2772.18481445 3.00000095
v 2168.22216797 2776.18066406 3.00000095
v 2157.86938477 2777.54370117 3.00000095
v 1831.74291992 2741.64013672 23.87273598
v 1832.37939453 2735.19726562 24.21565437
v 1830.68518066 2729.26611328 23.91384125
v 1827.7166748 2723.88256836 23.7649231
v 1823.53100586 2719.29760742 23.72428703
v 1818.29650879 2715.88891602 23.71476173
v 1812.3458252 2713.93212891 23.71284294
v 1806.0847168 2713.578125 23.7126236
v 1799.94311523 2714.85644531 23.71268654
v 1794.34130859 2717.6809082 23.7127285
v 1789.66137695 2721.85888672 23.71273232
v 1786.22229004 2727.10620117 23.71272278
v 1784.25842285 2733.06469727 23.7127018
v 1783.90368652 2739.32861328 23.71265984
v 1785.18261719 2745.47119141 23.7125721
v 1788.00842285 2751.07397461 23.71238708
v 1792.18981934 2755.75512695 23.7120018
v 1797.44384766 2759.19458008 23.71119308
v 1803.41601562 2761.15551758 23.70943451
v 1809.70422363 2761.49682617 23.70536613
v 1815.88330078 2760.17797852 23.69519043
v 1821.52209473 2757.25561523 23.66780281
v 1826.17956543 2752.88476562 23.59259415
v 1829.40429688 2747.39672852 23.42402077
v 1807.86938477 2737.54370117 15.00000095
v 1818.65979004 2738.06420898 16.58974266
v 1814.19555664 2739.34912109 15.58156681
v 1822.8572998 2742.46313477 18.47922516
v 1814.94165039 2741.89868164 15.93135071
v 1821.36022949 2746.99853516 18.81240463
v 1813.66589355 2743.85205078 15.99172115
v 1818.38903809 2750.49975586 18.91831017
v 1811.80029297 2745.21484375 16.00408745
v 1814.5802002 2752.89282227 18.94972229
v 1809.64746094 2745.98583984 16.00588799
v 1810.3125 2754.13427734 18.95848656
v 1807.38330078 2746.15551758 16.00544548
v 1805.89880371 2754.20166016 18.96078491
v 1805.16247559 2745.73046875 16.00481224
v 1801.63684082 2753.11816406 18.96134377
v 1803.13269043 2744.74658203 16.00437164
v 1797.81054688 2750.96899414 18.96146965
v 1801.42883301 2743.27270508 16.00411606
v 1794.67565918 2747.90429688 18.96149254
v 1800.16552734 2741.40917969 16.00398064
v 1792.44274902 2744.13452148 18.96149635
v 1799.42773438 2739.28271484 16.00391006
v 1791.26245117 2739.91601562 18.96149635
v 1799.26550293 2737.03833008 16.00387573
v 1791.21435547 2735.53637695 18.96149635
v 1799.6895752 2734.82861328 16.00385857
v 1792.30151367 2731.29394531 18.96149635
v 1800.67102051 2732.80395508 16.00385094
v 1794.44958496 2727.47753906 18.96149635
v 1802.14306641 2731.10253906 16.00384712
v 1797.51220703 2724.34716797 18.96149254
v 1804.00537109 2729.83984375 16.0038414
v 1801.28063965 2722.11621094 18.96146774
v 1806.13098145 2729.10229492 16.00382042
v 1805.49816895 2720.93676758 18.96137047
v 1808.375 2728.94042969 16.0037365
v 1809.87634277 2720.8894043 18.96116066
v 1810.58398438 2729.36499023 16.0035553
v 1814.1151123 2721.97509766 18.96106339
v 1812.6072998 2730.34619141 16.00346756
v 1817.92492676 2724.11230469 18.9629612
v 1814.31262207 2731.81225586 16.00499916
v 1821.0604248 2727.13061523 18.97663689
v 1815.6184082 2733.65283203 16.01627541
v 1823.39660645 2730.76220703 19.04607964
v 1816.63146973 2735.73388672 16.08298302
v 1825.1472168 2734.65209961 19.34333992
v 1826.49414062 2738.6652832 19.97141075
v 1971.74291992 2741.64013672 23.87273598
v 1972.37939453 2735.19726562 24.21565437
v 1970.68518066 2729.26611328 23.91384125
v 1967.7166748 2723.88256836 23.7649231
v 1963.53100586 2719.29760742 23.72428703
v 1958.29650879 2715.88891602 23.71476173
v 1952.3458252 2713.93212891 23.71284294
v 1946.0847168 2713.578125 23.7126236
v 1939.94311523 2714.85644531 23.71268654
v 1934.34130859 2717.6809082 23.7127285
v 1929.66137695 2721.85888672 23.71273232
v 1926.22229004 2727.10620117 23.71272278
v 1924.25842285 2733.06469727 23.7127018
v 1923.90368652 2739.32861328 23.71265984
v 1925.18261719 2745.47119141 23.7125721
v 1928.00842285 2751.07397461 23.71238708
v 1932.18981934 2755.75512695 23.7120018
v 1937.44384766 2759.19458008 23.71119308
v 1943.41601562 2761.15551758 23.70943451
v 1949.70422363 2761.49682617 23.70536613
v 1955.88330078 2760.17797852 23.69519043
v 1961.52209473 2757.25561523 23.66780281
v 1966.17956543 2752.88476562 23.59259415
v 1969.40429688 2747.39672852 23.42402077
v 1947.86938477 2737.54370117 15.00000095
v 1958.65979004 2738.06420898 16.58974266
v 1954.19555664 2739.34912109 15.58156681
v 1962.8572998 2742.46313477 18.47922516
v 1954.94165039 2741.89868164 15.93135071
v 1961.36022949 2746.99853516 18.81240463
v 1953.66589355 2743.85205078 15.99172115
v 1958.38903809 2750.49975586 18.91831017
v 1951.80029297 2745.21484375 16.00408745
v 1954.5802002 2752.89282227 18.94972229
v 1949.64746094 2745.98583984 16.00588799
v 1950.3125 2754.13427734 18.95848656
v 1947.38330078 2746.15551758 16.00544548
v 1945.89880371 2754.20166016 18.96078491
v 1945.16247559 2745.73046875 16.00481224
v 1941.63684082 2753.11816406 18.96134377
v 1943.13269043 2744.74658203 16.00437164
v 1937.81054688 2750.96899414 18.96146965
v 1941.42883301 2743.27270508 16.00411606
v 1934.67565918 2747.90429688 18.96149254
v 1940.16552734 2741.40917969 16.00398064
v 1932.44274902 2744.13452148 18.96149635
v 1939.42773438 2739.28271484 16.00391006
v 1931.26245117 2739.91601562 18.96149635
v 1939.26550293 2737.03833008 16.00387573
v 1931.21435547 2735.53637695 18.96149635
v 1939.6895752 2734.82861328 16.00385857
v 1932.30151367 2731.29394531 18.96149635
v 1940.67102051 2732.80395508 16.00385094
v 1934.44958496 2727.47753906 18.96149635
v 1942.14306641 2731.10253906 16.00384712
v 1937.51220703 2724.34716797 18.96149254
v 1944.00537109 2729.83984375 16.0038414
v 1941.28063965 2722.11621094 18.96146774
v 1946.13098145 2729.10229492 16.00382042
v 1945.49816895 2720.93676758 18.96137047
v 1948.375 2728.94042969 16.0037365
v 1949.87634277 2720.8894043 18.96116066
v 1950.58398438 2729.36499023 16.0035553
v 1954.1151123 2721.97509766 18.96106339
v 1952.6072998 2730.34619141 16.00346756
v 1957.92492676 2724.11230469 18.9629612
v 1954.31262207 2731.81225586 16.00499916
v 1961.0604248 2727.13061523 18.97663689
v 1955.6184082 2733.65283203 16.01627541
v 1963.39660645 2730.76220703 19.04607964
v 1956.63146973 2735.73388672 16.08298302
v 1965.1472168 2734.65209961 19.34333992
v 1966.49414062 2738.6652832 19.97141075
v 2111.74291992 2741.64013672 23.87273598
v 2112.37939453 2735.19726562 24.21565437
v 2110.68530273 2729.26611328 23.91384125
v 2107.71679688 2723.88256836 23.7649231
v 2103.53100586 2719.29760742 23.72428703
v 2098.29638672 2715.88891602 23.71476173
v 2092.34570312 2713.93212891 23.71284294
v 2086.0847168 2713.578125 23.7126236
v 2079.94311523 2714.85644531 23.71268654
v 2074.34130859 2717.6809082 23.7127285
v 2069.66137695 2721.85888672 23.71273232
v 2066.22216797 2727.10620117 23.71272278
v 2064.25830078 2733.06469727 23.7127018
v 2063.90380859 2739.32861328 23.71265984
v 2065.18261719 2745.47119141 23.7125721
v 2068.00854492 2751.07397461 23.71238708
v 2072.18994141 2755.75512695 23.7120018
v 2077.44384766 2759.19458008 23.71119308
v 2083.41601562 2761.15551758 23.70943451
v 2089.7043457 2761.49682617 23.70536613
v 2095.88330078 2760.17797852 23.69519043
v 2101.5222168 2757.25561523 23.66780281
v 2106.17944336 2752.88476562 23.59259415
v 2109.40429688 2747.39672852 23.42402077
v 2087.86938477 2737.54370117 15.00000095
v 2098.65966797 2738.06420898 16.58974266
v 2094.19555664 2739.34912109 15.58156681
v 2102.85717773 2742.46313477 18.47922516
v 2094.94165039 2741.89868164 15.93135071
v 2101.36010742 2746.99853516 18.81240463
v 2093.66577148 2743.85205078 15.99172115
v 2098.38916016 2750.49975586 18.91831017
v 2091.80029297 2745.21484375 16.00408745
v 2094.58032227 2752.89282227 18.94972229
v 2089.64746094 2745.98583984 16.00588799
v 2090.3125 2754.13427734 18.95848656
v 2087.38330078 2746.15551758 16.00544548
v 2085.89868164 2754.20166016 18.96078491
v 2085.16259766 2745.73046875 16.00481224
v 2081.63696289 2753.11816406 18.96134377
v 2083.13256836 2744.74658203 16.00437164
v 2077.81054688 2750.96899414 18.96146965
v 2081.42895508 2743.27270508 16.00411606
v 2074.67553711 2747.90429688 18.96149254
v 2080.16552734 2741.40917969 16.00398064
v 2072.44262695 2744.13452148 18.96149635
v 2079.42773438 2739.28271484 16.00391006
v 2071.26245117 2739.91601562 18.96149635
v 2079.26538086 2737.03833008 16.00387573
v 2071.21435547 2735.53637695 18.96149635
v 2079.68945312 2734.82861328 16.00385857
v 2072.30151367 2731.29394531 18.96149635
v 2080.67114258 2732.80395508 16.00385094
v 2074.44946289 2727.47753906 18.96149635
v 2082.14306641 2731.10253906 16.00384712
v 2077.51220703 2724.34716797 18.96149254
v 2084.00537109 2729.83984375 16.0038414
v 2081.28076172 2722.11621094 18.96146774
v 2086.13110352 2729.10229492 16.00382042
v 2085.49804688 2720.93676758 18.96137047
v 2088.375 2728.94042969 16.0037365
v 2089.8762207 2720.8894043 18.96116066
v 2090.58398438 2729.36499023 16.0035553
v 2094.11499023 2721.97509766 18.96106339
v 2092.60717773 2730.34619141 16.00346756
v 2097.92504883 2724.11230469 18.9629612
v 2094.3125 2731.81225586 16.00499916
v 2101.06030273 2727.13061523 18.97663689
v 2095.6184082 2733.65283203 16.01627541
v 2103.39672852 2730.76220703 19.04607964
v 2096.6315918 2735.73388672 16.08298302
v 2105.1472168 2734.65209961 19.34333992
v 2106.49414062 2738.6652832 19.97141075
v 2181.74291992 2741.64013672 23.87273598
v 2182.37939453 2735.19726562 24.21565437
v 2180.68530273 2729.26611328 23.91384125
v 2177.71679688 2723.88256836 23.7649231
v 2173.53100586 2719.29760742 23.72428703
v 2168.29638672 2715.88891602 23.71476173
v 2162.34570312 2713.93212891 23.71284294
v 2156.0847168 2713.578125 23.7126236
v 2149.94311523 2714.85644531 23.71268654
v 2144.34130859 2717.6809082 23.7127285
v 2139.66137695 2721.85888672 23.71273232
v 2136.22216797 2727.10620117 23.71272278
v 2134.25830078 2733.06469727 23.7127018
v 2133.90380859 2739.32861328 23.71265984
v 2135.18261719 2745.47119141 23.7125721
v 2138.00854492 2751.07397461 23.71238708
v 2142.18994141 2755.75512695 23.7120018
v 2147.44384766 2759.19458008 23.71119308
v 2153.41601562 2761.15551758 23.70943451
v 2159.7043457 2761.49682617 23.70536613
v 2165.88330078 2760.17797852 23.69519043
v 2171.5222168 2757.25561523 23.66780281
v 2176.17944336 2752.88476562 23.59259415
v 2179.40429688 2747.39672852 23.42402077
v 2157.86938477 2737.54370117 15.00000095
v 2168.65966797 2738.06420898 16.58974266
v 2164.19555664 2739.34912109 15.58156681
v 2172.85717773 2742.46313477 18.47922516
v 2164.94165039 2741.89868164 15.93135071
v 2171.36010742 2746.99853516 18.81240463
v 2163.66577148 2743.85205078 15.99172115
v 2168.38916016 2750.49975586 18.91831017
v 2161.80029297 2745.21484375 16.00408745
v 2164.58032227 2752.89282227 18.94972229
v 2159.64746094 2745.98583984 16.00588799
v 2160.3125 2754.13427734 18.95848656
v 2157.38330078 2746.15551758 16.00544548
v 2155.89868164 2754.20166016 18.96078491
v 2155.16259766 2745.73046875 16.00481224
v 2151.63696289 2753.11816406 18.96134377
v 2153.13256836 2744.74658203 16.00437164
v 2147.81054688 2750.96899414 18.96146965
v 2151.42895508 2743.27270508 16.00411606
v 2144.67553711 2747.90429688 18.96149254
v 2150.16552734 2741.40917969 16.00398064
v 2142.44262695 2744.13452148 18.96149635
v 2149.42773438 2739.28271484 16.00391006
v 2141.26245117 2739.91601562 18.96149635
v 2149.26538086 2737.03833008 16.00387573
v 2141.21435547 2735.53637695 18.96149635
v 2149.68945312 2734.82861328 16.00385857
v 2142.30151367 2731.29394531 18.96149635
v 2150.67114258 2732.80395508 16.00385094
v 2144.44946289 2727.47753906 18.96149635
v 2152.14306641 2731.10253906 16.00384712
v 2147.51220703 2724.34716797 18.96149254
v 2154.00537109 2729.83984375 16.0038414
v 2151.28076172 2722.11621094 18.96146774
v 2156.13110352 2729.10229492 16.00382042
v 2155.49804688 2720.93676758 18.96137047
v 2158.375 2728.94042969 16.0037365
v 2159.8762207 2720.8894043 18.96116066
v 2160.58398438 2729.36499023 16.0035553
v 2164.11499023 2721.97509766 18.96106339
v 2162.60717773 2730.34619141 16.00346756
v 2167.92504883 2724.11230469 18.9629612
v 2164.3125 2731.81225586 16.00499916
v 2171.06030273 2727.13061523 18.97663689
v 2165.6184082 2733.65283203 16.01627541
v 2173.39672852 2730.76220703 19.04607964
v 2166.6315918 2735.73388672 16.08298302
v 2175.1472168 2734.65209961 19.34333992
v 2176.49414062 2738.6652832 19.97141075
v 2041.74291992 2741.64013672 23.87273598
v 2042.37939453 2735.19726562 24.21565437
v 2040.68518066 2729.26611328 23.91384125
v 2037.7166748 2723.88256836 23.7649231
v 2033.53100586 2719.29760742 23.72428703
v 2028.29650879 2715.88891602 23.71476173
v 2022.3458252 2713.93212891 23.71284294
v 2016.0847168 2713.578125 23.7126236
v 2009.94311523 2714.85644531 23.71268654
v 2004.34130859 2717.6809082 23.7127285
v 1999.66137695 2721.85888672 23.71273232
v 1996.22229004 2727.10620117 23.71272278
v 1994.25842285 2733.06469727 23.7127018
v 1993.90368652 2739.32861328 23.71265984
v 1995.18261719 2745.47119141 23.7125721
v 1998.00842285 2751.07397461 23.71238708
v 2002.18981934 2755.75512695 23.7120018
v 2007.44384766 2759.19458008 23.71119308
v 2013.41601562 2761.15551758 23.70943451
v 2019.70422363 2761.49682617 23.70536613
v 2025.88330078 2760.17797852 23.69519043
v 2031.52209473 2757.25561523 23.66780281
v 2036.17956543 2752.88476562 23.59259415
v 2039.40429688 2747.39672852 23.42402077
v 2017.86938477 2737.54370117 15.00000095
v 2028.65979004 2738.06420898 16.58974266
v 2024.19555664 2739.34912109 15.58156681
v 2032.8572998 2742.46313477 18.47922516
v 2024.94165039 2741.89868164 15.93135071
v 2031.36022949 2746.99853516 18.81240463
v 2023.66589355 2743.85205078 15.99172115
v 2028.38903809 2750.49975586 18.91831017
v 2021.80029297 2745.21484375 16.00408745
v 2024.5802002 2752.89282227 18.94972229
v 2019.64746094 2745.98583984 16.00588799
v 2020.3125 2754.13427734 18.95848656
v 2017.38330078 2746.15551758 16.00544548
v 2015.89880371 2754.20166016 18.96078491
v 2015.16247559 2745.73046875 16.00481224
v 2011.63684082 2753.11816406 18.96134377
v 2013.13269043 2744.74658203 16.00437164
v 2007.81054688 2750.96899414 18.96146965
v 2011.42883301 2743.27270508 16.00411606
v 2004.67565918 2747.90429688 18.96149254
v 2010.16552734 2741.40917969 16.00398064
v 2002.44274902 2744.13452148 18.96149635
v 2009.42773438 2739.28271484 16.00391006
v 2001.26245117 2739.91601562 18.96149635
v 2009.26550293 2737.03833008 16.00387573
v 2001.21435547 2735.53637695 18.96149635
v 2009.6895752 2734.82861328 16.00385857
v 2002.30151367 2731.29394531 18.96149635
v 2010.67102051 2732.80395508 16.00385094
v 2004.44958496 2727.47753906 18.96149635
v 2012.14306641 2731.10253906 16.00384712
v 2007.51220703 2724.34716797 18.96149254
v 2014.00537109 2729.83984375 16.0038414
v 2011.28063965 2722.11621094 18.96146774
v 2016.13098145 2729.10229492 16.00382042
v 2015.49816895 2720.93676758 18.96137047
v 2018.375 2728.94042969 16.0037365
v 2019.87634277 2720.8894043 18.96116066
v 2020.58398438 2729.36499023 16.0035553
v 2024.1151123 2721.97509766 18.96106339
v 2022.6072998 2730.34619141 16.00346756
v 2027.92492676 2724.11230469 18.9629612
v 2024.31262207 2731.81225586 16.00499916
v 2031.0604248 2727.13061523 18.97663689
v 2025.6184082 2733.65283203 16.01627541
v 2033.39660645 2730.76220703 19.04607964
v 2026.63146973 2735.73388672 16.08298302
v 2035.1472168 2734.65209961 19.34333992
v 2036.49414062 2738.6652832 19.97141075
v 1901.74291992 2741.64013672 23.87273598
v 1902.37939453 2735.19726562 24.21565437
v 1900.68518066 2729.26611328 23.91384125
v 1897.7166748 2723.88256836 23.7649231
v 1893.53100586 2719.29760742 23.72428703
v 1888.29650879 2715.88891602 23.71476173
v 1882.3458252 2713.93212891 23.71284294
v 1876.0847168 2713.578125 23.7126236
v 1869.94311523 2714.85644531 23.71268654
v 1864.34130859 2717.6809082 23.7127285
v 1859.66137695 2721.85888672 23.71273232
v 1856.22229004 2727.10620117 23.71272278
v 1854.25842285 2733.06469727 23.7127018
v 1853.90368652 2739.32861328 23.71265984
v 1855.18261719 2745.47119141 23.7125721
v 1858.00842285 2751.07397461 23.71238708
v 1862.18981934 2755.75512695 23.7120018
v 1867.44384766 2759.19458008 23.71119308
v 1873.41601562 2761.15551758 23.70943451
v 1879.70422363 2761.49682617 23.70536613
v 1885.88330078 2760.17797852 23.69519043
v 1891.52209473 2757.25561523 23.66780281
v 1896.17956543 2752.88476562 23.59259415
v 1899.40429688 2747.39672852 23.42402077
v 1877.86938477 2737.54370117 15.00000095
v 1888.65979004 2738.06420898 16.58974266
v 1884.19555664 2739.34912109 15.58156681
v 1892.8572998 2742.46313477 18.47922516
v 1884.94165039 2741.89868164 15.93135071
v 1891.36022949 2746.99853516 18.81240463
v 1883.66589355 2743.85205078 15.99172115
v 1888.38903809 2750.49975586 18.91831017
v 1881.80029297 2745.21484375 16.00408745
v 1884.5802002 2752.89282227 18.94972229
v 1879.64746094 2745.98583984 16.00588799
v 1880.3125 2754.13427734 18.95848656
v 1877.38330078 2746.15551758 16.00544548
v 1875.89880371 2754.20166016 18.96078491
v 1875.16247559 2745.73046875 16.00481224
v 1871.63684082 2753.11816406 18.96134377
v 1873.13269043 2744.74658203 16.00437164
v 1867.81054688 2750.96899414 18.96146965
v 1871.42883301 2743.27270508 16.00411606
v 1864.67565918 2747.90429688 18.96149254
v 1870.16552734 2741.40917969 16.00398064
v 1862.44274902 2744.13452148 18.96149635
v 1869.42773438 2739.28271484 16.00391006
v 1861.26245117 2739.91601562 18.96149635
v 1869.26550293 2737.03833008 16.00387573
v 1861.21435547 2735.53637695 18.96149635
v 1869.6895752 2734.82861328 16.00385857
v 1862.30151367 2731.29394531 18.96149635
v 1870.67102051 2732.80395508 16.00385094
v 1864.44958496 2727.47753906 18.96149635
v 1872.14306641 2731.10253906 16.00384712
v 1867.51220703 2724.34716797 18.96149254
v 1874.00537109 2729.83984375 16.0038414
v 1871.28063965 2722.11621094 18.96146774
v 1876.13098145 2729.10229492 16.00382042
v 1875.49816895 2720.93676758 18.96137047
v 1878.375 2728.94042969 16.0037365
v 1879.87634277 2720.8894043 18.96116066
v 1880.58398438 2729.36499023 16.0035553
v 1884.1151123 2721.97509766 18.96106339
v 1882.6072998 2730.34619141 16.00346756
v 1887.92492676 2724.11230469 18.9629612
v 1884.31262207 2731.81225586 16.00499916
v 1891.0604248 2727.13061523 18.97663689
v 1885.6184082 2733.65283203 16.01627541
v 1893.39660645 2730.76220703 19.04607964
v 1886.63146973 2735.73388672 16.08298302
v 1895.1472168 2734.65209961 19.34333992
v 1896.49414062 2738.6652832 19.97141075
v 1867.86938477 2700.54370117 1E-06
v 1858.86938477 2700.54370117 1E-06
v 1867.86938477 2774.54370117 1E-06
v 1858.86938477 2774.54370117 1E-06
v 1879.86938477 2700.54370117 1E-06
v 1870.86938477 2700.54370117 1E-06
v 1879.86938477 2774.54370117 1E-06
v 1870.86938477 2774.54370117 1E-06
v 1843.86938477 2700.54370117 1E-06
v 1834.86938477 2700.54370117 1E-06
v 1843.86938477 2774.54370117 1E-06
v 1834.86938477 2774.54370117 1E-06
v 1855.86938477 2700.54370117 1E-06
v 1846.86938477 2700.54370117 1E-06
v 1855.86938477 2774.54370117 1E-06
v 1846.86938477 2774.54370117 1E-06
v 1831.86938477 2700.54370117 1E-06
v 1821.36938477 2700.54370117 1E-06
v 1831.86938477 2774.54370117 1E-06
v 1821.36938477 2774.54370117 1E-06
v 1891.86938477 2700.54370117 1E-06
v 1882.86938477 2700.54370117 1E-06
v 1891.86938477 2774.54370117 1E-06
v 1882.86938477 2774.54370117 1E-06
v 1950.19885254 2774.54370117 1E-06
v 1982.86938477 2741.87329102 1E-06
v 1937.47094727 2774.54370117 1E-06
v 1982.86938477 2729.14526367 1E-06
v 2028.26782227 2774.54370117 1E-06
v 2015.53991699 2774.54370117 1E-06
v 1933.22827148 2774.54370117 1E-06
v 1982.86938477 2724.90258789 1E-06
v 1920.50036621 2774.54370117 1E-06
v 1982.86938477 2712.17480469 1E-06
v 2045.23840332 2774.54370117 1E-06
v 2032.51049805 2774.54370117 1E-06
v 1967.16943359 2774.54370117 1E-06
v 1982.86938477 2758.84375 1E-06
v 1954.44152832 2774.54370117 1E-06
v 1982.86938477 2746.11572266 1E-06
v 2011.29724121 2774.54370117 1E-06
v 1998.56933594 2774.54370117 1E-06
v 1807.86938477 2697.54370117 3.00000095
v 2157.86938477 2706.04370117 1E-06
v 2157.86938477 2709.04370117 1E-06
v 2157.86938477 2707.54370117 2.5980773
v 2157.86938477 2766.04370117 1E-06
v 2157.86938477 2769.04370117 1E-06
v 2157.86938477 2767.54370117 2.5980773
v 2165.6340332 2708.56591797 2.5980773
v 2165.24560547 2710.01489258 1E-06
v 2172.86938477 2711.56298828 2.5980773
v 2172.11938477 2712.86206055 1E-06
v 2179.08251953 2716.33056641 2.5980773
v 2178.02197266 2717.39111328 1E-06
v 2183.85009766 2722.54370117 2.5980773
v 2182.55102539 2723.29370117 1E-06
v 2186.84716797 2729.77905273 2.5980773
v 2185.39819336 2730.16748047 1E-06
v 2187.86938477 2737.54370117 2.5980773
v 2186.36938477 2737.54370117 1E-06
v 2186.84716797 2745.30834961 2.5980773
v 2185.39819336 2744.92016602 1E-06
v 2183.85009766 2752.54370117 2.5980773
v 2182.55102539 2751.79370117 1E-06
v 2179.08251953 2758.75683594 2.5980773
v 2178.02197266 2757.69628906 1E-06
v 2172.86938477 2763.52441406 2.5980773
v 2172.11938477 2762.2253418 1E-06
v 2165.6340332 2766.52148438 2.5980773
v 2165.24560547 2765.07250977 1E-06
v 2166.0222168 2707.11694336 1E-06
v 2173.61938477 2710.26391602 1E-06
v 2180.14331055 2715.26977539 1E-06
v 2185.14916992 2721.79370117 1E-06
v 2188.29614258 2729.39086914 1E-06
v 2189.36938477 2737.54370117 1E-06
v 2188.29614258 2745.6965332 1E-06
v 2185.14916992 2753.29370117 1E-06
v 2180.14331055 2759.81762695 1E-06
v 2173.61938477 2764.82348633 1E-06
v 2166.0222168 2767.97045898 1E-06
v 2157.86938477 2730.04370117 1E-06
v 2157.86938477 2733.04370117 1E-06
v 2157.86938477 2731.54370117 2.5980773
v 2157.86938477 2742.04370117 1E-06
v 2157.86938477 2745.04370117 1E-06
v 2157.86938477 2743.54370117 2.5980773
v 2159.42236328 2731.74829102 2.5980773
v 2159.03393555 2733.19702148 1E-06
v 2160.86938477 2732.34765625 2.5980773
v 2160.11938477 2733.64672852 1E-06
v 2162.11206055 2733.30102539 2.5980773
v 2161.05126953 2734.36181641 1E-06
v 2163.06542969 2734.54370117 2.5980773
v 2161.76660156 2735.29370117 1E-06
v 2163.66503906 2735.99072266 2.5980773
v 2162.21606445 2736.37915039 1E-06
v 2163.86938477 2737.54370117 2.5980773
v 2162.36938477 2737.54370117 1E-06
v 2163.66503906 2739.09667969 2.5980773
v 2162.21606445 2738.70849609 1E-06
v 2163.06542969 2740.54370117 2.5980773
v 2161.76660156 2739.79370117 1E-06
v 2162.11206055 2741.78637695 2.5980773
v 2161.05126953 2740.72558594 1E-06
v 2160.86938477 2742.73999023 2.5980773
v 2160.11938477 2741.44091797 1E-06
v 2159.42236328 2743.33935547 2.5980773
v 2159.03393555 2741.89038086 1E-06
v 2159.81054688 2730.29931641 1E-06
v 2161.61938477 2731.04858398 1E-06
v 2163.17260742 2732.24047852 1E-06
v 2164.36450195 2733.79370117 1E-06
v 2165.11376953 2735.60253906 1E-06
v 2165.36938477 2737.54370117 1E-06
v 2165.11376953 2739.48486328 1E-06
v 2164.36450195 2741.29370117 1E-06
v 2163.17260742 2742.84692383 1E-06
v 2161.61938477 2744.03881836 1E-06
v 2159.81054688 2744.78808594 1E-06
v 2146.86938477 2757.04370117 1E-06
v 2146.86938477 2754.04370117 1E-06
v 2146.86938477 2755.54370117 2.5980773
v 2071.86938477 2754.04370117 1E-06
v 2071.86938477 2757.04370117 1E-06
v 2071.86938477 2755.54370117 2.5980773
v 2146.86938477 2733.04370117 1E-06
v 2146.86938477 2730.04370117 1E-06
v 2146.86938477 2731.54370117 2.5980773
v 2071.86938477 2730.04370117 1E-06
v 2071.86938477 2733.04370117 1E-06
v 2071.86938477 2731.54370117 2.5980773
v 2146.86938477 2709.04370117 1E-06
v 2146.86938477 2706.04370117 1E-06
v 2146.86938477 2707.54370117 2.5980773
v 2071.86938477 2706.04370117 1E-06
v 2071.86938477 2709.04370117 1E-06
v 2071.86938477 2707.54370117 2.5980773
v 2021.67333984 2697.94555664 2.5980773
v 2060.86938477 2737.14160156 2.5980773
v 2026.3927002 2700.54370117 1E-06
v 2060.86938477 2735.02050781 1E-06
v 2060.86938477 2739.26293945 1E-06
v 1987.73217773 2697.94555664 2.5980773
v 2060.86938477 2771.08276367 2.5980773
v 1992.45153809 2700.54370117 1E-06
v 2060.86938477 2768.96142578 1E-06
v 1988.20898438 2700.54370117 1E-06
v 2060.86938477 2773.20410156 1E-06
v 1966.69262695 2777.1418457 2.5980773
v 1982.86938477 2760.96508789 2.5980773
v 1971.4119873 2774.54370117 1E-06
v 1982.86938477 2763.08642578 1E-06
v 1949.7220459 2777.1418457 2.5980773
v 1982.86938477 2743.99462891 2.5980773
v 1932.75146484 2777.1418457 2.5980773
v 1982.86938477 2727.02392578 2.5980773
v 1915.78100586 2777.1418457 2.5980773
v 1982.86938477 2710.0534668 2.5980773
v 1916.25769043 2774.54370117 1E-06
v 1982.86938477 2707.93212891 1E-06
v 1961.03601074 2697.94555664 2.5980773
v 1956.31665039 2700.54370117 1E-06
v 1904.86938477 2754.11230469 2.5980773
v 1904.86938477 2751.9909668 1E-06
v 1960.5592041 2700.54370117 1E-06
v 1904.86938477 2756.23364258 1E-06
v 1904.86938477 2722.29248047 1E-06
v 1904.86938477 2720.17114258 2.5980773
v 1904.86938477 2718.04980469 1E-06
v 1881.36938477 2697.94555664 2.5980773
v 1881.36938477 2777.1418457 2.5980773
v 1857.36938477 2697.94555664 2.5980773
v 1857.36938477 2777.1418457 2.5980773
v 1833.36938477 2697.94555664 2.5980773
v 1833.36938477 2777.1418457 2.5980773
v 1807.86938477 2733.04370117 1E-06
v 1807.86938477 2730.04370117 1E-06
v 1807.86938477 2731.54370117 2.5980773
v 1807.86938477 2745.04370117 1E-06
v 1807.86938477 2742.04370117 1E-06
v 1807.86938477 2743.54370117 2.5980773
v 1806.31640625 2731.74829102 2.5980773
v 1805.92822266 2730.29931641 1E-06
v 1804.86938477 2732.34765625 2.5980773
v 1804.11938477 2731.04858398 1E-06
v 1803.62670898 2733.30102539 2.5980773
v 1802.56604004 2732.24047852 1E-06
v 1802.67321777 2734.54370117 2.5980773
v 1801.37414551 2733.79370117 1E-06
v 1802.07385254 2735.99072266 2.5980773
v 1800.62487793 2735.60253906 1E-06
v 1801.86938477 2737.54370117 2.5980773
v 1800.36938477 2737.54370117 1E-06
v 1802.07385254 2739.09667969 2.5980773
v 1800.62487793 2739.48486328 1E-06
v 1802.67321777 2740.54370117 2.5980773
v 1801.37414551 2741.29370117 1E-06
v 1803.62670898 2741.78637695 2.5980773
v 1802.56604004 2742.84692383 1E-06
v 1804.86938477 2742.73999023 2.5980773
v 1804.11938477 2744.03881836 1E-06
v 1806.31640625 2743.33935547 2.5980773
v 1805.92822266 2744.78808594 1E-06
v 1806.70471191 2733.19702148 1E-06
v 1805.61938477 2733.64672852 1E-06
v 1804.68737793 2734.36181641 1E-06
v 1803.97229004 2735.29370117 1E-06
v 1803.52270508 2736.37915039 1E-06
v 1803.36938477 2737.54370117 1E-06
v 1803.52270508 2738.70849609 1E-06
v 1803.97229004 2739.79370117 1E-06
v 1804.68737793 2740.72558594 1E-06
v 1805.61938477 2741.44091797 1E-06
v 1806.70471191 2741.89038086 1E-06
v 1807.86938477 2709.04370117 1E-06
v 1807.86938477 2706.04370117 1E-06
v 1807.86938477 2707.54370117 2.5980773
v 1807.86938477 2769.04370117 1E-06
v 1807.86938477 2766.04370117 1E-06
v 1807.86938477 2767.54370117 2.5980773
v 1800.1048584 2708.56591797 2.5980773
v 1799.71655273 2707.11694336 1E-06
v 1792.86938477 2711.56298828 2.5980773
v 1792.11938477 2710.26391602 1E-06
v 1786.65612793 2716.33056641 2.5980773
v 1785.59545898 2715.26977539 1E-06
v 1781.8885498 2722.54370117 2.5980773
v 1780.58959961 2721.79370117 1E-06
v 1778.89160156 2729.77905273 2.5980773
v 1777.44274902 2729.39086914 1E-06
v 1777.86938477 2737.54370117 2.5980773
v 1776.36938477 2737.54370117 1E-06
v 1778.89160156 2745.30834961 2.5980773
v 1777.44274902 2745.6965332 1E-06
v 1781.8885498 2752.54370117 2.5980773
v 1780.58959961 2753.29370117 1E-06
v 1786.65612793 2758.75683594 2.5980773
v 1785.59545898 2759.81762695 1E-06
v 1792.86938477 2763.52441406 2.5980773
v 1792.11938477 2764.82348633 1E-06
v 1800.1048584 2766.52148438 2.5980773
v 1799.71655273 2767.97045898 1E-06
v 1800.49304199 2710.01489258 1E-06
v 1793.61938477 2712.86206055 1E-06
v 1787.71679688 2717.39111328 1E-06
v 1783.18762207 2723.29370117 1E-06
v 1780.3404541 2730.16748047 1E-06
v 1779.36938477 2737.54370117 1E-06
v 1780.3404541 2744.92016602 1E-06
v 1783.18762207 2751.79370117 1E-06
v 1787.71679688 2757.69628906 1E-06
v 1793.61938477 2762.2253418 1E-06
v 1800.49304199 2765.07250977 1E-06
v 1807.86938477 2721.04370117 1E-06
v 1807.86938477 2718.04370117 1E-06
v 1807.86938477 2719.54370117 2.5980773
v 1807.86938477 2757.04370117 1E-06
v 1807.86938477 2754.04370117 1E-06
v 1807.86938477 2755.54370117 2.5980773
v 1803.21057129 2720.15698242 2.5980773
v 1802.8223877 2718.70825195 1E-06
v 1798.86938477 2721.95532227 2.5980773
v 1798.11938477 2720.65625 1E-06
v 1795.14147949 2724.81591797 2.5980773
v 1794.08081055 2723.75512695 1E-06
v 1792.28088379 2728.54370117 2.5980773
v 1790.98193359 2727.79370117 1E-06
v 1790.48266602 2732.88500977 2.5980773
v 1789.03381348 2732.49682617 1E-06
v 1789.86938477 2737.54370117 2.5980773
v 1788.36938477 2737.54370117 1E-06
v 1790.48266602 2742.20239258 2.5980773
v 1789.03381348 2742.59082031 1E-06
v 1792.28088379 2746.54370117 2.5980773
v 1790.98193359 2747.29370117 1E-06
v 1795.14147949 2750.27172852 2.5980773
v 1794.08081055 2751.33227539 1E-06
v 1798.86938477 2753.13208008 2.5980773
v 1798.11938477 2754.43115234 1E-06
v 1803.21057129 2754.93041992 2.5980773
v 1802.8223877 2756.37939453 1E-06
v 1803.59887695 2721.60595703 1E-06
v 1799.61938477 2723.25439453 1E-06
v 1796.20214844 2725.87646484 1E-06
v 1793.57995605 2729.29370117 1E-06
v 1791.93164062 2733.27319336 1E-06
v 1791.36938477 2737.54370117 1E-06
v 1791.93164062 2741.81420898 1E-06
v 1793.57995605 2745.79370117 1E-06
v 1796.20214844 2749.2109375 1E-06
v 1799.61938477 2751.83325195 1E-06
v 1803.59887695 2753.48144531 1E-06
v 1818.36938477 2700.54370117 1E-06
v 1818.36938477 2774.54370117 1E-06
v 1819.86938477 2697.94555664 2.5980773
v 1819.86938477 2777.1418457 2.5980773
v 1845.36938477 2697.94555664 2.5980773
v 1845.36938477 2777.1418457 2.5980773
v 1869.36938477 2697.94555664 2.5980773
v 1869.36938477 2777.1418457 2.5980773
v 1893.36938477 2697.94555664 2.5980773
v 1893.36938477 2777.1418457 2.5980773
v 1894.86938477 2700.54370117 1E-06
v 1894.86938477 2774.54370117 1E-06
v 1944.06542969 2697.94555664 2.5980773
v 1904.86938477 2737.14160156 2.5980773
v 1943.58862305 2700.54370117 1E-06
v 1904.86938477 2739.26293945 1E-06
v 1904.86938477 2735.02050781 1E-06
v 1978.0065918 2697.94555664 2.5980773
v 1973.28710938 2700.54370117 1E-06
v 1904.86938477 2771.08276367 2.5980773
v 1904.86938477 2768.96142578 1E-06
v 1977.52978516 2700.54370117 1E-06
v 1904.86938477 2773.20410156 1E-06
v 2004.70275879 2697.94555664 2.5980773
v 2060.86938477 2754.11230469 2.5980773
v 2009.42211914 2700.54370117 1E-06
v 2060.86938477 2751.9909668 1E-06
v 2005.17956543 2700.54370117 1E-06
v 2060.86938477 2756.23364258 1E-06
v 2060.86938477 2720.17114258 2.5980773
v 2060.86938477 2722.29248047 1E-06
v 2060.86938477 2718.04980469 1E-06
v 2146.86938477 2721.04370117 1E-06
v 2146.86938477 2718.04370117 1E-06
v 2146.86938477 2719.54370117 2.5980773
v 2071.86938477 2718.04370117 1E-06
v 2071.86938477 2721.04370117 1E-06
v 2071.86938477 2719.54370117 2.5980773
v 2146.86938477 2745.04370117 1E-06
v 2146.86938477 2742.04370117 1E-06
v 2146.86938477 2743.54370117 2.5980773
v 2071.86938477 2742.04370117 1E-06
v 2071.86938477 2745.04370117 1E-06
v 2071.86938477 2743.54370117 2.5980773
v 2146.86938477 2769.04370117 1E-06
v 2146.86938477 2766.04370117 1E-06
v 2146.86938477 2767.54370117 2.5980773
v 2071.86938477 2766.04370117 1E-06
v 2071.86938477 2769.04370117 1E-06
v 2071.86938477 2767.54370117 2.5980773
v 2157.86938477 2718.04370117 1E-06
v 2157.86938477 2721.04370117 1E-06
v 2157.86938477 2719.54370117 2.5980773
v 2157.86938477 2754.04370117 1E-06
v 2157.86938477 2757.04370117 1E-06
v 2157.86938477 2755.54370117 2.5980773
v 2162.52807617 2720.15698242 2.5980773
v 2162.13989258 2721.60595703 1E-06
v 2166.86938477 2721.95532227 2.5980773
v 2166.11938477 2723.25439453 1E-06
v 2170.59741211 2724.81591797 2.5980773
v 2169.53662109 2725.87646484 1E-06
v 2173.45776367 2728.54370117 2.5980773
v 2172.15869141 2729.29370117 1E-06
v 2175.25610352 2732.88500977 2.5980773
v 2173.80712891 2733.27319336 1E-06
v 2175.86938477 2737.54370117 2.5980773
v 2174.36938477 2737.54370117 1E-06
v 2175.25610352 2742.20239258 2.5980773
v 2173.80712891 2741.81420898 1E-06
v 2173.45776367 2746.54370117 2.5980773
v 2172.15869141 2745.79370117 1E-06
v 2170.59741211 2750.27172852 2.5980773
v 2169.53662109 2749.2109375 1E-06
v 2166.86938477 2753.13208008 2.5980773
v 2166.11938477 2751.83325195 1E-06
v 2162.52807617 2754.93041992 2.5980773
v 2162.13989258 2753.48144531 1E-06
v 2162.91625977 2718.70825195 1E-06
v 2167.61938477 2720.65625 1E-06
v 2171.65795898 2723.75512695 1E-06
v 2174.75683594 2727.79370117 1E-06
v 2176.70483398 2732.49682617 1E-06
v 2177.36938477 2737.54370117 1E-06
v 2176.70483398 2742.59082031 1E-06
v 2174.75683594 2747.29370117 1E-06
v 2171.65795898 2751.33227539 1E-06
v 2167.61938477 2754.43115234 1E-06
v 2162.91625977 2756.37939453 1E-06
v 2022.15002441 2700.54370117 1E-06
v 2157.86938477 2774.54370117 1E-06
v 2039.12060547 2700.54370117 1E-06
v 2167.44555664 2701.80444336 1E-06
v 2157.86938477 2700.54370117 1E-06
v 2043.36328125 2700.54370117 1E-06
v 2176.36938477 2705.50073242 1E-06
v 2184.03222656 2711.38085938 1E-06
v 2189.91235352 2719.04370117 1E-06
v 2193.60864258 2727.9675293 1E-06
v 2194.86938477 2737.54370117 1E-06
v 2193.60864258 2747.12011719 1E-06
v 2189.91235352 2756.04370117 1E-06
v 2184.03222656 2763.70678711 1E-06
v 2176.36938477 2769.58666992 1E-06
v 2167.44555664 2773.28295898 1E-06
v 1926.61816406 2700.54370117 1E-06
v 1939.34606934 2700.54370117 1E-06
v 1922.37548828 2700.54370117 1E-06
v 2049.48095703 2774.54370117 1E-06
v 2038.6439209 2697.94555664 2.5980773
v 2049.95776367 2777.1418457 2.5980773
v 2032.98718262 2777.1418457 2.5980773
v 1927.09484863 2697.94555664 2.5980773
v 2016.01660156 2777.1418457 2.5980773
v 1999.04614258 2777.1418457 2.5980773
v 1994.32666016 2774.54370117 1E-06
v 1798.29309082 2773.28295898 1E-06
v 1807.86938477 2774.54370117 1E-06
v 1789.36938477 2769.58666992 1E-06
v 1781.7064209 2763.70678711 1E-06
v 1775.82641602 2756.04370117 1E-06
v 1772.13012695 2747.12011719 1E-06
v 1770.86938477 2737.54370117 1E-06
v 1772.13012695 2727.9675293 1E-06
v 1775.82641602 2719.04370117 1E-06
v 1781.7064209 2711.38085938 1E-06
v 1789.36938477 2705.50073242 1E-06
v 1798.29309082 2701.80444336 1E-06
v 1807.86938477 2700.54370117 1E-06
v 1807.86938477 2777.54370117 3.00000095
v 1797.51660156 2776.18066406 3.00000095
v 1787.86938477 2772.18481445 3.00000095
v 1779.58508301 2765.82788086 3.00000095
v 1773.22839355 2757.54370117 3.00000095
v 1769.2322998 2747.89648438 3.00000095
v 1767.86938477 2737.54370117 3.00000095
v 1769.2322998 2727.19091797 3.00000095
v 1773.22839355 2717.54370117 3.00000095
v 1779.58508301 2709.25952148 3.00000095
v 1787.86938477 2702.90283203 3.00000095
v 1797.51660156 2698.90673828 3.00000095
v 2053.45483398 2777.54370117 12.06464672
v 2122.28393555 2777.54370117 12.06464672
v 2052.86938477 2777.54370117 12.00694656
v 2122.86938477 2777.54370117 12.00694656
v 2123.45483398 2777.54370117 12.06464672
v 2124.01757812 2777.54370117 12.23550606
v 2121.72094727 2777.54370117 12.23550606
v 2054.01757812 2777.54370117 12.23550606
v 2121.20239258 2777.54370117 12.51298618
v 2054.53637695 2777.54370117 12.51298618
v 2120.74780273 2777.54370117 12.88630295
v 2054.9909668 2777.54370117 12.88630295
v 2120.37475586 2777.54370117 13.34123325
v 2055.36401367 2777.54370117 13.34123325
v 2120.09765625 2777.54370117 13.8600893
v 2055.64111328 2777.54370117 13.8600893
v 2119.92700195 2777.54370117 14.42312813
v 2055.81176758 2777.54370117 14.42312813
v 2119.86938477 2777.54370117 15.0085535
v 2055.86938477 2777.54370117 15.0085535
v 2119.92700195 2777.54370117 15.59400845
v 2055.81176758 2777.54370117 15.59400845
v 2120.09765625 2777.54370117 16.1570034
v 2055.64111328 2777.54370117 16.1570034
v 2120.37475586 2777.54370117 16.67587852
v 2055.36401367 2777.54370117 16.67587852
v 2120.74780273 2777.54370117 17.13083076
v 2054.9909668 2777.54370117 17.13083076
v 2121.20239258 2777.54370117 17.50420952
v 2054.53637695 2777.54370117 17.50420952
v 2121.72119141 2777.54370117 17.78177261
v 2054.01757812 2777.54370117 17.78177261
v 2122.28393555 2777.54370117 17.95269585
v 2053.45483398 2777.54370117 17.95269585
v 2122.86938477 2777.54370117 18.01042175
v 2052.86938477 2777.54370117 18.01042175
v 1912.86938477 2777.54370117 18.01042175
v 1842.86938477 2777.54370117 18.01042175
v 1842.28393555 2777.54370117 17.95269585
v 1913.45483398 2777.54370117 17.95269585
v 2052.28393555 2777.54370117 17.95269585
v 1914.0177002 2777.54370117 17.78177261
v 2051.72119141 2777.54370117 17.78177261
v 1914.53637695 2777.54370117 17.50420952
v 2051.20239258 2777.54370117 17.50420952
v 1914.99084473 2777.54370117 17.13083076
v 2050.74780273 2777.54370117 17.13083076
v 1915.3638916 2777.54370117 16.67587852
v 2050.37475586 2777.54370117 16.67587852
v 1915.64099121 2777.54370117 16.1570034
v 2050.09765625 2777.54370117 16.1570034
v 1915.81176758 2777.54370117 15.59400845
v 2049.92700195 2777.54370117 15.59400845
v 1915.86938477 2777.54370117 15.0085535
v 2049.86938477 2777.54370117 15.0085535
v 1915.81176758 2777.54370117 14.42312813
v 2049.92700195 2777.54370117 14.42312813
v 1915.64111328 2777.54370117 13.8600893
v 2050.09765625 2777.54370117 13.8600893
v 1915.36401367 2777.54370117 13.34123325
v 2050.37475586 2777.54370117 13.34123325
v 1914.9909668 2777.54370117 12.88630295
v 2050.74780273 2777.54370117 12.88630295
v 1914.53649902 2777.54370117 12.51298618
v 2051.20239258 2777.54370117 12.51298618
v 1914.0177002 2777.54370117 12.23550606
v 2051.72094727 2777.54370117 12.23550606
v 1913.45483398 2777.54370117 12.06464672
v 2052.28393555 2777.54370117 12.06464672
v 1912.86938477 2777.54370117 12.00694656
v 1843.45483398 2777.54370117 12.06464672
v 1912.28393555 2777.54370117 12.06464672
v 1842.86938477 2777.54370117 12.00694656
v 1911.72106934 2777.54370117 12.23550606
v 1844.0177002 2777.54370117 12.23550606
v 1911.20227051 2777.54370117 12.51298618
v 1844.53649902 2777.54370117 12.51298618
v 1910.74768066 2777.54370117 12.88630295
v 1844.9909668 2777.54370117 12.88630295
v 1910.37463379 2777.54370117 13.34123325
v 1845.36401367 2777.54370117 13.34123325
v 1910.09753418 2777.54370117 13.8600893
v 1845.64111328 2777.54370117 13.8600893
v 1909.92687988 2777.54370117 14.42312813
v 1845.81176758 2777.54370117 14.42312813
v 1909.86938477 2777.54370117 15.0085535
v 1845.86938477 2777.54370117 15.0085535
v 1909.92700195 2777.54370117 15.59400845
v 1845.81176758 2777.54370117 15.59400845
v 1910.09765625 2777.54370117 16.1570034
v 1845.64099121 2777.54370117 16.1570034
v 1910.37487793 2777.54370117 16.67587852
v 1845.3638916 2777.54370117 16.67587852
v 1910.74780273 2777.54370117 17.13083076
v 1844.99084473 2777.54370117 17.13083076
v 1911.20239258 2777.54370117 17.50420952
v 1844.53637695 2777.54370117 17.50420952
v 1911.72106934 2777.54370117 17.78177261
v 1844.0177002 2777.54370117 17.78177261
v 1912.28393555 2777.54370117 17.95269585
v 1843.45483398 2777.54370117 17.95269585
v 1841.72106934 2777.54370117 17.78177261
v 1841.20239258 2777.54370117 17.50420952
v 1840.74780273 2777.54370117 17.13083076
v 1840.37487793 2777.54370117 16.67587852
v 1840.09765625 2777.54370117 16.1570034
v 1839.92700195 2777.54370117 15.59400845
v 1839.86938477 2777.54370117 15.0085535
v 1839.92687988 2777.54370117 14.42312813
v 1840.09753418 2777.54370117 13.8600893
v 1840.37463379 2777.54370117 13.34123325
v 1840.74768066 2777.54370117 12.88630295
v 1841.20227051 2777.54370117 12.51298618
v 1841.72106934 2777.54370117 12.23550606
v 1842.28393555 2777.54370117 12.06464672
v 2124.53637695 2777.54370117 12.51298618
v 2124.9909668 2777.54370117 12.88630295
v 2125.36401367 2777.54370117 13.34123325
v 2125.64111328 2777.54370117 13.8600893
v 2125.81176758 2777.54370117 14.42312813
v 2125.86938477 2777.54370117 15.0085535
v 2125.81176758 2777.54370117 15.59400845
v 2125.64111328 2777.54370117 16.1570034
v 2125.36401367 2777.54370117 16.67587852
v 2124.9909668 2777.54370117 17.13083076
v 2124.53637695 2777.54370117 17.50420952
v 2124.01757812 2777.54370117 17.78177261
v 2123.45483398 2777.54370117 17.95269585
v 2122.71655273 2772.85546875 12.76802921
v 2123.50854492 2773.24438477 12.72307396
v 2124.26416016 2772.95336914 13.09359741
v 2124.87963867 2773.06323242 13.50888538
v 2125.39355469 2773.56811523 13.99252701
v 2125.7331543 2773.42480469 14.79218388
v 2125.86523438 2773.61865234 15.5038681
v 2125.80175781 2774.13232422 16.1761322
v 2125.53051758 2774.05932617 16.98118019
v 2125.12207031 2774.20458984 17.56015778
v 2124.6105957 2774.40771484 17.98098183
v 2124.01391602 2775.22851562 18.10161209
v 2123.28149414 2774.35498047 18.55116653
v 2122.44775391 2774.51635742 18.49898148
v 2121.6472168 2774.49169922 18.26552963
v 2120.93676758 2774.19116211 17.89270973
v 2120.38378906 2774.30078125 17.21668816
v 2120.01782227 2773.87573242 16.56396484
v 2119.87451172 2773.67773438 15.8314209
v 2119.9362793 2773.78808594 14.96070385
v 2120.21142578 2773.28198242 14.31596279
v 2120.64160156 2773.1171875 13.7197485
v 2121.24829102 2773.34204102 13.11816883
v 2121.97753906 2772.89575195 12.89350605
v 2122.50268555 2766.41577148 26.94514275
v 2123.22924805 2766.45092773 26.81785965
v 2123.87133789 2766.46069336 26.25906372
v 2124.40112305 2766.05981445 26.73563957
v 2124.37890625 2767.43237305 23.57020569
v 2124.95141602 2766.92236328 23.5826664
v 2124.86181641 2769.00512695 20.99714851
v 2125.3659668 2768.51196289 20.67183304
v 2125.25439453 2771.1953125 18.73871422
v 2125.64282227 2770.90039062 18.12672806
v 2121.75292969 2766.20507812 26.98897552
v 2121.06640625 2765.82763672 26.90400887
v 2120.50415039 2765.30615234 26.71459198
v 2120.09838867 2764.63623047 26.52464104
v 2119.88916016 2763.85180664 26.33741379
v 2119.91699219 2762.99511719 26.15391922
v 2120.23876953 2762.04394531 26.21206093
v 2120.77392578 2761.46386719 25.62730217
v 2121.40112305 2761.01000977 25.5075016
v 2122.12841797 2760.72875977 25.43308067
v 2122.90600586 2760.63916016 25.40910149
v 2123.6809082 2760.74755859 25.4365406
v 2124.40063477 2761.0456543 25.51509666
v 2125.01611328 2761.51342773 25.63993645
v 2125.48535156 2762.11938477 25.80079079
v 2125.77612305 2762.82177734 25.9881134
v 2125.86914062 2763.57226562 26.18973923
v 2125.75830078 2764.31982422 26.38899803
v 2125.45263672 2765.01318359 26.56805801
v 2124.98095703 2765.60473633 26.70115852
v 2122.94018555 2767.68286133 23.94425201
v 2123.69140625 2767.67993164 23.72635269
v 2123.46948242 2769.49169922 21.49584961
v 2124.21508789 2769.43774414 21.18572235
v 2123.97998047 2772.13061523 19.31371689
v 2124.70117188 2771.55566406 19.17074776
v 2122.62084961 2769.59936523 21.45938301
v 2123.25463867 2771.47338867 19.9288311
v 2122.70068359 2772.22460938 19.49993134
v 2121.92431641 2771.40625 19.82007599
v 2121.90161133 2768.86376953 22.0249424
v 2121.29321289 2768.96508789 21.48429871
v 2121.46704102 2767.14794922 24.19005394
v 2120.84472656 2766.83911133 23.84007072
v 2122.19995117 2767.46142578 24.18318176
v 2121.15527344 2771.41333008 19.35879898
v 2120.5402832 2771.15917969 18.84427261
v 2120.11914062 2770.80493164 18.24881935
v 2119.89794922 2770.34179688 17.61260605
v 2119.89428711 2770.02954102 16.86707115
v 2120.09790039 2769.66479492 16.19566345
v 2120.49731445 2769.26586914 15.63278484
v 2121.05541992 2769.10327148 15.08475208
v 2121.73095703 2768.90454102 14.75369835
v 2122.49487305 2768.70800781 14.63775635
v 2123.27709961 2768.81420898 14.57868862
v 2124.02685547 2768.91186523 14.7586031
v 2124.70849609 2769.01733398 15.15933132
v 2125.25854492 2769.39477539 15.58063221
v 2125.64404297 2769.72631836 16.16740227
v 2125.84521484 2770.02587891 16.87619781
v 2125.84277344 2770.51098633 17.49261475
v 2125.42456055 2766.3659668 23.37114716
v 2125.74121094 2765.73901367 23.04770088
v 2125.86767578 2765.0690918 22.66941071
v 2125.79150391 2764.39599609 22.28090096
v 2125.51611328 2763.76025391 21.91641235
v 2125.06030273 2763.20825195 21.59846306
v 2124.45629883 2762.77758789 21.35073471
v 2123.74316406 2762.49536133 21.19179916
v 2122.97045898 2762.38378906 21.12830162
v 2122.19189453 2762.44946289 21.16633415
v 2121.45800781 2762.68725586 21.30465698
v 2120.8203125 2763.08422852 21.52929688
v 2120.31469727 2763.52880859 22.0020504
v 2119.98339844 2764.14135742 22.45098305
v 2119.86962891 2764.92553711 22.78689766
v 2119.99511719 2765.66967773 23.15718269
v 2120.33496094 2766.3269043 23.50874138
v 2125.70776367 2767.99145508 20.21466255
v 2125.86181641 2767.42944336 19.70422554
v 2125.81494141 2766.87353516 19.15478706
v 2125.56762695 2766.35888672 18.61931419
v 2125.13891602 2765.88574219 18.17248154
v 2124.55175781 2765.51611328 17.80394173
v 2123.8515625 2765.27905273 17.54460526
v 2123.08789062 2765.15332031 17.44818878
v 2122.30371094 2765.18554688 17.48066139
v 2121.55981445 2765.37255859 17.64273643
v 2120.90771484 2765.66503906 17.95793724
v 2120.38232422 2766.04125977 18.42059326
v 2120.02954102 2766.49804688 18.97110176
v 2119.87451172 2767.04321289 19.54356003
v 2119.93798828 2767.63598633 20.10339355
v 2120.21777344 2768.18774414 20.63355827
v 2120.68945312 2768.65844727 21.09315109
v 1912.50280762 2766.41577148 26.94514275
v 1913.22924805 2766.45092773 26.81785965
v 1913.87121582 2766.46069336 26.25906372
v 1914.40124512 2766.05981445 26.73563957
v 1914.37878418 2767.43237305 23.57020569
v 1914.95141602 2766.92236328 23.5826664
v 1914.86193848 2769.00512695 20.99714851
v 1915.36608887 2768.51196289 20.67183304
v 1915.25439453 2771.1953125 18.73871422
v 1915.64282227 2770.90039062 18.12672806
v 1915.53051758 2774.05932617 16.98118019
v 1915.80175781 2774.13232422 16.1761322
v 1911.75280762 2766.20507812 26.98897552
v 1911.06640625 2765.82763672 26.90400887
v 1910.50427246 2765.30615234 26.71459198
v 1910.0982666 2764.63623047 26.52464104
v 1909.88903809 2763.85180664 26.33741379
v 1909.91699219 2762.99511719 26.15391922
v 1910.23864746 2762.04394531 26.21206093
v 1910.77392578 2761.46386719 25.62730217
v 1911.40112305 2761.01000977 25.5075016
v 1912.12854004 2760.72875977 25.43308067
v 1912.90600586 2760.63916016 25.40910149
v 1913.6809082 2760.74755859 25.4365406
v 1914.40075684 2761.0456543 25.51509666
v 1915.01611328 2761.51342773 25.63993645
v 1915.48522949 2762.11938477 25.80079079
v 1915.77624512 2762.82177734 25.9881134
v 1915.86914062 2763.57226562 26.18973923
v 1915.75817871 2764.31982422 26.38899803
v 1915.45275879 2765.01318359 26.56805801
v 1914.9810791 2765.60473633 26.70115852
v 1912.71643066 2772.85546875 12.76802921
v 1913.50842285 2773.24438477 12.72307396
v 1914.26403809 2772.95336914 13.09359741
v 1914.87963867 2773.06323242 13.50888538
v 1915.39355469 2773.56811523 13.99252701
v 1915.7331543 2773.42480469 14.79218388
v 1915.86523438 2773.61865234 15.5038681
v 1911.97741699 2772.89575195 12.89350605
v 1911.24829102 2773.34204102 13.11816883
v 1910.64160156 2773.1171875 13.7197485
v 1910.21130371 2773.28198242 14.31596279
v 1909.9362793 2773.78808594 14.96070385
v 1909.87438965 2773.67773438 15.8314209
v 1910.01794434 2773.87573242 16.56396484
v 1910.38391113 2774.30078125 17.21668816
v 1910.93676758 2774.19116211 17.89270973
v 1911.64709473 2774.49169922 18.26552963
v 1912.44775391 2774.51635742 18.49898148
v 1913.28149414 2774.35498047 18.55116653
v 1914.01379395 2775.22851562 18.10161209
v 1914.6105957 2774.40771484 17.98098183
v 1915.12207031 2774.20458984 17.56015778
v 1912.94030762 2767.68286133 23.94425201
v 1913.69140625 2767.67993164 23.72635269
v 1913.46948242 2769.49169922 21.49584961
v 1914.21520996 2769.43774414 21.18572235
v 1913.9798584 2772.13061523 19.31371689
v 1914.7010498 2771.55566406 19.17074776
v 1912.62097168 2769.59936523 21.45938301
v 1913.2545166 2771.47338867 19.9288311
v 1912.70068359 2772.22460938 19.49993134
v 1911.92443848 2771.40625 19.82007599
v 1911.9017334 2768.86376953 22.0249424
v 1911.29309082 2768.96508789 21.48429871
v 1911.46704102 2767.14794922 24.19005394
v 1910.84472656 2766.83911133 23.84007072
v 1912.20007324 2767.46142578 24.18318176
v 1911.15527344 2771.41333008 19.35879898
v 1910.5402832 2771.15917969 18.84427261
v 1910.11901855 2770.80493164 18.24881935
v 1909.89794922 2770.34179688 17.61260605
v 1909.89416504 2770.02954102 16.86707115
v 1910.09777832 2769.66479492 16.19566345
v 1910.49719238 2769.26586914 15.63278484
v 1911.05541992 2769.10327148 15.08475208
v 1911.73095703 2768.90454102 14.75369835
v 1912.49475098 2768.70800781 14.63775635
v 1913.27697754 2768.81420898 14.57868862
v 1914.0267334 2768.91186523 14.7586031
v 1914.70861816 2769.01733398 15.15933132
v 1915.25854492 2769.39477539 15.58063221
v 1915.64404297 2769.72631836 16.16740227
v 1915.84533691 2770.02587891 16.87619781
v 1915.84265137 2770.51098633 17.49261475
v 1915.42456055 2766.3659668 23.37114716
v 1915.74133301 2765.73901367 23.04770088
v 1915.86779785 2765.0690918 22.66941071
v 1915.79138184 2764.39599609 22.28090096
v 1915.51611328 2763.76025391 21.91641235
v 1915.0604248 2763.20825195 21.59846306
v 1914.45617676 2762.77758789 21.35073471
v 1913.74316406 2762.49536133 21.19179916
v 1912.97045898 2762.38378906 21.12830162
v 1912.19189453 2762.44946289 21.16633415
v 1911.45812988 2762.68725586 21.30465698
v 1910.8203125 2763.08422852 21.52929688
v 1910.3145752 2763.52880859 22.0020504
v 1909.98352051 2764.14135742 22.45098305
v 1909.86950684 2764.92553711 22.78689766
v 1909.99523926 2765.66967773 23.15718269
v 1910.33496094 2766.3269043 23.50874138
v 1915.70776367 2767.99145508 20.21466255
v 1915.86181641 2767.42944336 19.70422554
v 1915.81494141 2766.87353516 19.15478706
v 1915.56774902 2766.35888672 18.61931419
v 1915.13891602 2765.88574219 18.17248154
v 1914.55187988 2765.51611328 17.80394173
v 1913.85168457 2765.27905273 17.54460526
v 1913.08789062 2765.15332031 17.44818878
v 1912.30358887 2765.18554688 17.48066139
v 1911.55981445 2765.37255859 17.64273643
v 1910.90759277 2765.66503906 17.95793724
v 1910.38232422 2766.04125977 18.42059326
v 1910.02941895 2766.49804688 18.97110176
v 1909.87463379 2767.04321289 19.54356003
v 1909.93798828 2767.63598633 20.10339355
v 1910.21777344 2768.18774414 20.63355827
v 1910.68945312 2768.65844727 21.09315109
v 1842.50280762 2766.41577148 26.94514275
v 1843.22924805 2766.45092773 26.81785965
v 1843.87121582 2766.46069336 26.25906372
v 1844.40124512 2766.05981445 26.73563957
v 1844.37878418 2767.43237305 23.57020569
v 1844.95141602 2766.92236328 23.5826664
v 1844.86193848 2769.00512695 20.99714851
v 1845.36608887 2768.51196289 20.67183304
v 1845.25439453 2771.1953125 18.73871422
v 1845.64282227 2770.90039062 18.12672806
v 1845.53051758 2774.05932617 16.98118019
v 1845.80175781 2774.13232422 16.1761322
v 1841.75280762 2766.20507812 26.98897552
v 1841.06640625 2765.82763672 26.90400887
v 1840.50427246 2765.30615234 26.71459198
v 1840.0982666 2764.63623047 26.52464104
v 1839.88903809 2763.85180664 26.33741379
v 1839.91699219 2762.99511719 26.15391922
v 1840.23864746 2762.04394531 26.21206093
v 1840.77392578 2761.46386719 25.62730217
v 1841.40112305 2761.01000977 25.5075016
v 1842.12854004 2760.72875977 25.43308067
v 1842.90600586 2760.63916016 25.40910149
v 1843.6809082 2760.74755859 25.4365406
v 1844.40075684 2761.0456543 25.51509666
v 1845.01611328 2761.51342773 25.63993645
v 1845.48522949 2762.11938477 25.80079079
v 1845.77624512 2762.82177734 25.9881134
v 1845.86914062 2763.57226562 26.18973923
v 1845.75817871 2764.31982422 26.38899803
v 1845.45275879 2765.01318359 26.56805801
v 1844.9810791 2765.60473633 26.70115852
v 1842.71643066 2772.85546875 12.76802921
v 1843.50842285 2773.24438477 12.72307396
v 1844.26403809 2772.95336914 13.09359741
v 1844.87963867 2773.06323242 13.50888538
v 1845.39355469 2773.56811523 13.99252701
v 1845.7331543 2773.42480469 14.79218388
v 1845.86523438 2773.61865234 15.5038681
v 1841.97741699 2772.89575195 12.89350605
v 1841.24829102 2773.34204102 13.11816883
v 1840.64160156 2773.1171875 13.7197485
v 1840.21130371 2773.28198242 14.31596279
v 1839.9362793 2773.78808594 14.96070385
v 1839.87438965 2773.67773438 15.8314209
v 1840.01794434 2773.87573242 16.56396484
v 1840.38391113 2774.30078125 17.21668816
v 1840.93676758 2774.19116211 17.89270973
v 1841.64709473 2774.49169922 18.26552963
v 1842.44775391 2774.51635742 18.49898148
v 1843.28149414 2774.35498047 18.55116653
v 1844.01379395 2775.22851562 18.10161209
v 1844.6105957 2774.40771484 17.98098183
v 1845.12207031 2774.20458984 17.56015778
v 1842.94030762 2767.68286133 23.94425201
v 1843.69140625 2767.67993164 23.72635269
v 1843.46948242 2769.49169922 21.49584961
v 1844.21520996 2769.43774414 21.18572235
v 1843.9798584 2772.13061523 19.31371689
v 1844.7010498 2771.55566406 19.17074776
v 1842.62097168 2769.59936523 21.45938301
v 1843.2545166 2771.47338867 19.9288311
v 1842.70068359 2772.22460938 19.49993134
v 1841.92443848 2771.40625 19.82007599
v 1841.9017334 2768.86376953 22.0249424
v 1841.29309082 2768.96508789 21.48429871
v 1841.46704102 2767.14794922 24.19005394
v 1840.84472656 2766.83911133 23.84007072
v 1842.20007324 2767.46142578 24.18318176
v 1841.15527344 2771.41333008 19.35879898
v 1840.5402832 2771.15917969 18.84427261
v 1840.11901855 2770.80493164 18.24881935
v 1839.89794922 2770.34179688 17.61260605
v 1839.89416504 2770.02954102 16.86707115
v 1840.09777832 2769.66479492 16.19566345
v 1840.49719238 2769.26586914 15.63278484
v 1841.05541992 2769.10327148 15.08475208
v 1841.73095703 2768.90454102 14.75369835
v 1842.49475098 2768.70800781 14.63775635
v 1843.27697754 2768.81420898 14.57868862
v 1844.0267334 2768.91186523 14.7586031
v 1844.70861816 2769.01733398 15.15933132
v 1845.25854492 2769.39477539 15.58063221
v 1845.64404297 2769.72631836 16.16740227
v 1845.84533691 2770.02587891 16.87619781
v 1845.84265137 2770.51098633 17.49261475
v 1845.42456055 2766.3659668 23.37114716
v 1845.74133301 2765.73901367 23.04770088
v 1845.86779785 2765.0690918 22.66941071
v 1845.79138184 2764.39599609 22.28090096
v 1845.51611328 2763.76025391 21.91641235
v 1845.0604248 2763.20825195 21.59846306
v 1844.45617676 2762.77758789 21.35073471
v 1843.74316406 2762.49536133 21.19179916
v 1842.97045898 2762.38378906 21.12830162
v 1842.19189453 2762.44946289 21.16633415
v 1841.45812988 2762.68725586 21.30465698
v 1840.8203125 2763.08422852 21.52929688
v 1840.3145752 2763.52880859 22.0020504
v 1839.98352051 2764.14135742 22.45098305
v 1839.86950684 2764.92553711 22.78689766
v 1839.99523926 2765.66967773 23.15718269
v 1840.33496094 2766.3269043 23.50874138
v 1845.70776367 2767.99145508 20.21466255
v 1845.86181641 2767.42944336 19.70422554
v 1845.81494141 2766.87353516 19.15478706
v 1845.56774902 2766.35888672 18.61931419
v 1845.13891602 2765.88574219 18.17248154
v 1844.55187988 2765.51611328 17.80394173
v 1843.85168457 2765.27905273 17.54460526
v 1843.08789062 2765.15332031 17.44818878
v 1842.30358887 2765.18554688 17.48066139
v 1841.55981445 2765.37255859 17.64273643
v 1840.90759277 2765.66503906 17.95793724
v 1840.38232422 2766.04125977 18.42059326
v 1840.02941895 2766.49804688 18.97110176
v 1839.87463379 2767.04321289 19.54356003
v 1839.93798828 2767.63598633 20.10339355
v 1840.21777344 2768.18774414 20.63355827
v 1840.68945312 2768.65844727 21.09315109
v 2052.71655273 2772.85546875 12.76802921
v 2053.50854492 2773.24438477 12.72307396
v 2054.26416016 2772.95336914 13.09359741
v 2054.87963867 2773.06323242 13.50888538
v 2055.39355469 2773.56811523 13.99252701
v 2055.7331543 2773.42480469 14.79218388
v 2055.86523438 2773.61865234 15.5038681
v 2055.80175781 2774.13232422 16.1761322
v 2055.53051758 2774.05932617 16.98118019
v 2055.12207031 2774.20458984 17.56015778
v 2054.6105957 2774.40771484 17.98098183
v 2054.01391602 2775.22851562 18.10161209
v 2053.28149414 2774.35498047 18.55116653
v 2052.44775391 2774.51635742 18.49898148
v 2051.6472168 2774.49169922 18.26552963
v 2050.93676758 2774.19116211 17.89270973
v 2050.38378906 2774.30078125 17.21668816
v 2050.01782227 2773.87573242 16.56396484
v 2049.87451172 2773.67773438 15.8314209
v 2049.9362793 2773.78808594 14.96070385
v 2050.21142578 2773.28198242 14.31596279
v 2050.64160156 2773.1171875 13.7197485
v 2051.24829102 2773.34204102 13.11816883
v 2051.97753906 2772.89575195 12.89350605
v 2052.50268555 2766.41577148 26.94514275
v 2053.22924805 2766.45092773 26.81785965
v 2053.87133789 2766.46069336 26.25906372
v 2054.40112305 2766.05981445 26.73563957
v 2054.37890625 2767.43237305 23.57020569
v 2054.95141602 2766.92236328 23.5826664
v 2054.86181641 2769.00512695 20.99714851
v 2055.3659668 2768.51196289 20.67183304
v 2055.25439453 2771.1953125 18.73871422
v 2055.64282227 2770.90039062 18.12672806
v 2051.75292969 2766.20507812 26.98897552
v 2051.06640625 2765.82763672 26.90400887
v 2050.50415039 2765.30615234 26.71459198
v 2050.09838867 2764.63623047 26.52464104
v 2049.88916016 2763.85180664 26.33741379
v 2049.91699219 2762.99511719 26.15391922
v 2050.23876953 2762.04394531 26.21206093
v 2050.77392578 2761.46386719 25.62730217
v 2051.40112305 2761.01000977 25.5075016
v 2052.12841797 2760.72875977 25.43308067
v 2052.90600586 2760.63916016 25.40910149
v 2053.6809082 2760.74755859 25.4365406
v 2054.40063477 2761.0456543 25.51509666
v 2055.01611328 2761.51342773 25.63993645
v 2055.48535156 2762.11938477 25.80079079
v 2055.77612305 2762.82177734 25.9881134
v 2055.86914062 2763.57226562 26.18973923
v 2055.75830078 2764.31982422 26.38899803
v 2055.45263672 2765.01318359 26.56805801
v 2054.98095703 2765.60473633 26.70115852
v 2052.94018555 2767.68286133 23.94425201
v 2053.69140625 2767.67993164 23.72635269
v 2053.46948242 2769.49169922 21.49584961
v 2054.21508789 2769.43774414 21.18572235
v 2053.97998047 2772.13061523 19.31371689
v 2054.70117188 2771.55566406 19.17074776
v 2052.62084961 2769.59936523 21.45938301
v 2053.25463867 2771.47338867 19.9288311
v 2052.70068359 2772.22460938 19.49993134
v 2051.92431641 2771.40625 19.82007599
v 2051.90161133 2768.86376953 22.0249424
v 2051.29321289 2768.96508789 21.48429871
v 2051.46704102 2767.14794922 24.19005394
v 2050.84472656 2766.83911133 23.84007072
v 2052.19995117 2767.46142578 24.18318176
v 2051.15527344 2771.41333008 19.35879898
v 2050.5402832 2771.15917969 18.84427261
v 2050.11914062 2770.80493164 18.24881935
v 2049.89794922 2770.34179688 17.61260605
v 2049.89428711 2770.02954102 16.86707115
v 2050.09790039 2769.66479492 16.19566345
v 2050.49731445 2769.26586914 15.63278484
v 2051.05541992 2769.10327148 15.08475208
v 2051.73095703 2768.90454102 14.75369835
v 2052.49487305 2768.70800781 14.63775635
v 2053.27709961 2768.81420898 14.57868862
v 2054.02685547 2768.91186523 14.7586031
v 2054.70849609 2769.01733398 15.15933132
v 2055.25854492 2769.39477539 15.58063221
v 2055.64404297 2769.72631836 16.16740227
v 2055.84521484 2770.02587891 16.87619781
v 2055.84277344 2770.51098633 17.49261475
v 2055.42456055 2766.3659668 23.37114716
v 2055.74121094 2765.73901367 23.04770088
v 2055.86767578 2765.0690918 22.66941071
v 2055.79150391 2764.39599609 22.28090096
v 2055.51611328 2763.76025391 21.91641235
v 2055.06030273 2763.20825195 21.59846306
v 2054.45629883 2762.77758789 21.35073471
v 2053.74316406 2762.49536133 21.19179916
v 2052.97045898 2762.38378906 21.12830162
v 2052.19189453 2762.44946289 21.16633415
v 2051.45800781 2762.68725586 21.30465698
v 2050.8203125 2763.08422852 21.52929688
v 2050.31469727 2763.52880859 22.0020504
v 2049.98339844 2764.14135742 22.45098305
v 2049.86962891 2764.92553711 22.78689766
v 2049.99511719 2765.66967773 23.15718269
v 2050.33496094 2766.3269043 23.50874138
v 2055.70776367 2767.99145508 20.21466255
v 2055.86181641 2767.42944336 19.70422554
v 2055.81494141 2766.87353516 19.15478706
v 2055.56762695 2766.35888672 18.61931419
v 2055.13891602 2765.88574219 18.17248154
v 2054.55175781 2765.51611328 17.80394173
v 2053.8515625 2765.27905273 17.54460526
v 2053.08789062 2765.15332031 17.44818878
v 2052.30371094 2765.18554688 17.48066139
v 2051.55981445 2765.37255859 17.64273643
v 2050.90771484 2765.66503906 17.95793724
v 2050.38232422 2766.04125977 18.42059326
v 2050.02954102 2766.49804688 18.97110176
v 2049.87451172 2767.04321289 19.54356003
v 2049.93798828 2767.63598633 20.10339355
v 2050.21777344 2768.18774414 20.63355827
v 2050.68945312 2768.65844727 21.09315109
vn 0 -0 1
vn 0.13053 -0.99144 0
vn 0.38268 -0.92388 0
vn 0.60876 -0.79335 0
vn 0.60876 -0.79335 0
vn 0.79335 -0.60876 0
vn 0.79335 -0.60876 0
vn 0.92388 -0.38268 0
vn 0.92388 -0.38268 -0
vn 0.99144 -0.13053 -0
vn 0.99144 -0.13053 0
vn 0.99144 0.13053 0
vn 0.99144 0.13053 0
vn 0.92388 0.38268 0
vn 0.92388 0.38268 0
vn 0.79335 0.60876 0
vn 0.60876 0.79335 0
vn 0.38268 0.92388 0
vn 0.38268 0.92388 -0
vn 0.13053 0.99144 -0
vn 0.13053 0.99144 0
vn -0.73546 -0.09682 0.67062
vn -0.718 -0.03392 0.69522
vn -0.74133 0.0976 0.66401
vn -0.70004 0.1646 0.69488
vn -0.68565 0.284 0.67024
vn -0.63605 0.33144 0.69684
vn -0.58644 0.44999 0.6735
vn -0.53222 0.47969 0.6976
vn -0.44944 0.58572 0.67449
vn -0.39178 0.59968 0.69778
vn -0.28243 0.68185 0.67477
vn -0.22395 0.68037 0.69782
vn -0.09632 0.73165 0.67484
vn -0.04045 0.71512 0.69783
vn 0.09632 0.73164 0.67485
vn 0.14596 0.70123 0.69783
vn 0.2824 0.68178 0.67485
vn 0.32247 0.63957 0.69783
vn 0.44924 0.58546 0.67485
vn 0.47702 0.53431 0.69783
vn 0.58546 0.44924 0.67485
vn 0.59906 0.39264 0.69783
vn 0.68178 0.2824 0.67485
vn 0.68027 0.22421 0.69783
vn 0.73164 0.09632 0.67485
vn 0.71511 0.0405 0.69783
vn 0.73164 -0.09632 0.67485
vn 0.70122 -0.14599 0.69784
vn 0.68178 -0.2824 0.67485
vn 0.63952 -0.32253 0.69785
vn 0.58546 -0.44924 0.67485
vn 0.53419 -0.4771 0.69787
vn 0.44924 -0.58546 0.67484
vn 0.39235 -0.59915 0.69791
vn 0.28241 -0.68179 0.67484
vn 0.22358 -0.68031 0.69799
vn 0.09633 -0.73167 0.67482
vn 0.03924 -0.71486 0.69816
vn -0.09633 -0.73168 0.6748
vn -0.14827 -0.70007 0.69851
vn -0.28241 -0.68181 0.67482
vn -0.32629 -0.63613 0.6992
vn -0.44914 -0.58533 0.67503
vn -0.48228 -0.52597 0.70054
vn -0.58462 -0.4486 0.676
vn -0.60375 -0.37635 0.70274
vn -0.67852 -0.28105 0.6787
vn -0.67984 -0.2217 0.69905
vn -0.15263 0.22483 0.96237
vn -0.26101 -0.15986 0.95201
vn -0.30343 -0.0418 0.95194
vn -0.29147 -0.16542 0.94217
vn -0.26354 -0.20128 0.94342
vn -0.24701 -0.23803 0.93932
vn -0.19516 -0.27571 0.94122
vn -0.17801 -0.29563 0.93857
vn -0.1137 -0.31972 0.94067
vn -0.09474 -0.3323 0.9384
vn -0.02556 -0.33872 0.94054
vn -0.00479 -0.34555 0.93839
vn 0.06358 -0.33372 0.94053
vn 0.08525 -0.33486 0.9384
vn 0.148 -0.30577 0.94053
vn 0.16923 -0.30123 0.93842
vn 0.22217 -0.25696 0.94054
vn 0.24151 -0.24705 0.93842
vn 0.28112 -0.19065 0.94054
vn 0.29725 -0.17606 0.93843
vn 0.32089 -0.11137 0.94055
vn 0.33269 -0.09309 0.93843
vn 0.33878 -0.02451 0.94055
vn 0.34545 -0.00379 0.93843
vn 0.33358 0.06401 0.94055
vn 0.33465 0.08575 0.93843
vn 0.30564 0.14817 0.94055
vn 0.30105 0.16945 0.93843
vn 0.25688 0.22222 0.94055
vn 0.24694 0.24159 0.93843
vn 0.19061 0.28114 0.94055
vn 0.17599 0.29727 0.93843
vn 0.11134 0.32089 0.94055
vn 0.09306 0.33269 0.93843
vn 0.02448 0.33877 0.94055
vn 0.0038 0.34543 0.93844
vn -0.06405 0.33355 0.94055
vn -0.0857 0.33463 0.93845
vn -0.14815 0.30563 0.94055
vn -0.16935 0.30106 0.93845
vn -0.22195 0.25718 0.94053
vn -0.24187 0.247 0.93834
vn -0.28019 0.19303 0.94034
vn -0.30015 0.17517 0.93767
vn -0.31931 0.12533 0.93932
vn -0.34686 0.08472 0.93408
vn -0.34505 0.09731 0.93353
vn -0.39557 -0.01096 0.91837
vn -0.39511 -0.0175 0.91847
vn -0.52273 -0.17256 0.83485
vn -0.52316 -0.1471 0.83945
vn -0.1408 -0.09182 0.98577
vn -0.11746 0.02536 0.99275
vn -0.09829 0.06365 0.99312
vn -0.07659 0.08805 0.99317
vn -0.05086 0.10498 0.99317
vn -0.02195 0.11458 0.99317
vn 0.00843 0.11637 0.99317
vn 0.03825 0.11023 0.99317
vn 0.08824 0.07634 0.99317
vn 0.10499 0.05089 0.99317
vn 0.11459 0.02198 0.99317
vn 0.11637 -0.00843 0.99317
vn 0.11023 -0.03828 0.99317
vn 0.09655 -0.06553 0.99317
vn 0.07627 -0.08833 0.99317
vn 0.02167 -0.11473 0.99316
vn -0.00892 -0.11646 0.99316
vn -0.03863 -0.1102 0.99316
vn -0.06431 -0.09705 0.9932
vn -0.07981 -0.08283 0.99336
vn -0.05709 -0.11927 0.99122
vn -0.59083 -0.01543 0.80665
vn -0.56082 0.05898 0.82584
vn -0.56092 0.11853 0.81934
vn -0.52261 0.17137 0.83517
vn -0.5008 0.25324 0.82769
vn -0.46514 0.2832 0.83871
vn -0.41555 0.37201 0.83002
vn -0.3786 0.38948 0.83962
vn -0.30504 0.4661 0.83048
vn -0.2659 0.47327 0.83983
vn -0.17422 0.529 0.83054
vn -0.13467 0.52581 0.83987
vn -0.03147 0.55607 0.83054
vn 0.00593 0.54274 0.83988
vn 0.1135 0.54529 0.83053
vn 0.1462 0.52272 0.83988
vn 0.25076 0.49734 0.83053
vn 0.27651 0.46707 0.83987
vn 0.37094 0.41549 0.83053
vn 0.38798 0.37958 0.83987
vn 0.46584 0.30532 0.83053
vn 0.473 0.26623 0.83988
vn 0.52899 0.17435 0.83053
vn 0.52579 0.13473 0.83988
vn 0.55609 0.03149 0.83052
vn 0.54274 -0.00596 0.83988
vn 0.54529 -0.11352 0.83052
vn 0.5227 -0.14625 0.83988
vn 0.49732 -0.2508 0.83052
vn 0.46699 -0.27659 0.83989
vn 0.41543 -0.37102 0.83052
vn 0.3794 -0.3881 0.8399
vn 0.30517 -0.46596 0.83052
vn 0.26579 -0.47315 0.83993
vn 0.17398 -0.52914 0.83051
vn 0.13379 -0.52584 0.83999
vn 0.03072 -0.55616 0.83051
vn -0.00784 -0.54231 0.84014
vn -0.11495 -0.54497 0.83054
vn -0.14976 -0.5207 0.8405
vn -0.25296 -0.49588 0.83073
vn -0.28245 -0.46058 0.84148
vn -0.3729 -0.41166 0.83155
vn -0.39585 -0.36146 0.84419
vn -0.4636 -0.29804 0.83441
vn -0.47696 -0.21995 0.85096
vn 0.05074 -0.10512 0.99316
vn 0.06548 0.09657 0.99317
vn 0 0 -1
vn 0 -1 0
vn 1 -0 -0
vn 0.11328 -0.86045 -0.49678
vn 0.33212 -0.80181 -0.49678
vn 0.52833 -0.68853 -0.49678
vn 0.68853 -0.52833 -0.49678
vn 0.80181 -0.33212 -0.49678
vn 0.86045 -0.11328 -0.49678
vn 0.86045 0.11328 -0.49678
vn 0.80181 0.33212 -0.49678
vn 0.68853 0.52833 -0.49678
vn 0.52833 0.68853 -0.49678
vn 0.33212 0.80181 -0.49678
vn 0.11328 0.86045 -0.49678
vn -0.11328 0.86045 -0.49678
vn -0.33212 0.80181 -0.49678
vn -0.52833 0.68853 -0.49678
vn -0.68853 0.52833 -0.49678
vn -0.80181 0.33212 -0.49678
vn -0.86045 0.11328 -0.49678
vn -0.86045 -0.11328 -0.49678
vn -0.80181 -0.33212 -0.49678
vn -0.68853 -0.52833 -0.49678
vn -0.52833 -0.68853 -0.49678
vn -0.33212 -0.80181 -0.49678
vn -0.11328 -0.86045 -0.49678
vn 1 0 0
vn -1 0 0
vn 0 0.86603 -0.5
vn 0 -0.86603 -0.5
vn -0.61237 0.61237 -0.5
vn 0.61237 -0.61237 -0.5
vn -1 0 0
vn 0.61237 0.61237 -0.5
vn -0.61237 -0.61237 -0.5
vn 1 0 -0
vn 0.86603 0 -0.5
vn 0.86603 0 -0.5
vn -0.86603 0 -0.5
vn -0.86603 0 -0.5
vn -1 -0 0
vn -1 -0 -0
vn 1 0 -0
vn -1 0 -0
vn 0 -0 -1
vn -0 0 -1
vn -0 0 -1
vn -0 -0 -1
vn -0 -0 -1
vn -0 -0 -1
vn 0 0 -1
vn 0 0 -1
vn 0 -0 -1
vn 0 0 -1
vn 0 -0 -1
vn 0 0 -1
vn 0 0 -1
vn -0 -0 -1
vn 0 0 -1
vn 0 -0 -1
vn 0 -0 -1
vn 0 0 -1
vn -0 -0 -1
vn -0 0 -1
vn 0 0 -1
vn -0 -0 -1
vn 0 0 -1
vn 0 0 -1
vn 0 -0 -1
vn -0 0 -1
vn 0 -0 -1
vn 0 -0 -1
vn -0 0 -1
vn 0 0 -1
vn -0 -0 -1
vn -0 -0 -1
vn 0 0 -1
vn 0 -0 -1
vn 0 -0 -1
vn 0 0 -1
vn -0 -0 -1
vn 0 0 -1
vn 0 0 -1
vn -0 -0 -1
vn -0 -0 -1
vn -0 0 -1
vn -0 -0 -1
vn -0 -0 -1
vn -0 0 -1
vn 0 -0 -1
vn 0 0 -1
vn -0 -0 -1
vn 0 0 -1
vn 0 -0 -1
vn -0 0 -1
vn 0 0 -1
vn 0 0 -1
vn -0 -0 -1
vn 0 0 -1
vn -0 -0 -1
vn 0 0 -1
vn 0 0 -1
vn -0 0 -1
vn 0 -0 -1
vn -0 0 -1
vn 0 -0 -1
vn 0 0 -1
vn 0 0 -1
vn 0 -0 -1
vn 0 -0 -1
vn 0 -0 -1
vn 0 -0 -1
vn 0 -0 -1
vn 0 0 -1
vn 0 0 -1
vn -0 -0 -1
vn 0 -0 -1
vn 0 0 -1
vn -0 0 -1
vn 0 -0 -1
vn 0 0 -1
vn 0 0 -1
vn 0 0 -1
vn -0 -0 -1
vn 0 0 -1
vn 0 0 -1
vn 0 -0 -1
vn 0 0 -1
vn 0 -0 -1
vn 0 0 -1
vn -0 -0 -1
vn -0 0 -1
vn 0 0 -1
vn -0 -0 -1
vn -0 -0 -1
vn 0 -0 -1
vn 0 0 -1
vn 0 -0 -1
vn -0 -0 -1
vn 0 -0 -1
vn 0 -0 -1
vn -0 -0 -1
vn 0 0 -1
vn 0 -0 -1
vn -0 -0 -1
vn -0 -0 -1
vn -0 -0 -1
vn 0 0 -1
vn 0 0 -1
vn -0 0 -1
vn 0 -0 -1
vn 0 0 -1
vn -0 -0 -1
vn -0 -0 -1
vn 0 0 -1
vn -0 0 -1
vn -0 -0 -1
vn -0 -0 -1
vn -0 -0 -1
vn -0 0 -1
vn -0 0 -1
vn 0 0 -1
vn -0 -0 -1
vn 0 0 -1
vn -0 0 -1
vn -0 -0 -1
vn 0 0 -1
vn -0 0 -1
vn 0 -0 -1
vn -0 -0 -1
vn -0 -0 -1
vn -0 -0 -1
vn 0 0 -1
vn -0 -0 -1
vn -0 0 -1
vn 0 -0 -1
vn -0 0 -1
vn 0 -0 -1
vn -0 0 -1
vn 0 -0 -1
vn -0 -0 -1
vn -0 0 -1
vn 0 0 -1
vn 0 -0 -1
vn 0 -0 -1
vn 0 -0 -1
vn -0 0 -1
vn -0 0 -1
vn -0 0 -1
vn -0 -0 -1
vn -0 -0 -1
vn -0 0 -1
vn -0 -0 -1
vn -0 -0 -1
vn -0 0 -1
vn -0 0 -1
vn -0 -0 -1
vn -0 0 -1
vn -0 0 -1
vn -0 0 -1
vn -0 0 -1
vn 0 -0 -1
vn -0.13053 0.99144 0
vn -0.13053 0.99144 -0
vn -0.38268 0.92388 -0
vn -0.38268 0.92388 0
vn -0.60876 0.79335 0
vn -0.79335 0.60876 0
vn -0.92388 0.38268 0
vn -0.92388 0.38268 0
vn -0.99144 0.13053 0
vn -0.99144 0.13053 0
vn -0.99144 -0.13053 -0
vn -0.99144 -0.13053 -0
vn -0.92388 -0.38268 -0
vn -0.92388 -0.38268 0
vn -0.79335 -0.60876 -0
vn -0.79335 -0.60876 0
vn -0.60876 -0.79335 0
vn -0.60876 -0.79335 0
vn -0.38268 -0.92388 -0
vn -0.13053 -0.99144 -0
vn 0 1 0
vn 0 1 0
vn -0 1 0
vn 0 1 0
vn -0 1 -0
vn -0 1 -0
vn -0 1 -0
vn -0 1 0
vn -0 1 -0
vn 0 1 -0
vn -0 1 0
vn 0 1 -0
vn 0 1 0
vn 0 1 -0
vn 0 1 -0
vn 0 1 -0
vn 0 1 0
vn -0 1 0
vn -0 1 0
vn -0 1 -0
vn -0 1 0
vn 0 1 -0
vn -0 1 0
vn -0 1 0
vn -0 1 -0
vn 0 1 -0
vn -0 1 -0
vn -0 1 0
vn -0 1 -0
vn -0 1 -0
vn -0 1 0
vn 0 1 0
vn -0 1 -0
vn -0 1 0
vn -0 1 0
vn 0 1 -0
vn -0 1 0
vn -0 1 -0
vn -0 1 0
vn -0 1 0
vn -0 1 -0
vn 0 1 -0
vn -0 1 0
vn 0 1 0
vn 0 1 -0
vn -0 1 0
vn -0 1 0
vn 0 1 0
vn 0 1 -0
vn 0 1 -0
vn -0 1 0
vn -0 1 0
vn 0 1 -0
vn 0 1 -0
vn -0 1 0
vn 0 1 0
vn 0 1 0
vn -0 1 0
vn -0 1 -0
vn 0 1 -0
vn -0 1 0
vn -0 1 -0
vn 0 1 -0
vn 0 1 0
vn -0 1 -0
vn -0 1 -0
vn 0 1 0
vn 0 1 0
vn 0 1 -0
vn 0 1 0
vn 0 1 0
vn 0 1 -0
vn 0 1 -0
vn -0 1 -0
vn 0 1 -0
vn 0 1 -0
vn 0 1 -0
vn 0 1 0
vn -0 1 -0
vn 0 1 0
vn 0 1 -0
vn -0 1 0
vn 0 1 -0
vn 0 1 0
vn -0 1 -0
vn -0 1 -0
vn 0 1 0
vn -0 1 -0
vn -0 1 0
vn 0 1 -0
vn -0 1 0
vn -0 1 -0
vn 0 1 -0
vn 0.09269 -0.70406 -0.70406
vn 0.27176 -0.65608 -0.70406
vn 0.4323 -0.56339 -0.70406
vn 0.56339 -0.4323 -0.70406
vn 0.65608 -0.27176 -0.70406
vn 0.70406 -0.09269 -0.70406
vn 0.70406 0.09269 -0.70406
vn 0.65608 0.27176 -0.70406
vn 0.56339 0.4323 -0.70406
vn 0.4323 0.56339 -0.70406
vn 0.27176 0.65608 -0.70406
vn 0.09269 0.70406 -0.70406
vn 0 0.70711 -0.70711
vn 0 0.70711 -0.70711
vn 0 0.70711 -0.70711
vn -0 0.70711 -0.70711
vn -0 0.70711 -0.70711
vn 0 0.70711 -0.70711
vn -0 0.70711 -0.70711
vn -0 0.70711 -0.70711
vn -0.09269 0.70406 -0.70406
vn -0.27176 0.65608 -0.70406
vn -0.4323 0.56339 -0.70406
vn -0.56339 0.4323 -0.70406
vn -0.65608 0.27176 -0.70406
vn -0.70406 0.09269 -0.70406
vn -0.70406 -0.09269 -0.70406
vn -0.65608 -0.27176 -0.70406
vn -0.56339 -0.4323 -0.70406
vn -0.4323 -0.56339 -0.70406
vn -0.27176 -0.65608 -0.70406
vn -0.09269 -0.70406 -0.70406
vn 0 -0.70711 -0.70711
vn -0 -0.70711 -0.70711
vn -0 -0.70711 -0.70711
vn 0 -0.70711 -0.70711
vn -0 -0.70711 -0.70711
vn -0 -0.70711 -0.70711
vn -0 -0.70711 -0.70711
vn 0 -0.70711 -0.70711
vn 0 -0.70711 -0.70711
vn -0 -0.70711 -0.70711
vn 0 -0.70711 -0.70711
vn 0.09688 0.15641 0.98293
vn -0.02304 0.16093 0.9867
vn -0.09698 0.14949 0.984
vn -0.28754 0.14148 0.94726
vn -0.38846 0.14913 0.90932
vn -0.46713 0.13818 0.87333
vn -0.57061 0.13629 0.80983
vn -0.62991 0.12223 0.76699
vn -0.73682 0.11098 0.66692
vn -0.76955 0.09769 0.63107
vn -0.87989 0.07047 0.46991
vn -0.91355 0.07026 0.40061
vn -0.95608 0.04422 0.28974
vn -0.98425 0.03434 0.17341
vn -0.99511 0.01338 0.09786
vn -0.99619 -0.00989 -0.08661
vn -0.99509 -0.01381 -0.098
vn -0.95595 -0.04666 -0.2898
vn -0.94535 -0.04634 -0.32275
vn -0.87903 -0.08315 -0.46947
vn -0.82429 -0.0884 -0.55922
vn -0.7685 -0.11121 -0.63011
vn -0.65889 -0.12134 -0.74239
vn -0.62927 -0.13134 -0.76601
vn -0.38698 -0.14753 -0.91021
vn -0.46837 -0.12016 -0.87533
vn -0.28809 -0.13059 -0.94866
vn -0.38048 -0.15057 -0.91245
vn -0.09655 -0.17852 -0.97919
vn 0.03008 -0.16333 -0.98611
vn 0.09667 -0.17168 -0.9804
vn 0.28093 -0.15569 -0.94702
vn 0.28698 -0.15675 -0.94502
vn 0.46648 -0.14949 -0.87181
vn 0.5056 -0.13874 -0.85154
vn 0.62865 -0.13849 -0.76525
vn 0.76183 -0.10244 -0.63962
vn 0.76918 -0.10302 -0.63067
vn 0.87954 -0.07588 -0.46974
vn 0.88879 -0.06959 -0.453
vn 0.95565 -0.05293 -0.28971
vn 0.98229 -0.02477 -0.18573
vn 0.995 -0.01956 -0.09799
vn 0.9972 0.01682 0.07292
vn 0.99506 0.01647 0.09785
vn 0.9561 0.04384 0.28974
vn 0.93473 0.06237 0.34985
vn 0.87969 0.07373 0.4698
vn 0.81958 0.09771 0.56458
vn 0.76935 0.10035 0.6309
vn 0.67608 0.12066 0.72688
vn 0.63027 0.11744 0.76744
vn 0.46758 0.13103 0.87418
vn 0.37395 0.15019 0.91521
vn 0.28719 0.14977 0.94609
vn 0.17375 0.16177 0.97141
vn 0.12933 -0.98234 -0.13518
vn 0.02611 -0.99194 -0.12396
vn -0.12924 -0.98165 -0.14021
vn -0.10963 -0.98362 -0.14309
vn -0.5082 -0.84836 -0.14834
vn -0.3207 -0.86983 -0.37489
vn -0.62968 -0.71435 -0.30529
vn -0.56828 -0.65028 -0.50417
vn -0.75999 -0.51874 -0.39157
vn -0.74298 -0.41132 -0.52801
vn -0.86213 -0.31931 -0.39342
vn -0.86788 -0.19636 -0.45631
vn -0.93237 -0.1521 -0.32795
vn 0.26259 -0.9582 -0.11355
vn 0.37977 -0.91685 -0.12316
vn 0.48884 -0.86664 -0.09988
vn 0.60529 -0.78883 -0.1066
vn 0.69255 -0.71667 -0.08218
vn 0.7905 -0.60657 -0.08472
vn 0.86089 -0.50567 -0.05632
vn 0.92243 -0.38208 -0.05609
vn 0.96735 -0.2523 -0.02398
vn 0.99117 -0.13049 -0.02346
vn 0.99948 0.03001 0.01199
vn 0.99139 0.13052 0.01062
vn 0.94533 0.32263 0.04763
vn 0.92304 0.38234 0.04254
vn 0.7703 0.63301 0.07697
vn 0.79082 0.60682 0.07981
vn 0.60563 0.78927 0.1013
vn 0.59593 0.79624 0.10424
vn 0.38001 0.91743 0.11794
vn 0.36871 0.9217 0.1205
vn 0.12948 0.98348 0.12652
vn 0.11737 0.98472 0.12867
vn -0.12948 0.98347 0.12654
vn -0.14162 0.98157 0.12829
vn -0.38001 0.91742 0.118
vn -0.39116 0.91255 0.11936
vn -0.60563 0.78927 0.10137
vn -0.61505 0.78181 0.1024
vn -0.79096 0.60692 0.07767
vn -0.79822 0.59723 0.07848
vn -0.92279 0.38223 0.04848
vn -0.92732 0.37101 0.04918
vn -0.99132 0.13051 0.0158
vn -0.99281 0.11852 0.01649
vn -0.99128 -0.1305 -0.01805
vn -0.98968 -0.14227 -0.01724
vn -0.9227 -0.38219 -0.05061
vn -0.91867 -0.39189 -0.04968
vn -0.79083 -0.60683 -0.07964
vn -0.78792 -0.61068 -0.07907
vn -0.6055 -0.7891 -0.10338
vn -0.61788 -0.77912 -0.10579
vn -0.37987 -0.91708 -0.12114
vn -0.11439 -0.91718 -0.38171
vn -0.17986 -0.77222 -0.60937
vn -0.29737 -0.75535 -0.58397
vn -0.35333 -0.55459 -0.75338
vn -0.54041 -0.51159 -0.66801
vn -0.44692 -0.35646 -0.82048
vn -0.67427 -0.30245 -0.67371
vn -0.0243 -0.91971 -0.39185
vn -0.07503 -0.79423 -0.60297
vn -0.04556 -0.62262 -0.7812
vn -0.09298 -0.62373 -0.77609
vn -0.35357 -0.4008 -0.84519
vn -0.13751 -0.3596 -0.92292
vn 0.11151 -0.42951 -0.89615
vn -0.18067 -0.58479 -0.79081
vn 0.29465 -0.57735 -0.76148
vn 0.07661 -0.65364 -0.75292
vn 0.48818 -0.57428 -0.65717
vn 0.3499 -0.76714 -0.53765
vn 0.59092 -0.65164 -0.47558
vn 0.5533 -0.77826 -0.29694
vn 0.7022 -0.65941 -0.26848
vn 0.03799 -0.78888 -0.61337
vn 0.15684 -0.91784 -0.36465
vn 0.23175 -0.90108 -0.36652
vn -0.0206 -0.40207 -0.91538
vn 0.03949 -0.39627 -0.91729
vn 0.26649 -0.41445 -0.87018
vn 0.47725 -0.3608 -0.80128
vn 0.54797 -0.35631 -0.75682
vn 0.68198 -0.29868 -0.66761
vn 0.71648 -0.29244 -0.63336
vn 0.85244 -0.20641 -0.48036
vn 0.90355 -0.18287 -0.38751
vn 0.96086 -0.10828 -0.255
vn 0.98193 -0.08369 -0.16973
vn 0.99997 0.00354 -0.00661
vn 0.9969 0.02644 0.07411
vn 0.96614 0.10805 0.23432
vn 0.94448 0.12769 0.30275
vn 0.86168 0.21244 0.46084
vn 0.81809 0.23093 0.52669
vn 0.71203 0.29075 0.63912
vn 0.60863 0.31098 0.72997
vn 0.4931 0.34758 0.79752
vn 0.46498 0.35026 0.81309
vn 0.23709 0.39835 0.88606
vn 0.17462 0.3969 0.9011
vn 0.01306 0.41037 0.91183
vn -0.13925 0.38876 0.91075
vn -0.26236 0.38444 0.88508
vn -0.2855 0.37933 0.88011
vn -0.51418 0.35233 0.78197
vn -0.56751 0.33147 0.75369
vn -0.70032 0.29483 0.65011
vn -0.78099 0.24402 0.5749
vn -0.86698 0.20148 0.4558
vn -0.89465 0.17448 0.41129
vn -0.96741 0.10839 0.22884
vn -0.98407 0.06818 0.16416
vn -0.99997 0.00301 -0.00667
vn -0.99711 -0.03564 -0.06703
vn -0.96492 -0.09926 -0.24305
vn -0.32722 -0.8603 -0.39091
vn 0.35191 -0.76193 -0.54371
vn -0.6987 -0.28731 -0.65519
vn -0.82069 -0.23928 -0.51885
vn -0.56296 -0.29579 -0.77174
vn -0.38837 -0.84078 -0.37717
vn -0.5989 -0.7397 -0.30686
vn -0.78269 -0.57596 -0.23592
vn -0.78492 -0.57307 -0.23555
vn -0.91155 -0.38151 -0.15338
vn -0.91845 -0.36571 -0.15069
vn -0.9865 -0.15247 -0.05977
vn -0.98968 -0.13201 -0.05574
vn -0.99514 0.09046 0.03886
vn -0.99284 0.11134 0.04321
vn -0.93517 0.32739 0.13519
vn -0.92745 0.34705 0.13923
vn -0.81082 0.54145 0.22227
vn -0.79839 0.55836 0.2254
vn -0.6317 0.71734 0.2939
vn -0.61538 0.73067 0.29569
vn -0.411 0.84367 0.34541
vn -0.39116 0.853 0.34552
vn -0.16255 0.91321 0.37367
vn -0.14129 0.9175 0.37179
vn 0.09601 0.92127 0.3769
vn 0.1175 0.9204 0.37291
vn 0.34822 0.86758 0.35503
vn 0.36882 0.86156 0.34883
vn 0.57864 0.75476 0.30906
vn 0.59601 0.74438 0.30111
vn 0.75953 0.60191 0.24662
vn 0.81398 0.54306 0.2062
vn 0.91174 0.38194 0.15115
vn 0.93854 0.3246 0.11735
vn 0.99119 0.12047 0.05511
vn 0.99949 0.0317 0.00409
vn 0.98855 -0.14284 -0.04864
vn 0.967 -0.23375 -0.10132
vn 0.90863 -0.39062 -0.14767
vn 0.86239 -0.46744 -0.19437
vn 0.76048 -0.60607 -0.23313
vn 0.36842 -0.86898 -0.33037
vn 0.48634 -0.81182 -0.32315
vn -0.57728 -0.64399 -0.50202
vn -0.38952 -0.71786 -0.57702
vn -0.76983 -0.50762 -0.3869
vn -0.89626 -0.35643 -0.26396
vn -0.90985 -0.32999 -0.25156
vn -0.97978 -0.16211 -0.11727
vn -0.98647 -0.12924 -0.10089
vn -0.99819 0.04602 0.03864
vn -0.99517 0.08043 0.05625
vn -0.94768 0.25362 0.19387
vn -0.93538 0.28471 0.20979
vn -0.83361 0.44007 0.33383
vn -0.81142 0.46939 0.34824
vn -0.66093 0.59857 0.45264
vn -0.63243 0.62129 0.46264
vn -0.44253 0.71554 0.54053
vn -0.41081 0.7306 0.54539
vn -0.20321 0.78125 0.59022
vn -0.16266 0.79088 0.58996
vn 0.05781 0.79681 0.60146
vn 0.09627 0.7978 0.59519
vn 0.31509 0.75743 0.57186
vn 0.34914 0.75101 0.56043
vn 0.54444 0.66913 0.50581
vn 0.57871 0.65423 0.48691
vn 0.74065 0.53586 0.40534
vn 0.78358 0.50156 0.36666
vn 0.8918 0.36228 0.271
vn 0.91668 0.32516 0.23229
vn 0.98089 0.15486 0.11782
vn 0.99089 0.11204 0.0747
vn 0.99687 -0.06688 -0.0421
vn 0.98824 -0.11949 -0.09546
vn 0.93791 -0.28338 -0.20005
vn 0.90799 -0.33391 -0.25311
vn 0.8095 -0.4773 -0.34189
vn 0.76663 -0.51453 -0.3841
vn 0.62012 -0.63748 -0.45725
vn 0.32489 -0.77191 -0.54645
vn -0.71287 -0.43746 -0.54813
vn -0.53818 -0.51287 -0.66882
vn -0.89359 -0.27473 -0.355
vn -0.96517 -0.16643 -0.20188
vn -0.97933 -0.12192 -0.16138
vn -0.99998 -0.00594 0.00038
vn -0.9982 0.04113 0.04359
vn -0.96537 0.15887 0.20693
vn -0.94848 0.20027 0.2455
vn -0.86569 0.30734 0.39513
vn -0.8327 0.34707 0.43146
vn -0.71618 0.43028 0.54949
vn -0.66224 0.47027 0.58335
vn -0.48705 0.54018 0.68629
vn -0.44774 0.55764 0.69898
vn -0.25982 0.59551 0.76017
vn -0.19744 0.61104 0.76659
vn -0.02459 0.61748 0.7862
vn 0.05805 0.62509 0.77839
vn 0.26839 0.59616 0.75668
vn 0.31096 0.59268 0.743
vn 0.49338 0.53626 0.68483
vn 0.54935 0.52177 0.65266
vn 0.68958 0.4467 0.57004
vn 0.75033 0.41684 0.51308
vn 0.86518 0.30996 0.39419
vn 0.89683 0.28047 0.34211
vn 0.96542 0.15972 0.20602
vn 0.9813 0.12486 0.1465
vn 0.99997 -0.00811 -0.00173
vn 0.99686 -0.04517 -0.06509
vn 0.96254 -0.1758 -0.20644
vn 0.93806 -0.21335 -0.27299
vn 0.85155 -0.33518 -0.40313
vn 0.8105 -0.36421 -0.45874
vn 0.67215 -0.47253 -0.57002
vn 0.63559 -0.48543 -0.60033
vn 0.41377 -0.58345 -0.69885
f 1//1 2//1 3//1
f 3//1 2//1 4//1
f 3//1 4//1 5//1
f 5//1 4//1 6//1
f 5//1 6//1 7//1
f 1//1 8//1 2//1
f 2//1 8//1 9//1
f 2//1 9//1 10//1
f 10//1 9//1 11//1
f 10//1 11//1 12//1
f 12//1 13//1 10//1
f 10//1 13//1 14//1
f 10//1 14//1 15//1
f 10//1 15//1 16//1
f 16//1 15//1 17//1
f 16//1 17//1 18//1
f 18//1 19//1 16//1
f 16//1 19//1 20//1
f 16//1 20//1 21//1
f 21//1 20//1 22//1
f 21//1 22//1 23//1
f 20//1 24//1 22//1
f 22//1 24//1 25//1
f 22//1 25//1 26//1
f 26//1 27//1 22//1
f 22//1 27//1 28//1
f 28//1 27//1 29//1
f 28//1 29//1 30//1
f 30//1 31//1 28//1
f 28//1 31//1 32//1
f 28//1 32//1 33//1
f 28//1 33//1 34//1
f 34//1 33//1 35//1
f 34//1 35//1 36//1
f 36//1 3//1 34//1
f 34//1 3//1 5//1
f 37//1 38//1 39//1
f 39//1 38//1 40//1
f 39//1 40//1 7//1
f 7//1 40//1 41//1
f 7//1 41//1 5//1
f 5//1 41//1 42//1
f 42//1 41//1 43//1
f 42//1 43//1 44//1
f 44//1 43//1 45//1
f 44//1 45//1 46//1
f 46//1 45//1 47//1
f 46//1 47//1 48//1
f 48//1 47//1 49//1
f 48//1 49//1 50//1
f 50//1 49//1 51//1
f 50//1 51//1 52//1
f 52//1 51//1 53//1
f 52//1 53//1 54//1
f 54//1 53//1 55//1
f 54//1 55//1 56//1
f 56//1 55//1 57//1
f 56//1 57//1 58//1
f 58//1 57//1 59//1
f 58//1 59//1 60//1
f 60//1 59//1 61//1
f 60//1 61//1 62//1
f 62//1 61//1 63//1
f 62//1 63//1 64//1
f 64//1 63//1 65//1
f 64//1 65//1 66//1
f 66//1 65//1 67//1
f 67//1 65//1 68//1
f 67//1 68//1 69//1
f 37//1 70//1 38//1
f 38//1 70//1 71//1
f 38//1 71//1 72//1
f 72//1 71//1 73//1
f 72//1 73//1 74//1
f 74//1 75//1 72//1
f 72//1 75//1 76//1
f 72//1 76//1 77//1
f 72//1 77//1 78//1
f 78//1 77//1 79//1
f 78//1 79//1 80//1
f 80//1 81//1 78//1
f 78//1 81//1 82//1
f 78//1 82//1 83//1
f 83//1 82//1 84//1
f 83//1 84//1 85//1
f 82//1 86//1 84//1
f 84//1 86//1 87//1
f 84//1 87//1 88//1
f 88//1 89//1 84//1
f 84//1 89//1 90//1
f 90//1 89//1 91//1
f 90//1 91//1 92//1
f 92//1 93//1 90//1
f 90//1 93//1 94//1
f 90//1 94//1 95//1
f 90//1 95//1 96//1
f 96//1 95//1 97//1
f 96//1 97//1 98//1
f 98//1 39//1 96//1
f 96//1 39//1 7//1
f 96//1 7//1 99//1
f 99//1 7//1 100//1
f 99//1 100//1 101//1
f 102//1 103//1 104//1
f 104//1 103//1 41//1
f 104//1 41//1 40//1
f 102//1 105//1 103//1
f 103//1 105//1 106//1
f 103//1 106//1 107//1
f 107//1 106//1 108//1
f 107//1 108//1 109//1
f 109//1 110//1 107//1
f 107//1 110//1 111//1
f 107//1 111//1 112//1
f 107//1 112//1 113//1
f 113//1 112//1 114//1
f 113//1 114//1 115//1
f 115//1 116//1 113//1
f 113//1 116//1 117//1
f 113//1 117//1 118//1
f 118//1 117//1 119//1
f 118//1 119//1 120//1
f 117//1 121//1 119//1
f 119//1 121//1 122//1
f 119//1 122//1 123//1
f 123//1 124//1 119//1
f 119//1 124//1 125//1
f 125//1 124//1 126//1
f 125//1 126//1 127//1
f 127//1 128//1 125//1
f 125//1 128//1 129//1
f 125//1 129//1 130//1
f 125//1 130//1 131//1
f 131//1 130//1 132//1
f 131//1 132//1 133//1
f 133//1 104//1 131//1
f 131//1 104//1 40//1
f 134//1 135//1 136//1
f 136//1 135//1 6//1
f 136//1 6//1 4//1
f 134//1 137//1 135//1
f 135//1 137//1 138//1
f 135//1 138//1 139//1
f 139//1 138//1 140//1
f 139//1 140//1 141//1
f 141//1 142//1 139//1
f 139//1 142//1 143//1
f 139//1 143//1 144//1
f 139//1 144//1 145//1
f 145//1 144//1 146//1
f 145//1 146//1 147//1
f 147//1 148//1 145//1
f 145//1 148//1 149//1
f 145//1 149//1 150//1
f 150//1 149//1 151//1
f 150//1 151//1 152//1
f 149//1 153//1 151//1
f 151//1 153//1 154//1
f 151//1 154//1 155//1
f 155//1 156//1 151//1
f 151//1 156//1 157//1
f 157//1 156//1 158//1
f 157//1 158//1 159//1
f 159//1 160//1 157//1
f 157//1 160//1 161//1
f 157//1 161//1 162//1
f 157//1 162//1 163//1
f 163//1 162//1 164//1
f 163//1 164//1 165//1
f 165//1 136//1 163//1
f 163//1 136//1 4//1
f 166//1 167//1 168//1
f 168//1 167//1 169//1
f 168//1 169//1 170//1
f 170//1 169//1 171//1
f 170//1 171//1 120//1
f 120//1 171//1 118//1
f 167//1 166//1 172//1
f 172//1 166//1 173//1
f 172//1 173//1 174//1
f 174//1 173//1 175//1
f 174//1 175//1 176//1
f 176//1 175//1 177//1
f 176//1 177//1 178//1
f 178//1 177//1 179//1
f 178//1 179//1 65//1
f 65//1 179//1 68//1
f 180//1 181//1 69//1
f 69//1 181//1 182//1
f 69//1 182//1 67//1
f 67//1 182//1 183//1
f 67//1 183//1 184//1
f 184//1 183//1 185//1
f 185//1 183//1 186//1
f 185//1 186//1 187//1
f 187//1 186//1 188//1
f 187//1 188//1 189//1
f 181//1 180//1 190//1
f 190//1 180//1 191//1
f 190//1 191//1 192//1
f 192//1 191//1 193//1
f 192//1 193//1 194//1
f 194//1 193//1 195//1
f 194//1 195//1 196//1
f 196//1 195//1 197//1
f 196//1 197//1 198//1
f 198//1 197//1 199//1
f 198//1 199//1 85//1
f 85//1 199//1 83//1
f 200//1 201//1 202//1
f 202//1 201//1 203//1
f 202//1 203//1 204//1
f 204//1 203//1 205//1
f 204//1 205//1 23//1
f 23//1 205//1 21//1
f 201//1 200//1 206//1
f 206//1 200//1 207//1
f 206//1 207//1 208//1
f 208//1 207//1 209//1
f 208//1 209//1 210//1
f 210//1 209//1 211//1
f 210//1 211//1 212//1
f 212//1 211//1 213//1
f 212//1 213//1 214//1
f 214//1 213//1 64//1
f 214//1 64//1 66//1
f 215//1 216//1 217//1
f 217//1 216//1 218//1
f 217//1 218//1 219//1
f 219//1 218//1 220//1
f 219//1 220//1 221//1
f 221//1 220//1 222//1
f 221//1 222//1 223//1
f 223//1 222//1 224//1
f 223//1 224//1 225//1
f 223//1 225//1 226//1
f 226//1 225//1 227//1
f 226//1 227//1 228//1
f 228//1 227//1 66//1
f 66//1 227//1 229//1
f 66//1 229//1 230//1
f 230//1 229//1 231//1
f 231//1 229//1 232//1
f 231//1 232//1 233//1
f 233//1 232//1 234//1
f 233//1 234//1 235//1
f 235//1 234//1 236//1
f 235//1 236//1 237//1
f 237//1 236//1 238//1
f 237//1 238//1 239//1
f 239//1 238//1 240//1
f 239//1 240//1 241//1
f 241//1 240//1 242//1
f 241//1 242//1 152//1
f 152//1 242//1 150//1
f 135//1 243//1 6//1
f 6//1 243//1 244//1
f 244//1 243//1 245//1
f 245//1 243//1 246//1
f 245//1 246//1 247//1
f 247//1 246//1 248//1
f 247//1 248//1 249//1
f 247//1 249//1 250//1
f 250//1 249//1 251//1
f 250//1 251//1 252//1
f 252//1 251//1 215//1
f 252//1 215//1 217//1
f 230//1 214//1 66//1
f 187//1 189//1 253//1
f 253//1 189//1 254//1
f 253//1 254//1 255//1
f 255//1 254//1 256//1
f 255//1 256//1 257//1
f 257//1 256//1 258//1
f 257//1 258//1 259//1
f 257//1 259//1 260//1
f 260//1 259//1 261//1
f 260//1 261//1 262//1
f 262//1 261//1 263//1
f 262//1 263//1 264//1
f 264//1 263//1 265//1
f 264//1 265//1 266//1
f 264//1 266//1 101//1
f 101//1 266//1 99//1
f 66//2 267//2 228//2
f 228//2 267//2 268//2
f 228//3 268//3 226//3
f 226//3 268//3 269//3
f 226//4 269//4 223//4
f 223//5 269//5 270//5
f 223//6 270//6 221//6
f 221//7 270//7 271//7
f 221//8 271//8 219//8
f 219//9 271//9 272//9
f 219//10 272//10 217//10
f 217//11 272//11 273//11
f 217//12 273//12 252//12
f 252//13 273//13 274//13
f 252//14 274//14 250//14
f 250//15 274//15 275//15
f 250//16 275//16 247//16
f 247//16 275//16 276//16
f 247//17 276//17 245//17
f 245//17 276//17 277//17
f 245//18 277//18 244//18
f 244//19 277//19 278//19
f 244//20 278//20 6//20
f 6//21 278//21 279//21
f 198//22 280//22 196//22
f 196//23 280//23 281//23
f 196//24 281//24 194//24
f 194//25 281//25 282//25
f 194//26 282//26 192//26
f 192//27 282//27 283//27
f 192//28 283//28 190//28
f 190//29 283//29 284//29
f 190//30 284//30 181//30
f 181//31 284//31 285//31
f 181//32 285//32 182//32
f 182//33 285//33 286//33
f 182//34 286//34 183//34
f 183//35 286//35 287//35
f 183//36 287//36 186//36
f 186//37 287//37 288//37
f 186//38 288//38 188//38
f 188//39 288//39 289//39
f 188//40 289//40 189//40
f 189//41 289//41 290//41
f 189//42 290//42 254//42
f 254//43 290//43 291//43
f 254//44 291//44 256//44
f 256//45 291//45 292//45
f 256//46 292//46 258//46
f 258//47 292//47 293//47
f 258//48 293//48 259//48
f 259//49 293//49 294//49
f 259//50 294//50 261//50
f 261//51 294//51 295//51
f 261//52 295//52 263//52
f 263//53 295//53 296//53
f 263//54 296//54 265//54
f 265//55 296//55 297//55
f 265//56 297//56 266//56
f 266//57 297//57 298//57
f 266//58 298//58 99//58
f 99//59 298//59 299//59
f 99//60 299//60 96//60
f 96//61 299//61 300//61
f 96//62 300//62 90//62
f 90//63 300//63 301//63
f 90//64 301//64 84//64
f 84//65 301//65 302//65
f 84//66 302//66 85//66
f 85//67 302//67 303//67
f 85//68 303//68 198//68
f 198//69 303//69 280//69
f 304//70 305//70 306//70
f 306//71 305//71 307//71
f 306//72 307//72 308//72
f 308//73 307//73 309//73
f 308//74 309//74 310//74
f 310//75 309//75 311//75
f 310//76 311//76 312//76
f 312//77 311//77 313//77
f 312//78 313//78 314//78
f 314//79 313//79 315//79
f 314//80 315//80 316//80
f 316//81 315//81 317//81
f 316//82 317//82 318//82
f 318//83 317//83 319//83
f 318//84 319//84 320//84
f 320//85 319//85 321//85
f 320//86 321//86 322//86
f 322//87 321//87 323//87
f 322//88 323//88 324//88
f 324//89 323//89 325//89
f 324//90 325//90 326//90
f 326//91 325//91 327//91
f 326//92 327//92 328//92
f 328//93 327//93 329//93
f 328//94 329//94 330//94
f 330//95 329//95 331//95
f 330//96 331//96 332//96
f 332//97 331//97 333//97
f 332//98 333//98 334//98
f 334//99 333//99 335//99
f 334//100 335//100 336//100
f 336//101 335//101 337//101
f 336//102 337//102 338//102
f 338//103 337//103 339//103
f 338//104 339//104 340//104
f 340//105 339//105 341//105
f 340//106 341//106 342//106
f 342//107 341//107 343//107
f 342//108 343//108 344//108
f 344//109 343//109 345//109
f 344//110 345//110 346//110
f 346//111 345//111 347//111
f 346//112 347//112 348//112
f 348//113 347//113 349//113
f 348//114 349//114 350//114
f 350//115 349//115 351//115
f 350//116 351//116 305//116
f 305//117 351//117 352//117
f 305//118 352//118 307//118
f 307//119 352//119 280//119
f 307//120 280//120 303//120
f 305//121 304//121 350//121
f 350//122 304//122 348//122
f 348//123 304//123 346//123
f 346//124 304//124 344//124
f 344//125 304//125 342//125
f 342//126 304//126 340//126
f 340//127 304//127 338//127
f 338//128 304//128 336//128
f 334//129 304//129 332//129
f 332//130 304//130 330//130
f 330//131 304//131 328//131
f 328//132 304//132 326//132
f 326//133 304//133 324//133
f 324//134 304//134 322//134
f 322//135 304//135 320//135
f 318//136 304//136 316//136
f 316//137 304//137 314//137
f 314//138 304//138 312//138
f 312//139 304//139 310//139
f 310//140 304//140 308//140
f 308//141 304//141 306//141
f 280//142 352//142 281//142
f 281//143 352//143 351//143
f 281//144 351//144 282//144
f 282//145 351//145 349//145
f 282//146 349//146 283//146
f 283//147 349//147 347//147
f 283//148 347//148 284//148
f 284//149 347//149 345//149
f 284//150 345//150 285//150
f 285//151 345//151 343//151
f 285//152 343//152 286//152
f 286//153 343//153 341//153
f 286//154 341//154 287//154
f 287//155 341//155 339//155
f 287//156 339//156 288//156
f 288//157 339//157 337//157
f 288//158 337//158 289//158
f 289//159 337//159 335//159
f 289//160 335//160 290//160
f 290//161 335//161 333//161
f 290//162 333//162 291//162
f 291//163 333//163 331//163
f 291//164 331//164 292//164
f 292//165 331//165 329//165
f 292//166 329//166 293//166
f 293//167 329//167 327//167
f 293//168 327//168 294//168
f 294//169 327//169 325//169
f 294//170 325//170 295//170
f 295//171 325//171 323//171
f 295//172 323//172 296//172
f 296//173 323//173 321//173
f 296//174 321//174 297//174
f 297//175 321//175 319//175
f 297//176 319//176 298//176
f 298//177 319//177 317//177
f 298//178 317//178 299//178
f 299//179 317//179 315//179
f 299//180 315//180 300//180
f 300//181 315//181 313//181
f 300//182 313//182 301//182
f 301//183 313//183 311//183
f 301//184 311//184 302//184
f 302//185 311//185 309//185
f 302//186 309//186 303//186
f 303//187 309//187 307//187
f 320//188 304//188 318//188
f 336//189 304//189 334//189
f 51//22 353//22 53//22
f 53//23 353//23 354//23
f 53//24 354//24 55//24
f 55//25 354//25 355//25
f 55//26 355//26 57//26
f 57//27 355//27 356//27
f 57//28 356//28 59//28
f 59//29 356//29 357//29
f 59//30 357//30 61//30
f 61//31 357//31 358//31
f 61//32 358//32 63//32
f 63//33 358//33 359//33
f 63//34 359//34 65//34
f 65//35 359//35 360//35
f 65//36 360//36 178//36
f 178//37 360//37 361//37
f 178//38 361//38 176//38
f 176//39 361//39 362//39
f 176//40 362//40 174//40
f 174//41 362//41 363//41
f 174//42 363//42 172//42
f 172//43 363//43 364//43
f 172//44 364//44 167//44
f 167//45 364//45 365//45
f 167//46 365//46 169//46
f 169//47 365//47 366//47
f 169//48 366//48 171//48
f 171//49 366//49 367//49
f 171//50 367//50 118//50
f 118//51 367//51 368//51
f 118//52 368//52 113//52
f 113//53 368//53 369//53
f 113//54 369//54 107//54
f 107//55 369//55 370//55
f 107//56 370//56 103//56
f 103//57 370//57 371//57
f 103//58 371//58 41//58
f 41//59 371//59 372//59
f 41//60 372//60 43//60
f 43//61 372//61 373//61
f 43//62 373//62 45//62
f 45//63 373//63 374//63
f 45//64 374//64 47//64
f 47//65 374//65 375//65
f 47//66 375//66 49//66
f 49//67 375//67 376//67
f 49//68 376//68 51//68
f 51//69 376//69 353//69
f 377//70 378//70 379//70
f 379//71 378//71 380//71
f 379//72 380//72 381//72
f 381//73 380//73 382//73
f 381//74 382//74 383//74
f 383//75 382//75 384//75
f 383//76 384//76 385//76
f 385//77 384//77 386//77
f 385//78 386//78 387//78
f 387//79 386//79 388//79
f 387//80 388//80 389//80
f 389//81 388//81 390//81
f 389//82 390//82 391//82
f 391//83 390//83 392//83
f 391//84 392//84 393//84
f 393//85 392//85 394//85
f 393//86 394//86 395//86
f 395//87 394//87 396//87
f 395//88 396//88 397//88
f 397//89 396//89 398//89
f 397//90 398//90 399//90
f 399//91 398//91 400//91
f 399//92 400//92 401//92
f 401//93 400//93 402//93
f 401//94 402//94 403//94
f 403//95 402//95 404//95
f 403//96 404//96 405//96
f 405//97 404//97 406//97
f 405//98 406//98 407//98
f 407//99 406//99 408//99
f 407//100 408//100 409//100
f 409//101 408//101 410//101
f 409//102 410//102 411//102
f 411//103 410//103 412//103
f 411//104 412//104 413//104
f 413//105 412//105 414//105
f 413//106 414//106 415//106
f 415//107 414//107 416//107
f 415//108 416//108 417//108
f 417//109 416//109 418//109
f 417//110 418//110 419//110
f 419//111 418//111 420//111
f 419//112 420//112 421//112
f 421//113 420//113 422//113
f 421//114 422//114 423//114
f 423//115 422//115 424//115
f 423//116 424//116 378//116
f 378//117 424//117 425//117
f 378//118 425//118 380//118
f 380//119 425//119 353//119
f 380//120 353//120 376//120
f 378//121 377//121 423//121
f 423//122 377//122 421//122
f 421//123 377//123 419//123
f 419//124 377//124 417//124
f 417//125 377//125 415//125
f 415//126 377//126 413//126
f 413//127 377//127 411//127
f 411//128 377//128 409//128
f 407//129 377//129 405//129
f 405//130 377//130 403//130
f 403//131 377//131 401//131
f 401//132 377//132 399//132
f 399//133 377//133 397//133
f 397//134 377//134 395//134
f 395//135 377//135 393//135
f 391//136 377//136 389//136
f 389//137 377//137 387//137
f 387//138 377//138 385//138
f 385//139 377//139 383//139
f 383//140 377//140 381//140
f 381//141 377//141 379//141
f 353//142 425//142 354//142
f 354//143 425//143 424//143
f 354//144 424//144 355//144
f 355//145 424//145 422//145
f 355//146 422//146 356//146
f 356//147 422//147 420//147
f 356//148 420//148 357//148
f 357//149 420//149 418//149
f 357//150 418//150 358//150
f 358//151 418//151 416//151
f 358//152 416//152 359//152
f 359//153 416//153 414//153
f 359//154 414//154 360//154
f 360//155 414//155 412//155
f 360//156 412//156 361//156
f 361//157 412//157 410//157
f 361//158 410//158 362//158
f 362//159 410//159 408//159
f 362//160 408//160 363//160
f 363//161 408//161 406//161
f 363//162 406//162 364//162
f 364//163 406//163 404//163
f 364//164 404//164 365//164
f 365//165 404//165 402//165
f 365//166 402//166 366//166
f 366//167 402//167 400//167
f 366//168 400//168 367//168
f 367//169 400//169 398//169
f 367//170 398//170 368//170
f 368//171 398//171 396//171
f 368//172 396//172 369//172
f 369//173 396//173 394//173
f 369//174 394//174 370//174
f 370//175 394//175 392//175
f 370//176 392//176 371//176
f 371//177 392//177 390//177
f 371//178 390//178 372//178
f 372//179 390//179 388//179
f 372//180 388//180 373//180
f 373//181 388//181 386//181
f 373//182 386//182 374//182
f 374//183 386//183 384//183
f 374//184 384//184 375//184
f 375//185 384//185 382//185
f 375//186 382//186 376//186
f 376//187 382//187 380//187
f 393//188 377//188 391//188
f 409//189 377//189 407//189
f 241//22 426//22 239//22
f 239//23 426//23 427//23
f 239//24 427//24 237//24
f 237//25 427//25 428//25
f 237//26 428//26 235//26
f 235//27 428//27 429//27
f 235//28 429//28 233//28
f 233//29 429//29 430//29
f 233//30 430//30 231//30
f 231//31 430//31 431//31
f 231//32 431//32 230//32
f 230//33 431//33 432//33
f 230//34 432//34 214//34
f 214//35 432//35 433//35
f 214//36 433//36 212//36
f 212//37 433//37 434//37
f 212//38 434//38 210//38
f 210//39 434//39 435//39
f 210//40 435//40 208//40
f 208//41 435//41 436//41
f 208//42 436//42 206//42
f 206//43 436//43 437//43
f 206//44 437//44 201//44
f 201//45 437//45 438//45
f 201//46 438//46 203//46
f 203//47 438//47 439//47
f 203//48 439//48 205//48
f 205//49 439//49 440//49
f 205//50 440//50 21//50
f 21//51 440//51 441//51
f 21//52 441//52 16//52
f 16//53 441//53 442//53
f 16//54 442//54 10//54
f 10//55 442//55 443//55
f 10//56 443//56 2//56
f 2//57 443//57 444//57
f 2//58 444//58 4//58
f 4//59 444//59 445//59
f 4//60 445//60 163//60
f 163//61 445//61 446//61
f 163//62 446//62 157//62
f 157//63 446//63 447//63
f 157//64 447//64 151//64
f 151//65 447//65 448//65
f 151//66 448//66 152//66
f 152//67 448//67 449//67
f 152//68 449//68 241//68
f 241//69 449//69 426//69
f 450//70 451//70 452//70
f 452//71 451//71 453//71
f 452//72 453//72 454//72
f 454//73 453//73 455//73
f 454//74 455//74 456//74
f 456//75 455//75 457//75
f 456//76 457//76 458//76
f 458//77 457//77 459//77
f 458//78 459//78 460//78
f 460//79 459//79 461//79
f 460//80 461//80 462//80
f 462//81 461//81 463//81
f 462//82 463//82 464//82
f 464//83 463//83 465//83
f 464//84 465//84 466//84
f 466//85 465//85 467//85
f 466//86 467//86 468//86
f 468//87 467//87 469//87
f 468//88 469//88 470//88
f 470//89 469//89 471//89
f 470//90 471//90 472//90
f 472//91 471//91 473//91
f 472//92 473//92 474//92
f 474//93 473//93 475//93
f 474//94 475//94 476//94
f 476//95 475//95 477//95
f 476//96 477//96 478//96
f 478//97 477//97 479//97
f 478//98 479//98 480//98
f 480//99 479//99 481//99
f 480//100 481//100 482//100
f 482//101 481//101 483//101
f 482//102 483//102 484//102
f 484//103 483//103 485//103
f 484//104 485//104 486//104
f 486//105 485//105 487//105
f 486//106 487//106 488//106
f 488//107 487//107 489//107
f 488//108 489//108 490//108
f 490//109 489//109 491//109
f 490//110 491//110 492//110
f 492//111 491//111 493//111
f 492//112 493//112 494//112
f 494//113 493//113 495//113
f 494//114 495//114 496//114
f 496//115 495//115 497//115
f 496//116 497//116 451//116
f 451//117 497//117 498//117
f 451//118 498//118 453//118
f 453//119 498//119 426//119
f 453//120 426//120 449//120
f 451//121 450//121 496//121
f 496//122 450//122 494//122
f 494//123 450//123 492//123
f 492//124 450//124 490//124
f 490//125 450//125 488//125
f 488//126 450//126 486//126
f 486//127 450//127 484//127
f 484//128 450//128 482//128
f 480//129 450//129 478//129
f 478//130 450//130 476//130
f 476//131 450//131 474//131
f 474//132 450//132 472//132
f 472//133 450//133 470//133
f 470//134 450//134 468//134
f 468//135 450//135 466//135
f 464//136 450//136 462//136
f 462//137 450//137 460//137
f 460//138 450//138 458//138
f 458//139 450//139 456//139
f 456//140 450//140 454//140
f 454//141 450//141 452//141
f 426//142 498//142 427//142
f 427//143 498//143 497//143
f 427//144 497//144 428//144
f 428//145 497//145 495//145
f 428//146 495//146 429//146
f 429//147 495//147 493//147
f 429//148 493//148 430//148
f 430//149 493//149 491//149
f 430//150 491//150 431//150
f 431//151 491//151 489//151
f 431//152 489//152 432//152
f 432//153 489//153 487//153
f 432//154 487//154 433//154
f 433//155 487//155 485//155
f 433//156 485//156 434//156
f 434//157 485//157 483//157
f 434//158 483//158 435//158
f 435//159 483//159 481//159
f 435//160 481//160 436//160
f 436//161 481//161 479//161
f 436//162 479//162 437//162
f 437//163 479//163 477//163
f 437//164 477//164 438//164
f 438//165 477//165 475//165
f 438//166 475//166 439//166
f 439//167 475//167 473//167
f 439//168 473//168 440//168
f 440//169 473//169 471//169
f 440//170 471//170 441//170
f 441//171 471//171 469//171
f 441//172 469//172 442//172
f 442//173 469//173 467//173
f 442//174 467//174 443//174
f 443//175 467//175 465//175
f 443//176 465//176 444//176
f 444//177 465//177 463//177
f 444//178 463//178 445//178
f 445//179 463//179 461//179
f 445//180 461//180 446//180
f 446//181 461//181 459//181
f 446//182 459//182 447//182
f 447//183 459//183 457//183
f 447//184 457//184 448//184
f 448//185 457//185 455//185
f 448//186 455//186 449//186
f 449//187 455//187 453//187
f 466//188 450//188 464//188
f 482//189 450//189 480//189
f 215//22 499//22 216//22
f 216//23 499//23 500//23
f 216//24 500//24 218//24
f 218//25 500//25 501//25
f 218//26 501//26 220//26
f 220//27 501//27 502//27
f 220//28 502//28 222//28
f 222//29 502//29 503//29
f 222//30 503//30 224//30
f 224//31 503//31 504//31
f 224//32 504//32 225//32
f 225//33 504//33 505//33
f 225//34 505//34 227//34
f 227//35 505//35 506//35
f 227//36 506//36 229//36
f 229//37 506//37 507//37
f 229//38 507//38 232//38
f 232//39 507//39 508//39
f 232//40 508//40 234//40
f 234//41 508//41 509//41
f 234//42 509//42 236//42
f 236//43 509//43 510//43
f 236//44 510//44 238//44
f 238//45 510//45 511//45
f 238//46 511//46 240//46
f 240//47 511//47 512//47
f 240//48 512//48 242//48
f 242//49 512//49 513//49
f 242//50 513//50 150//50
f 150//51 513//51 514//51
f 150//52 514//52 145//52
f 145//53 514//53 515//53
f 145//54 515//54 139//54
f 139//55 515//55 516//55
f 139//56 516//56 135//56
f 135//57 516//57 517//57
f 135//58 517//58 243//58
f 243//59 517//59 518//59
f 243//60 518//60 246//60
f 246//61 518//61 519//61
f 246//62 519//62 248//62
f 248//63 519//63 520//63
f 248//64 520//64 249//64
f 249//65 520//65 521//65
f 249//66 521//66 251//66
f 251//67 521//67 522//67
f 251//68 522//68 215//68
f 215//69 522//69 499//69
f 523//70 524//70 525//70
f 525//71 524//71 526//71
f 525//72 526//72 527//72
f 527//73 526//73 528//73
f 527//74 528//74 529//74
f 529//75 528//75 530//75
f 529//76 530//76 531//76
f 531//77 530//77 532//77
f 531//78 532//78 533//78
f 533//79 532//79 534//79
f 533//80 534//80 535//80
f 535//81 534//81 536//81
f 535//82 536//82 537//82
f 537//83 536//83 538//83
f 537//84 538//84 539//84
f 539//85 538//85 540//85
f 539//86 540//86 541//86
f 541//87 540//87 542//87
f 541//88 542//88 543//88
f 543//89 542//89 544//89
f 543//90 544//90 545//90
f 545//91 544//91 546//91
f 545//92 546//92 547//92
f 547//93 546//93 548//93
f 547//94 548//94 549//94
f 549//95 548//95 550//95
f 549//96 550//96 551//96
f 551//97 550//97 552//97
f 551//98 552//98 553//98
f 553//99 552//99 554//99
f 553//100 554//100 555//100
f 555//101 554//101 556//101
f 555//102 556//102 557//102
f 557//103 556//103 558//103
f 557//104 558//104 559//104
f 559//105 558//105 560//105
f 559//106 560//106 561//106
f 561//107 560//107 562//107
f 561//108 562//108 563//108
f 563//109 562//109 564//109
f 563//110 564//110 565//110
f 565//111 564//111 566//111
f 565//112 566//112 567//112
f 567//113 566//113 568//113
f 567//114 568//114 569//114
f 569//115 568//115 570//115
f 569//116 570//116 524//116
f 524//117 570//117 571//117
f 524//118 571//118 526//118
f 526//119 571//119 499//119
f 526//120 499//120 522//120
f 524//121 523//121 569//121
f 569//122 523//122 567//122
f 567//123 523//123 565//123
f 565//124 523//124 563//124
f 563//125 523//125 561//125
f 561//126 523//126 559//126
f 559//127 523//127 557//127
f 557//128 523//128 555//128
f 553//129 523//129 551//129
f 551//130 523//130 549//130
f 549//131 523//131 547//131
f 547//132 523//132 545//132
f 545//133 523//133 543//133
f 543//134 523//134 541//134
f 541//135 523//135 539//135
f 537//136 523//136 535//136
f 535//137 523//137 533//137
f 533//138 523//138 531//138
f 531//139 523//139 529//139
f 529//140 523//140 527//140
f 527//141 523//141 525//141
f 499//142 571//142 500//142
f 500//143 571//143 570//143
f 500//144 570//144 501//144
f 501//145 570//145 568//145
f 501//146 568//146 502//146
f 502//147 568//147 566//147
f 502//148 566//148 503//148
f 503//149 566//149 564//149
f 503//150 564//150 504//150
f 504//151 564//151 562//151
f 504//152 562//152 505//152
f 505//153 562//153 560//153
f 505//154 560//154 506//154
f 506//155 560//155 558//155
f 506//156 558//156 507//156
f 507//157 558//157 556//157
f 507//158 556//158 508//158
f 508//159 556//159 554//159
f 508//160 554//160 509//160
f 509//161 554//161 552//161
f 509//162 552//162 510//162
f 510//163 552//163 550//163
f 510//164 550//164 511//164
f 511//165 550//165 548//165
f 511//166 548//166 512//166
f 512//167 548//167 546//167
f 512//168 546//168 513//168
f 513//169 546//169 544//169
f 513//170 544//170 514//170
f 514//171 544//171 542//171
f 514//172 542//172 515//172
f 515//173 542//173 540//173
f 515//174 540//174 516//174
f 516//175 540//175 538//175
f 516//176 538//176 517//176
f 517//177 538//177 536//177
f 517//178 536//178 518//178
f 518//179 536//179 534//179
f 518//180 534//180 519//180
f 519//181 534//181 532//181
f 519//182 532//182 520//182
f 520//183 532//183 530//183
f 520//184 530//184 521//184
f 521//185 530//185 528//185
f 521//186 528//186 522//186
f 522//187 528//187 526//187
f 539//188 523//188 537//188
f 555//189 523//189 553//189
f 204//22 572//22 202//22
f 202//23 572//23 573//23
f 202//24 573//24 200//24
f 200//25 573//25 574//25
f 200//26 574//26 207//26
f 207//27 574//27 575//27
f 207//28 575//28 209//28
f 209//29 575//29 576//29
f 209//30 576//30 211//30
f 211//31 576//31 577//31
f 211//32 577//32 213//32
f 213//33 577//33 578//33
f 213//34 578//34 64//34
f 64//35 578//35 579//35
f 64//36 579//36 62//36
f 62//37 579//37 580//37
f 62//38 580//38 60//38
f 60//39 580//39 581//39
f 60//40 581//40 58//40
f 58//41 581//41 582//41
f 58//42 582//42 56//42
f 56//43 582//43 583//43
f 56//44 583//44 54//44
f 54//45 583//45 584//45
f 54//46 584//46 52//46
f 52//47 584//47 585//47
f 52//48 585//48 50//48
f 50//49 585//49 586//49
f 50//50 586//50 48//50
f 48//51 586//51 587//51
f 48//52 587//52 46//52
f 46//53 587//53 588//53
f 46//54 588//54 44//54
f 44//55 588//55 589//55
f 44//56 589//56 42//56
f 42//57 589//57 590//57
f 42//58 590//58 5//58
f 5//59 590//59 591//59
f 5//60 591//60 34//60
f 34//61 591//61 592//61
f 34//62 592//62 28//62
f 28//63 592//63 593//63
f 28//64 593//64 22//64
f 22//65 593//65 594//65
f 22//66 594//66 23//66
f 23//67 594//67 595//67
f 23//68 595//68 204//68
f 204//69 595//69 572//69
f 596//70 597//70 598//70
f 598//71 597//71 599//71
f 598//72 599//72 600//72
f 600//73 599//73 601//73
f 600//74 601//74 602//74
f 602//75 601//75 603//75
f 602//76 603//76 604//76
f 604//77 603//77 605//77
f 604//78 605//78 606//78
f 606//79 605//79 607//79
f 606//80 607//80 608//80
f 608//81 607//81 609//81
f 608//82 609//82 610//82
f 610//83 609//83 611//83
f 610//84 611//84 612//84
f 612//85 611//85 613//85
f 612//86 613//86 614//86
f 614//87 613//87 615//87
f 614//88 615//88 616//88
f 616//89 615//89 617//89
f 616//90 617//90 618//90
f 618//91 617//91 619//91
f 618//92 619//92 620//92
f 620//93 619//93 621//93
f 620//94 621//94 622//94
f 622//95 621//95 623//95
f 622//96 623//96 624//96
f 624//97 623//97 625//97
f 624//98 625//98 626//98
f 626//99 625//99 627//99
f 626//100 627//100 628//100
f 628//101 627//101 629//101
f 628//102 629//102 630//102
f 630//103 629//103 631//103
f 630//104 631//104 632//104
f 632//105 631//105 633//105
f 632//106 633//106 634//106
f 634//107 633//107 635//107
f 634//108 635//108 636//108
f 636//109 635//109 637//109
f 636//110 637//110 638//110
f 638//111 637//111 639//111
f 638//112 639//112 640//112
f 640//113 639//113 641//113
f 640//114 641//114 642//114
f 642//115 641//115 643//115
f 642//116 643//116 597//116
f 597//117 643//117 644//117
f 597//118 644//118 599//118
f 599//119 644//119 572//119
f 599//120 572//120 595//120
f 597//121 596//121 642//121
f 642//122 596//122 640//122
f 640//123 596//123 638//123
f 638//124 596//124 636//124
f 636//125 596//125 634//125
f 634//126 596//126 632//126
f 632//127 596//127 630//127
f 630//128 596//128 628//128
f 626//129 596//129 624//129
f 624//130 596//130 622//130
f 622//131 596//131 620//131
f 620//132 596//132 618//132
f 618//133 596//133 616//133
f 616//134 596//134 614//134
f 614//135 596//135 612//135
f 610//136 596//136 608//136
f 608//137 596//137 606//137
f 606//138 596//138 604//138
f 604//139 596//139 602//139
f 602//140 596//140 600//140
f 600//141 596//141 598//141
f 572//142 644//142 573//142
f 573//143 644//143 643//143
f 573//144 643//144 574//144
f 574//145 643//145 641//145
f 574//146 641//146 575//146
f 575//147 641//147 639//147
f 575//148 639//148 576//148
f 576//149 639//149 637//149
f 576//150 637//150 577//150
f 577//151 637//151 635//151
f 577//152 635//152 578//152
f 578//153 635//153 633//153
f 578//154 633//154 579//154
f 579//155 633//155 631//155
f 579//156 631//156 580//156
f 580//157 631//157 629//157
f 580//158 629//158 581//158
f 581//159 629//159 627//159
f 581//160 627//160 582//160
f 582//161 627//161 625//161
f 582//162 625//162 583//162
f 583//163 625//163 623//163
f 583//164 623//164 584//164
f 584//165 623//165 621//165
f 584//166 621//166 585//166
f 585//167 621//167 619//167
f 585//168 619//168 586//168
f 586//169 619//169 617//169
f 586//170 617//170 587//170
f 587//171 617//171 615//171
f 587//172 615//172 588//172
f 588//173 615//173 613//173
f 588//174 613//174 589//174
f 589//175 613//175 611//175
f 589//176 611//176 590//176
f 590//177 611//177 609//177
f 590//178 609//178 591//178
f 591//179 609//179 607//179
f 591//180 607//180 592//180
f 592//181 607//181 605//181
f 592//182 605//182 593//182
f 593//183 605//183 603//183
f 593//184 603//184 594//184
f 594//185 603//185 601//185
f 594//186 601//186 595//186
f 595//187 601//187 599//187
f 612//188 596//188 610//188
f 628//189 596//189 626//189
f 170//22 645//22 168//22
f 168//23 645//23 646//23
f 168//24 646//24 166//24
f 166//25 646//25 647//25
f 166//26 647//26 173//26
f 173//27 647//27 648//27
f 173//28 648//28 175//28
f 175//29 648//29 649//29
f 175//30 649//30 177//30
f 177//31 649//31 650//31
f 177//32 650//32 179//32
f 179//33 650//33 651//33
f 179//34 651//34 68//34
f 68//35 651//35 652//35
f 68//36 652//36 69//36
f 69//37 652//37 653//37
f 69//38 653//38 180//38
f 180//39 653//39 654//39
f 180//40 654//40 191//40
f 191//41 654//41 655//41
f 191//42 655//42 193//42
f 193//43 655//43 656//43
f 193//44 656//44 195//44
f 195//45 656//45 657//45
f 195//46 657//46 197//46
f 197//47 657//47 658//47
f 197//48 658//48 199//48
f 199//49 658//49 659//49
f 199//50 659//50 83//50
f 83//51 659//51 660//51
f 83//52 660//52 78//52
f 78//53 660//53 661//53
f 78//54 661//54 72//54
f 72//55 661//55 662//55
f 72//56 662//56 38//56
f 38//57 662//57 663//57
f 38//58 663//58 40//58
f 40//59 663//59 664//59
f 40//60 664//60 131//60
f 131//61 664//61 665//61
f 131//62 665//62 125//62
f 125//63 665//63 666//63
f 125//64 666//64 119//64
f 119//65 666//65 667//65
f 119//66 667//66 120//66
f 120//67 667//67 668//67
f 120//68 668//68 170//68
f 170//69 668//69 645//69
f 669//70 670//70 671//70
f 671//71 670//71 672//71
f 671//72 672//72 673//72
f 673//73 672//73 674//73
f 673//74 674//74 675//74
f 675//75 674//75 676//75
f 675//76 676//76 677//76
f 677//77 676//77 678//77
f 677//78 678//78 679//78
f 679//79 678//79 680//79
f 679//80 680//80 681//80
f 681//81 680//81 682//81
f 681//82 682//82 683//82
f 683//83 682//83 684//83
f 683//84 684//84 685//84
f 685//85 684//85 686//85
f 685//86 686//86 687//86
f 687//87 686//87 688//87
f 687//88 688//88 689//88
f 689//89 688//89 690//89
f 689//90 690//90 691//90
f 691//91 690//91 692//91
f 691//92 692//92 693//92
f 693//93 692//93 694//93
f 693//94 694//94 695//94
f 695//95 694//95 696//95
f 695//96 696//96 697//96
f 697//97 696//97 698//97
f 697//98 698//98 699//98
f 699//99 698//99 700//99
f 699//100 700//100 701//100
f 701//101 700//101 702//101
f 701//102 702//102 703//102
f 703//103 702//103 704//103
f 703//104 704//104 705//104
f 705//105 704//105 706//105
f 705//106 706//106 707//106
f 707//107 706//107 708//107
f 707//108 708//108 709//108
f 709//109 708//109 710//109
f 709//110 710//110 711//110
f 711//111 710//111 712//111
f 711//112 712//112 713//112
f 713//113 712//113 714//113
f 713//114 714//114 715//114
f 715//115 714//115 716//115
f 715//116 716//116 670//116
f 670//117 716//117 717//117
f 670//118 717//118 672//118
f 672//119 717//119 645//119
f 672//120 645//120 668//120
f 670//121 669//121 715//121
f 715//122 669//122 713//122
f 713//123 669//123 711//123
f 711//124 669//124 709//124
f 709//125 669//125 707//125
f 707//126 669//126 705//126
f 705//127 669//127 703//127
f 703//128 669//128 701//128
f 699//129 669//129 697//129
f 697//130 669//130 695//130
f 695//131 669//131 693//131
f 693//132 669//132 691//132
f 691//133 669//133 689//133
f 689//134 669//134 687//134
f 687//135 669//135 685//135
f 683//136 669//136 681//136
f 681//137 669//137 679//137
f 679//138 669//138 677//138
f 677//139 669//139 675//139
f 675//140 669//140 673//140
f 673//141 669//141 671//141
f 645//142 717//142 646//142
f 646//143 717//143 716//143
f 646//144 716//144 647//144
f 647//145 716//145 714//145
f 647//146 714//146 648//146
f 648//147 714//147 712//147
f 648//148 712//148 649//148
f 649//149 712//149 710//149
f 649//150 710//150 650//150
f 650//151 710//151 708//151
f 650//152 708//152 651//152
f 651//153 708//153 706//153
f 651//154 706//154 652//154
f 652//155 706//155 704//155
f 652//156 704//156 653//156
f 653//157 704//157 702//157
f 653//158 702//158 654//158
f 654//159 702//159 700//159
f 654//160 700//160 655//160
f 655//161 700//161 698//161
f 655//162 698//162 656//162
f 656//163 698//163 696//163
f 656//164 696//164 657//164
f 657//165 696//165 694//165
f 657//166 694//166 658//166
f 658//167 694//167 692//167
f 658//168 692//168 659//168
f 659//169 692//169 690//169
f 659//170 690//170 660//170
f 660//171 690//171 688//171
f 660//172 688//172 661//172
f 661//173 688//173 686//173
f 661//174 686//174 662//174
f 662//175 686//175 684//175
f 662//176 684//176 663//176
f 663//177 684//177 682//177
f 663//178 682//178 664//178
f 664//179 682//179 680//179
f 664//180 680//180 665//180
f 665//181 680//181 678//181
f 665//182 678//182 666//182
f 666//183 678//183 676//183
f 666//184 676//184 667//184
f 667//185 676//185 674//185
f 667//186 674//186 668//186
f 668//187 674//187 672//187
f 685//188 669//188 683//188
f 701//189 669//189 699//189
f 718//190 719//190 720//190
f 720//190 719//190 721//190
f 722//190 723//190 724//190
f 724//190 723//190 725//190
f 726//190 727//190 728//190
f 728//190 727//190 729//190
f 730//190 731//190 732//190
f 732//190 731//190 733//190
f 734//190 735//190 736//190
f 736//190 735//190 737//190
f 738//190 739//190 740//190
f 740//190 739//190 741//190
f 742//190 743//190 744//190
f 744//190 743//190 745//190
f 745//190 743//190 746//190
f 746//190 743//190 747//190
f 748//190 749//190 750//190
f 750//190 749//190 751//190
f 751//190 749//190 752//190
f 752//190 749//190 753//190
f 754//190 755//190 756//190
f 756//190 755//190 757//190
f 757//190 755//190 758//190
f 758//190 755//190 759//190
f 760//191 267//191 67//191
f 67//191 267//191 66//191
f 761//192 762//192 763//192
f 764//192 765//192 766//192
f 763//193 762//193 767//193
f 767//193 762//193 768//193
f 767//194 768//194 769//194
f 769//194 768//194 770//194
f 769//195 770//195 771//195
f 771//195 770//195 772//195
f 771//196 772//196 773//196
f 773//196 772//196 774//196
f 773//197 774//197 775//197
f 775//197 774//197 776//197
f 775//198 776//198 777//198
f 777//198 776//198 778//198
f 777//199 778//199 779//199
f 779//199 778//199 780//199
f 779//200 780//200 781//200
f 781//200 780//200 782//200
f 781//201 782//201 783//201
f 783//201 782//201 784//201
f 783//202 784//202 785//202
f 785//202 784//202 786//202
f 785//203 786//203 787//203
f 787//203 786//203 788//203
f 787//204 788//204 766//204
f 766//204 788//204 764//204
f 761//205 763//205 789//205
f 789//205 763//205 767//205
f 789//206 767//206 790//206
f 790//206 767//206 769//206
f 790//207 769//207 791//207
f 791//207 769//207 771//207
f 791//208 771//208 792//208
f 792//208 771//208 773//208
f 792//209 773//209 793//209
f 793//209 773//209 775//209
f 793//210 775//210 794//210
f 794//210 775//210 777//210
f 794//211 777//211 795//211
f 795//211 777//211 779//211
f 795//212 779//212 796//212
f 796//212 779//212 781//212
f 796//213 781//213 797//213
f 797//213 781//213 783//213
f 797//214 783//214 798//214
f 798//214 783//214 785//214
f 798//215 785//215 799//215
f 799//215 785//215 787//215
f 799//216 787//216 765//216
f 765//216 787//216 766//216
f 800//192 801//192 802//192
f 803//217 804//217 805//217
f 802//193 801//193 806//193
f 806//193 801//193 807//193
f 806//194 807//194 808//194
f 808//194 807//194 809//194
f 808//195 809//195 810//195
f 810//195 809//195 811//195
f 810//196 811//196 812//196
f 812//196 811//196 813//196
f 812//197 813//197 814//197
f 814//197 813//197 815//197
f 814//198 815//198 816//198
f 816//198 815//198 817//198
f 816//199 817//199 818//199
f 818//199 817//199 819//199
f 818//200 819//200 820//200
f 820//200 819//200 821//200
f 820//201 821//201 822//201
f 822//201 821//201 823//201
f 822//202 823//202 824//202
f 824//202 823//202 825//202
f 824//203 825//203 826//203
f 826//203 825//203 827//203
f 826//204 827//204 805//204
f 805//204 827//204 803//204
f 800//205 802//205 828//205
f 828//205 802//205 806//205
f 828//206 806//206 829//206
f 829//206 806//206 808//206
f 829//207 808//207 830//207
f 830//207 808//207 810//207
f 830//208 810//208 831//208
f 831//208 810//208 812//208
f 831//209 812//209 832//209
f 832//209 812//209 814//209
f 832//210 814//210 833//210
f 833//210 814//210 816//210
f 833//211 816//211 834//211
f 834//211 816//211 818//211
f 834//212 818//212 835//212
f 835//212 818//212 820//212
f 835//213 820//213 836//213
f 836//213 820//213 822//213
f 836//214 822//214 837//214
f 837//214 822//214 824//214
f 837//215 824//215 838//215
f 838//215 824//215 826//215
f 838//216 826//216 804//216
f 804//216 826//216 805//216
f 839//218 840//218 841//218
f 842//192 843//192 844//192
f 841//219 840//219 844//219
f 844//219 840//219 842//219
f 839//220 841//220 843//220
f 843//220 841//220 844//220
f 845//218 846//218 847//218
f 848//192 849//192 850//192
f 847//219 846//219 850//219
f 850//219 846//219 848//219
f 845//220 847//220 849//220
f 849//220 847//220 850//220
f 851//218 852//218 853//218
f 854//192 855//192 856//192
f 853//219 852//219 856//219
f 856//219 852//219 854//219
f 851//220 853//220 855//220
f 855//220 853//220 856//220
f 857//221 858//221 859//221
f 859//221 858//221 860//221
f 858//218 861//218 860//218
f 862//221 863//221 864//221
f 864//221 863//221 865//221
f 862//222 866//222 863//222
f 863//222 866//222 867//222
f 863//223 867//223 865//223
f 868//224 869//224 754//224
f 754//224 869//224 755//224
f 868//225 870//225 869//225
f 869//225 870//225 871//225
f 872//224 873//224 742//224
f 742//224 873//224 743//224
f 872//225 756//225 873//225
f 873//225 756//225 757//225
f 874//224 875//224 748//224
f 748//224 875//224 749//224
f 874//225 744//225 875//225
f 875//225 744//225 745//225
f 876//224 877//224 878//224
f 878//224 877//224 879//224
f 876//225 750//225 877//225
f 877//225 750//225 751//225
f 880//224 881//224 882//224
f 882//224 881//224 883//224
f 880//225 882//225 884//225
f 884//225 882//225 885//225
f 885//192 882//192 883//192
f 886//226 887//226 888//226
f 722//227 724//227 889//227
f 889//228 724//228 890//228
f 739//229 889//229 741//229
f 741//230 889//230 890//230
f 730//227 732//227 891//227
f 891//228 732//228 892//228
f 719//229 891//229 721//229
f 721//230 891//230 892//230
f 734//227 736//227 893//227
f 893//228 736//228 894//228
f 727//229 893//229 729//229
f 729//230 893//230 894//230
f 895//231 896//231 897//231
f 898//232 899//232 900//232
f 897//204 896//204 901//204
f 901//204 896//204 902//204
f 901//203 902//203 903//203
f 903//203 902//203 904//203
f 903//202 904//202 905//202
f 905//202 904//202 906//202
f 905//201 906//201 907//201
f 907//201 906//201 908//201
f 907//200 908//200 909//200
f 909//200 908//200 910//200
f 909//199 910//199 911//199
f 911//199 910//199 912//199
f 911//198 912//198 913//198
f 913//198 912//198 914//198
f 913//197 914//197 915//197
f 915//197 914//197 916//197
f 915//196 916//196 917//196
f 917//196 916//196 918//196
f 917//195 918//195 919//195
f 919//195 918//195 920//195
f 919//194 920//194 921//194
f 921//194 920//194 922//194
f 921//193 922//193 900//193
f 900//193 922//193 898//193
f 895//216 897//216 923//216
f 923//216 897//216 901//216
f 923//215 901//215 924//215
f 924//215 901//215 903//215
f 924//214 903//214 925//214
f 925//214 903//214 905//214
f 925//213 905//213 926//213
f 926//213 905//213 907//213
f 926//212 907//212 927//212
f 927//212 907//212 909//212
f 927//211 909//211 928//211
f 928//211 909//211 911//211
f 928//210 911//210 929//210
f 929//210 911//210 913//210
f 929//209 913//209 930//209
f 930//209 913//209 915//209
f 930//208 915//208 931//208
f 931//208 915//208 917//208
f 931//207 917//207 932//207
f 932//207 917//207 919//207
f 932//206 919//206 933//206
f 933//206 919//206 921//206
f 933//205 921//205 899//205
f 899//205 921//205 900//205
f 934//218 935//218 936//218
f 937//218 938//218 939//218
f 936//204 935//204 940//204
f 940//204 935//204 941//204
f 940//203 941//203 942//203
f 942//203 941//203 943//203
f 942//202 943//202 944//202
f 944//202 943//202 945//202
f 944//201 945//201 946//201
f 946//201 945//201 947//201
f 946//200 947//200 948//200
f 948//200 947//200 949//200
f 948//199 949//199 950//199
f 950//199 949//199 951//199
f 950//198 951//198 952//198
f 952//198 951//198 953//198
f 952//197 953//197 954//197
f 954//197 953//197 955//197
f 954//196 955//196 956//196
f 956//196 955//196 957//196
f 956//195 957//195 958//195
f 958//195 957//195 959//195
f 958//194 959//194 960//194
f 960//194 959//194 961//194
f 960//193 961//193 939//193
f 939//193 961//193 937//193
f 934//216 936//216 962//216
f 962//216 936//216 940//216
f 962//215 940//215 963//215
f 963//215 940//215 942//215
f 963//214 942//214 964//214
f 964//214 942//214 944//214
f 964//213 944//213 965//213
f 965//213 944//213 946//213
f 965//212 946//212 966//212
f 966//212 946//212 948//212
f 966//211 948//211 967//211
f 967//211 948//211 950//211
f 967//210 950//210 968//210
f 968//210 950//210 952//210
f 968//209 952//209 969//209
f 969//209 952//209 954//209
f 969//208 954//208 970//208
f 970//208 954//208 956//208
f 970//207 956//207 971//207
f 971//207 956//207 958//207
f 971//206 958//206 972//206
f 972//206 958//206 960//206
f 972//205 960//205 938//205
f 938//205 960//205 939//205
f 973//218 974//218 975//218
f 976//218 977//218 978//218
f 975//204 974//204 979//204
f 979//204 974//204 980//204
f 979//203 980//203 981//203
f 981//203 980//203 982//203
f 981//202 982//202 983//202
f 983//202 982//202 984//202
f 983//201 984//201 985//201
f 985//201 984//201 986//201
f 985//200 986//200 987//200
f 987//200 986//200 988//200
f 987//199 988//199 989//199
f 989//199 988//199 990//199
f 989//198 990//198 991//198
f 991//198 990//198 992//198
f 991//197 992//197 993//197
f 993//197 992//197 994//197
f 993//196 994//196 995//196
f 995//196 994//196 996//196
f 995//195 996//195 997//195
f 997//195 996//195 998//195
f 997//194 998//194 999//194
f 999//194 998//194 1000//194
f 999//193 1000//193 978//193
f 978//193 1000//193 976//193
f 973//216 975//216 1001//216
f 1001//216 975//216 979//216
f 1001//215 979//215 1002//215
f 1002//215 979//215 981//215
f 1002//214 981//214 1003//214
f 1003//214 981//214 983//214
f 1003//213 983//213 1004//213
f 1004//213 983//213 985//213
f 1004//212 985//212 1005//212
f 1005//212 985//212 987//212
f 1005//211 987//211 1006//211
f 1006//211 987//211 989//211
f 1006//210 989//210 1007//210
f 1007//210 989//210 991//210
f 1007//209 991//209 1008//209
f 1008//209 991//209 993//209
f 1008//208 993//208 1009//208
f 1009//208 993//208 995//208
f 1009//207 995//207 1010//207
f 1010//207 995//207 997//207
f 1010//206 997//206 1011//206
f 1011//206 997//206 999//206
f 1011//205 999//205 977//205
f 977//205 999//205 978//205
f 1012//227 1013//227 1014//227
f 1014//228 1013//228 1015//228
f 735//229 1014//229 737//229
f 737//230 1014//230 1015//230
f 726//227 728//227 1016//227
f 1016//228 728//228 1017//228
f 731//229 1016//229 733//229
f 733//230 1016//230 1017//230
f 718//227 720//227 1018//227
f 1018//228 720//228 1019//228
f 723//229 1018//229 725//229
f 725//230 1018//230 1019//230
f 738//227 740//227 1020//227
f 1020//228 740//228 1021//228
f 1022//229 1020//229 1023//229
f 1023//230 1020//230 1021//230
f 1024//225 1025//225 1026//225
f 1026//225 1025//225 1027//225
f 1027//233 1025//233 1028//233
f 1029//224 1030//224 1031//224
f 1031//224 1030//224 1032//224
f 1029//225 1031//225 1033//225
f 1033//225 1031//225 1034//225
f 1034//192 1031//192 1032//192
f 1035//221 1036//221 1037//221
f 1037//221 1036//221 1038//221
f 1035//222 1039//222 1036//222
f 1036//222 1039//222 1040//222
f 1036//223 1040//223 1038//223
f 1041//234 1042//234 1043//234
f 1044//218 1045//218 1046//218
f 1047//192 1048//192 1049//192
f 1046//219 1045//219 1049//219
f 1049//219 1045//219 1047//219
f 1044//220 1046//220 1048//220
f 1048//220 1046//220 1049//220
f 1050//218 1051//218 1052//218
f 1053//192 1054//192 1055//192
f 1052//219 1051//219 1055//219
f 1055//219 1051//219 1053//219
f 1050//220 1052//220 1054//220
f 1054//220 1052//220 1055//220
f 1056//218 1057//218 1058//218
f 1059//192 1060//192 1061//192
f 1058//219 1057//219 1061//219
f 1061//219 1057//219 1059//219
f 1056//220 1058//220 1060//220
f 1060//220 1058//220 1061//220
f 1062//192 1063//192 1064//192
f 1065//192 1066//192 1067//192
f 1064//193 1063//193 1068//193
f 1068//193 1063//193 1069//193
f 1068//194 1069//194 1070//194
f 1070//194 1069//194 1071//194
f 1070//195 1071//195 1072//195
f 1072//195 1071//195 1073//195
f 1072//196 1073//196 1074//196
f 1074//196 1073//196 1075//196
f 1074//197 1075//197 1076//197
f 1076//197 1075//197 1077//197
f 1076//198 1077//198 1078//198
f 1078//198 1077//198 1079//198
f 1078//199 1079//199 1080//199
f 1080//199 1079//199 1081//199
f 1080//200 1081//200 1082//200
f 1082//200 1081//200 1083//200
f 1082//201 1083//201 1084//201
f 1084//201 1083//201 1085//201
f 1084//202 1085//202 1086//202
f 1086//202 1085//202 1087//202
f 1086//203 1087//203 1088//203
f 1088//203 1087//203 1089//203
f 1088//204 1089//204 1067//204
f 1067//204 1089//204 1065//204
f 1062//205 1064//205 1090//205
f 1090//205 1064//205 1068//205
f 1090//206 1068//206 1091//206
f 1091//206 1068//206 1070//206
f 1091//207 1070//207 1092//207
f 1092//207 1070//207 1072//207
f 1092//208 1072//208 1093//208
f 1093//208 1072//208 1074//208
f 1093//209 1074//209 1094//209
f 1094//209 1074//209 1076//209
f 1094//210 1076//210 1095//210
f 1095//210 1076//210 1078//210
f 1095//211 1078//211 1096//211
f 1096//211 1078//211 1080//211
f 1096//212 1080//212 1097//212
f 1097//212 1080//212 1082//212
f 1097//213 1082//213 1098//213
f 1098//213 1082//213 1084//213
f 1098//214 1084//214 1099//214
f 1099//214 1084//214 1086//214
f 1099//215 1086//215 1100//215
f 1100//215 1086//215 1088//215
f 1100//216 1088//216 1066//216
f 1066//216 1088//216 1067//216
f 857//222 1101//222 858//222
f 858//222 1101//222 861//222
f 788//235 839//235 764//235
f 764//190 839//190 1057//190
f 764//190 1057//190 765//190
f 765//190 1057//190 1056//190
f 765//190 1056//190 1102//190
f 1102//190 1056//190 1060//190
f 1102//236 1060//236 867//236
f 867//237 1060//237 865//237
f 865//190 1060//190 1059//190
f 865//238 1059//238 1040//238
f 1040//239 1059//239 843//239
f 1040//240 843//240 842//240
f 839//241 788//241 1066//241
f 1066//242 788//242 786//242
f 1066//243 786//243 1100//243
f 1100//190 786//190 784//190
f 1100//190 784//190 1099//190
f 1099//190 784//190 782//190
f 1099//244 782//244 1098//244
f 1098//245 782//245 1097//245
f 1097//190 782//190 780//190
f 1097//246 780//246 1096//246
f 1096//247 780//247 778//247
f 1096//248 778//248 1095//248
f 1095//249 778//249 1094//249
f 1094//250 778//250 776//250
f 1094//251 776//251 1093//251
f 1093//252 776//252 774//252
f 1093//253 774//253 1092//253
f 1092//254 774//254 1091//254
f 1091//190 774//190 772//190
f 1091//190 772//190 1090//190
f 1090//190 772//190 770//190
f 1090//190 770//190 1062//190
f 1062//190 770//190 768//190
f 1062//255 768//255 762//255
f 761//256 852//256 762//256
f 762//256 852//256 851//256
f 762//257 851//257 1062//257
f 1062//257 851//257 1045//257
f 1062//256 1045//256 1063//256
f 1063//256 1045//256 1044//256
f 1063//257 1044//257 846//257
f 846//257 1044//257 1048//257
f 846//257 1048//257 848//257
f 848//258 1048//258 1042//258
f 848//259 1042//259 860//259
f 860//260 1042//260 859//260
f 859//261 1042//261 1103//261
f 789//190 1104//190 761//190
f 761//190 1104//190 1105//190
f 761//190 1105//190 852//190
f 852//190 1105//190 854//190
f 854//190 1105//190 1106//190
f 854//262 1106//262 855//262
f 855//263 1106//263 1043//263
f 855//264 1043//264 1047//264
f 1047//265 1043//265 1048//265
f 1048//266 1043//266 1042//266
f 1104//190 789//190 1107//190
f 1107//190 789//190 790//190
f 1107//190 790//190 1108//190
f 1108//190 790//190 791//190
f 1108//267 791//267 1109//267
f 1109//268 791//268 792//268
f 1109//269 792//269 1110//269
f 1110//270 792//270 793//270
f 1110//190 793//190 1111//190
f 1111//190 793//190 794//190
f 1111//271 794//271 795//271
f 1111//272 795//272 1112//272
f 1112//273 795//273 796//273
f 1112//274 796//274 1113//274
f 1113//275 796//275 797//275
f 1113//276 797//276 1114//276
f 1114//190 797//190 798//190
f 1114//277 798//277 1115//277
f 1115//278 798//278 799//278
f 1115//279 799//279 1116//279
f 1116//280 799//280 765//280
f 1116//281 765//281 1102//281
f 827//282 825//282 803//282
f 803//190 825//190 1051//190
f 803//256 1051//256 804//256
f 804//256 1051//256 1050//256
f 804//283 1050//283 1085//283
f 1085//284 1050//284 1087//284
f 1087//285 1050//285 1065//285
f 1087//286 1065//286 1089//286
f 825//287 823//287 1051//287
f 1051//288 823//288 821//288
f 1051//289 821//289 819//289
f 819//290 817//290 1051//290
f 1051//291 817//291 845//291
f 1051//292 845//292 849//292
f 817//293 815//293 845//293
f 845//294 815//294 813//294
f 845//295 813//295 811//295
f 811//296 809//296 845//296
f 845//297 809//297 801//297
f 845//256 801//256 846//256
f 846//256 801//256 800//256
f 846//190 800//190 1073//190
f 1073//298 800//298 1075//298
f 1075//299 800//299 828//299
f 1075//300 828//300 829//300
f 809//301 807//301 801//301
f 829//302 830//302 1075//302
f 1075//303 830//303 1077//303
f 1077//190 830//190 831//190
f 1077//190 831//190 832//190
f 1077//304 832//304 1079//304
f 1079//305 832//305 833//305
f 1079//306 833//306 834//306
f 1079//307 834//307 1081//307
f 1081//190 834//190 835//190
f 1081//190 835//190 836//190
f 1081//308 836//308 1083//308
f 1083//309 836//309 837//309
f 1083//190 837//190 838//190
f 838//310 804//310 1083//310
f 1083//311 804//311 1085//311
f 840//257 1054//257 842//257
f 842//312 1054//312 1038//312
f 842//313 1038//313 1040//313
f 839//256 1066//256 840//256
f 840//256 1066//256 1065//256
f 840//257 1065//257 1050//257
f 839//190 843//190 1057//190
f 1057//190 843//190 1059//190
f 848//314 860//314 849//314
f 849//315 860//315 861//315
f 849//316 861//316 1053//316
f 1053//317 861//317 1054//317
f 1054//190 861//190 1038//190
f 851//257 855//257 1045//257
f 1045//257 855//257 1047//257
f 1053//292 1051//292 849//292
f 1050//257 1054//257 840//257
f 1073//190 1071//190 846//190
f 846//318 1071//318 1063//318
f 1071//319 1069//319 1063//319
f 1117//261 886//261 1118//261
f 1118//320 886//320 1028//320
f 1028//321 886//321 1022//321
f 1028//322 1022//322 1027//322
f 1027//190 1022//190 1023//190
f 1027//190 1023//190 883//190
f 883//323 1023//323 885//323
f 885//324 1023//324 1032//324
f 885//325 1032//325 1030//325
f 886//326 888//326 1022//326
f 1022//190 888//190 1119//190
f 1032//327 1023//327 1034//327
f 1034//328 1023//328 878//328
f 1034//329 878//329 879//329
f 1120//330 867//330 879//330
f 879//331 867//331 866//331
f 879//332 866//332 1033//332
f 1120//328 1102//328 867//328
f 1101//190 1037//190 861//190
f 861//190 1037//190 1038//190
f 1039//333 864//333 1040//333
f 1040//334 864//334 865//334
f 1033//335 1034//335 879//335
f 1030//333 884//333 885//333
f 883//190 881//190 1027//190
f 1027//190 881//190 1026//190
f 1121//222 1103//222 1041//222
f 1041//222 1103//222 1042//222
f 1121//221 1041//221 1106//221
f 1106//221 1041//221 1043//221
f 1122//221 1120//221 877//221
f 877//221 1120//221 879//221
f 1122//222 877//222 752//222
f 752//222 877//222 751//222
f 1123//221 753//221 875//221
f 875//221 753//221 749//221
f 1123//222 875//222 746//222
f 746//222 875//222 745//222
f 1124//224 1119//224 887//224
f 887//224 1119//224 888//224
f 1125//221 747//221 873//221
f 873//221 747//221 743//221
f 1124//225 887//225 1117//225
f 1117//225 887//225 886//225
f 1125//222 873//222 758//222
f 758//222 873//222 757//222
f 1024//224 1118//224 1025//224
f 1025//224 1118//224 1028//224
f 1126//221 759//221 869//221
f 869//221 759//221 755//221
f 1126//222 869//222 1127//222
f 1127//222 869//222 871//222
f 870//190 1127//190 871//190
f 922//336 1009//336 898//336
f 898//337 1009//337 1010//337
f 898//338 1010//338 1011//338
f 1009//190 922//190 1008//190
f 1008//190 922//190 920//190
f 1008//339 920//339 918//339
f 1008//340 918//340 1007//340
f 1007//341 918//341 916//341
f 1007//342 916//342 914//342
f 1007//343 914//343 1006//343
f 1006//344 914//344 912//344
f 1006//345 912//345 910//345
f 1006//346 910//346 1005//346
f 1005//190 910//190 908//190
f 1005//190 908//190 906//190
f 1005//347 906//347 1004//347
f 1004//348 906//348 904//348
f 1004//349 904//349 902//349
f 1004//350 902//350 1003//350
f 1003//190 902//190 896//190
f 1003//190 896//190 1002//190
f 1002//190 896//190 1001//190
f 1001//351 896//351 973//351
f 973//352 896//352 1012//352
f 973//353 1012//353 974//353
f 974//354 1012//354 934//354
f 974//355 934//355 962//355
f 896//356 895//356 1012//356
f 1012//357 895//357 1013//357
f 1013//358 895//358 899//358
f 1013//359 899//359 898//359
f 923//360 924//360 895//360
f 895//361 924//361 925//361
f 895//362 925//362 926//362
f 926//363 927//363 895//363
f 895//364 927//364 928//364
f 895//365 928//365 899//365
f 899//366 928//366 929//366
f 899//367 929//367 930//367
f 930//368 931//368 899//368
f 899//369 931//369 932//369
f 899//370 932//370 933//370
f 961//371 1128//371 937//371
f 937//372 1128//372 1129//372
f 937//190 1129//190 1013//190
f 1128//373 961//373 1130//373
f 1130//374 961//374 959//374
f 1130//375 959//375 1131//375
f 1131//190 959//190 957//190
f 1131//267 957//267 1132//267
f 1132//268 957//268 955//268
f 1132//376 955//376 1133//376
f 1133//377 955//377 953//377
f 1133//378 953//378 1134//378
f 1134//271 953//271 951//271
f 1134//190 951//190 949//190
f 1134//190 949//190 1135//190
f 1135//379 949//379 947//379
f 1135//380 947//380 1136//380
f 1136//275 947//275 945//275
f 1136//276 945//276 1137//276
f 1137//190 945//190 943//190
f 1137//190 943//190 1138//190
f 1138//190 943//190 941//190
f 1138//190 941//190 1139//190
f 1139//190 941//190 935//190
f 1139//190 935//190 1140//190
f 1140//190 935//190 1012//190
f 1012//381 935//381 934//381
f 962//190 963//190 974//190
f 974//190 963//190 980//190
f 980//190 963//190 964//190
f 980//190 964//190 982//190
f 982//190 964//190 965//190
f 982//244 965//244 984//244
f 984//245 965//245 986//245
f 986//382 965//382 966//382
f 986//383 966//383 988//383
f 988//384 966//384 967//384
f 988//249 967//249 990//249
f 990//248 967//248 992//248
f 992//385 967//385 968//385
f 992//386 968//386 994//386
f 994//190 968//190 969//190
f 994//253 969//253 996//253
f 996//254 969//254 998//254
f 998//190 969//190 970//190
f 998//190 970//190 1000//190
f 1000//190 970//190 971//190
f 1000//387 971//387 976//387
f 976//388 971//388 972//388
f 976//389 972//389 938//389
f 976//190 938//190 1013//190
f 1013//190 938//190 937//190
f 1011//390 977//390 898//390
f 898//391 977//391 1013//391
f 977//392 976//392 1013//392
f 7//393 1141//393 100//393
f 100//394 1141//394 1142//394
f 100//395 1142//395 101//395
f 101//396 1142//396 1143//396
f 101//397 1143//397 264//397
f 264//397 1143//397 1144//397
f 264//398 1144//398 262//398
f 262//398 1144//398 1145//398
f 262//399 1145//399 260//399
f 260//400 1145//400 1146//400
f 260//401 1146//401 257//401
f 257//402 1146//402 1147//402
f 257//403 1147//403 255//403
f 255//404 1147//404 1148//404
f 255//405 1148//405 253//405
f 253//406 1148//406 1149//406
f 253//407 1149//407 187//407
f 187//408 1149//408 1150//408
f 187//409 1150//409 185//409
f 185//410 1150//410 1151//410
f 185//411 1151//411 184//411
f 184//411 1151//411 1152//411
f 184//412 1152//412 67//412
f 67//412 1152//412 760//412
f 1153//413 1154//413 1155//413
f 1155//414 1154//414 1156//414
f 1155//415 1156//415 279//415
f 279//416 1156//416 1157//416
f 279//417 1157//417 1158//417
f 1154//418 1153//418 1159//418
f 1159//419 1153//419 1160//419
f 1159//415 1160//415 1161//415
f 1161//420 1160//420 1162//420
f 1161//421 1162//421 1163//421
f 1163//422 1162//422 1164//422
f 1163//423 1164//423 1165//423
f 1165//424 1164//424 1166//424
f 1165//425 1166//425 1167//425
f 1167//426 1166//426 1168//426
f 1167//427 1168//427 1169//427
f 1169//428 1168//428 1170//428
f 1169//429 1170//429 1171//429
f 1171//430 1170//430 1172//430
f 1171//431 1172//431 1173//431
f 1173//432 1172//432 1174//432
f 1173//433 1174//433 1175//433
f 1175//434 1174//434 1176//434
f 1175//415 1176//415 1177//415
f 1177//415 1176//415 1178//415
f 1177//415 1178//415 1179//415
f 1179//435 1178//435 1180//435
f 1179//436 1180//436 1181//436
f 1181//415 1180//415 1182//415
f 1181//437 1182//437 1183//437
f 1183//438 1182//438 1184//438
f 1183//415 1184//415 1185//415
f 1185//415 1184//415 1186//415
f 1185//415 1186//415 1187//415
f 1187//415 1186//415 1188//415
f 1187//415 1188//415 6//415
f 6//415 1188//415 1189//415
f 6//415 1189//415 7//415
f 7//415 1189//415 1190//415
f 7//415 1190//415 1191//415
f 1189//415 1188//415 1192//415
f 1192//415 1188//415 1193//415
f 1192//439 1193//439 1194//439
f 1194//440 1193//440 1195//440
f 1194//441 1195//441 1196//441
f 1196//442 1195//442 1197//442
f 1196//443 1197//443 1198//443
f 1198//444 1197//444 1199//444
f 1198//445 1199//445 1200//445
f 1200//446 1199//446 1201//446
f 1200//447 1201//447 1202//447
f 1202//415 1201//415 1203//415
f 1202//448 1203//448 1204//448
f 1204//449 1203//449 1205//449
f 1204//450 1205//450 1206//450
f 1206//451 1205//451 1207//451
f 1206//452 1207//452 1208//452
f 1208//415 1207//415 1209//415
f 1208//453 1209//453 1210//453
f 1210//454 1209//454 1211//454
f 1210//455 1211//455 1212//455
f 1212//456 1211//456 1213//456
f 1212//457 1213//457 1214//457
f 1214//458 1213//458 1215//458
f 1214//459 1215//459 1216//459
f 1216//415 1215//415 1217//415
f 1216//415 1217//415 1218//415
f 1218//415 1217//415 1219//415
f 1218//460 1219//460 1220//460
f 1220//461 1219//461 1221//461
f 1220//462 1221//462 1222//462
f 1222//463 1221//463 1155//463
f 1222//464 1155//464 1141//464
f 1141//415 1155//415 279//415
f 1223//465 1224//465 1225//465
f 1225//466 1224//466 1222//466
f 1225//467 1222//467 1141//467
f 1224//468 1223//468 1226//468
f 1226//469 1223//469 1227//469
f 1226//415 1227//415 1228//415
f 1228//415 1227//415 1229//415
f 1228//415 1229//415 1230//415
f 1230//470 1229//470 1231//470
f 1230//471 1231//471 1232//471
f 1232//472 1231//472 1233//472
f 1232//415 1233//415 1234//415
f 1234//473 1233//473 1235//473
f 1234//474 1235//474 1236//474
f 1236//475 1235//475 1237//475
f 1236//476 1237//476 1238//476
f 1238//476 1237//476 1239//476
f 1238//415 1239//415 1240//415
f 1240//415 1239//415 1241//415
f 1240//477 1241//477 1242//477
f 1242//478 1241//478 1243//478
f 1242//479 1243//479 1244//479
f 1244//480 1243//480 1245//480
f 1244//415 1245//415 1246//415
f 1246//481 1245//481 1247//481
f 1246//482 1247//482 1248//482
f 1248//483 1247//483 1249//483
f 1248//484 1249//484 1250//484
f 1250//415 1249//415 1251//415
f 1250//485 1251//485 1252//485
f 1252//485 1251//485 1253//485
f 1252//415 1253//415 1189//415
f 1189//415 1253//415 1190//415
f 1191//486 1254//486 7//486
f 7//487 1254//487 1255//487
f 7//488 1255//488 1256//488
f 1256//489 1257//489 7//489
f 7//490 1257//490 1258//490
f 7//491 1258//491 1259//491
f 7//492 1259//492 1141//492
f 1141//493 1259//493 1260//493
f 1141//494 1260//494 1261//494
f 1261//415 1262//415 1141//415
f 1141//415 1262//415 1263//415
f 1141//415 1263//415 1264//415
f 1264//415 1265//415 1141//415
f 1141//415 1265//415 1266//415
f 1141//415 1266//415 1267//415
f 1267//495 1225//495 1141//495
f 1158//496 1268//496 279//496
f 279//497 1268//497 1269//497
f 279//415 1269//415 1270//415
f 1270//415 1271//415 279//415
f 279//498 1271//498 1272//498
f 279//499 1272//499 1273//499
f 1273//500 1274//500 279//500
f 279//501 1274//501 6//501
f 6//502 1274//502 1275//502
f 6//415 1275//415 1276//415
f 1276//503 1277//503 6//503
f 6//504 1277//504 1278//504
f 6//505 1278//505 1279//505
f 1279//415 1280//415 6//415
f 6//415 1280//415 1187//415
f 267//506 1105//506 268//506
f 268//506 1105//506 1104//506
f 268//507 1104//507 269//507
f 269//507 1104//507 1107//507
f 269//508 1107//508 270//508
f 270//508 1107//508 1108//508
f 270//509 1108//509 271//509
f 271//509 1108//509 1109//509
f 271//510 1109//510 272//510
f 272//510 1109//510 1110//510
f 272//511 1110//511 273//511
f 273//511 1110//511 1111//511
f 273//512 1111//512 274//512
f 274//512 1111//512 1112//512
f 274//513 1112//513 275//513
f 275//513 1112//513 1113//513
f 275//514 1113//514 276//514
f 276//514 1113//514 1114//514
f 276//515 1114//515 277//515
f 277//515 1114//515 1115//515
f 277//516 1115//516 278//516
f 278//516 1115//516 1116//516
f 278//517 1116//517 279//517
f 279//517 1116//517 1102//517
f 1013//518 1129//518 1015//518
f 1015//519 1129//519 1141//519
f 1015//518 1141//518 894//518
f 894//518 1141//518 1017//518
f 894//518 1017//518 729//518
f 729//518 1017//518 728//518
f 279//518 868//518 1141//518
f 1141//520 868//520 872//520
f 1141//518 872//518 874//518
f 874//518 872//518 744//518
f 744//518 872//518 742//518
f 1102//521 1122//521 279//521
f 279//518 1122//518 1123//518
f 279//518 1123//518 1125//518
f 1125//518 1123//518 746//518
f 1125//518 746//518 747//518
f 1102//518 1120//518 1122//518
f 1122//518 752//518 1123//518
f 1123//518 752//518 753//518
f 279//522 1125//522 1126//522
f 1126//522 1125//522 758//522
f 1126//518 758//518 759//518
f 1127//518 870//518 1126//518
f 1126//518 870//518 868//518
f 1126//518 868//518 279//518
f 754//518 756//518 868//518
f 868//523 756//523 872//523
f 748//518 750//518 874//518
f 874//518 750//518 876//518
f 874//518 876//518 1141//518
f 1141//524 876//524 1021//524
f 1141//518 1021//518 890//518
f 890//518 1021//518 741//518
f 741//518 1021//518 740//518
f 878//518 1023//518 876//518
f 876//525 1023//525 1021//525
f 724//518 725//518 890//518
f 890//518 725//518 1019//518
f 890//518 1019//518 1141//518
f 1141//518 1019//518 892//518
f 1141//518 892//518 1017//518
f 1017//518 892//518 733//518
f 733//518 892//518 732//518
f 720//518 721//518 1019//518
f 1019//518 721//518 892//518
f 736//518 737//518 894//518
f 894//518 737//518 1015//518
f 1141//526 1129//526 1142//526
f 1142//526 1129//526 1128//526
f 1142//527 1128//527 1143//527
f 1143//527 1128//527 1130//527
f 1143//528 1130//528 1144//528
f 1144//528 1130//528 1131//528
f 1144//529 1131//529 1145//529
f 1145//529 1131//529 1132//529
f 1145//530 1132//530 1146//530
f 1146//530 1132//530 1133//530
f 1146//531 1133//531 1147//531
f 1147//531 1133//531 1134//531
f 1147//532 1134//532 1148//532
f 1148//532 1134//532 1135//532
f 1148//533 1135//533 1149//533
f 1149//533 1135//533 1136//533
f 1149//534 1136//534 1150//534
f 1150//534 1136//534 1137//534
f 1150//535 1137//535 1151//535
f 1151//535 1137//535 1138//535
f 1151//536 1138//536 1152//536
f 1152//536 1138//536 1139//536
f 1152//537 1139//537 760//537
f 760//537 1139//537 1140//537
f 1012//538 1014//538 1140//538
f 1140//539 1014//539 760//539
f 760//538 1014//538 893//538
f 760//538 893//538 1016//538
f 1016//538 893//538 726//538
f 726//538 893//538 727//538
f 735//538 734//538 1014//538
f 1014//538 734//538 893//538
f 731//538 730//538 1016//538
f 1016//538 730//538 891//538
f 1016//538 891//538 760//538
f 760//538 891//538 1018//538
f 760//538 1018//538 889//538
f 889//538 1018//538 722//538
f 722//538 1018//538 723//538
f 719//538 718//538 891//538
f 891//538 718//538 1018//538
f 739//538 738//538 889//538
f 889//538 738//538 1020//538
f 889//538 1020//538 760//538
f 760//540 1020//540 1124//540
f 760//541 1124//541 1024//541
f 1024//541 1124//541 1118//541
f 1118//538 1124//538 1117//538
f 1022//538 1119//538 1020//538
f 1020//542 1119//542 1124//542
f 1026//538 881//538 1024//538
f 1024//543 881//543 880//543
f 1024//544 880//544 760//544
f 760//545 880//545 1029//545
f 760//538 1029//538 862//538
f 862//538 1029//538 866//538
f 866//538 1029//538 1033//538
f 884//538 1030//538 880//538
f 880//546 1030//546 1029//546
f 864//547 1035//547 862//547
f 862//547 1035//547 267//547
f 862//538 267//538 760//538
f 864//538 1039//538 1035//538
f 267//541 1035//541 857//541
f 857//541 1035//541 1037//541
f 857//538 1037//538 1101//538
f 267//544 857//544 1121//544
f 1121//544 857//544 859//544
f 1121//538 859//538 1103//538
f 1106//538 1105//538 1121//538
f 1121//548 1105//548 267//548
f 1154//549 1281//549 1156//549
f 1156//550 1281//550 1282//550
f 1156//551 1282//551 1157//551
f 1157//552 1282//552 1158//552
f 1158//553 1282//553 1283//553
f 1158//554 1283//554 1268//554
f 1268//555 1283//555 1284//555
f 1268//556 1284//556 1269//556
f 1269//557 1284//557 1285//557
f 1269//558 1285//558 1270//558
f 1270//559 1285//559 1271//559
f 1271//560 1285//560 1286//560
f 1271//561 1286//561 1272//561
f 1272//562 1286//562 1287//562
f 1272//563 1287//563 1273//563
f 1273//564 1287//564 1288//564
f 1273//565 1288//565 1274//565
f 1274//566 1288//566 1275//566
f 1275//567 1288//567 1289//567
f 1275//568 1289//568 1276//568
f 1276//569 1289//569 1290//569
f 1276//570 1290//570 1277//570
f 1277//571 1290//571 1291//571
f 1277//572 1291//572 1278//572
f 1278//573 1291//573 1292//573
f 1278//574 1292//574 1279//574
f 1279//575 1292//575 1280//575
f 1280//576 1292//576 1293//576
f 1280//577 1293//577 1187//577
f 1187//578 1293//578 1294//578
f 1187//579 1294//579 1185//579
f 1185//580 1294//580 1295//580
f 1185//581 1295//581 1183//581
f 1183//582 1295//582 1181//582
f 1181//583 1295//583 1296//583
f 1181//584 1296//584 1179//584
f 1179//585 1296//585 1297//585
f 1179//586 1297//586 1177//586
f 1177//587 1297//587 1175//587
f 1175//588 1297//588 1298//588
f 1175//589 1298//589 1173//589
f 1173//590 1298//590 1299//590
f 1173//591 1299//591 1171//591
f 1171//592 1299//592 1300//592
f 1171//593 1300//593 1169//593
f 1169//594 1300//594 1167//594
f 1167//595 1300//595 1301//595
f 1167//596 1301//596 1165//596
f 1165//597 1301//597 1302//597
f 1165//598 1302//598 1163//598
f 1163//599 1302//599 1303//599
f 1163//600 1303//600 1161//600
f 1161//601 1303//601 1159//601
f 1159//602 1303//602 1304//602
f 1159//603 1304//603 1154//603
f 1154//604 1304//604 1281//604
f 165//605 1305//605 136//605
f 136//606 1305//606 1306//606
f 136//607 1306//607 134//607
f 134//608 1306//608 1307//608
f 134//609 1307//609 1308//609
f 1308//610 1307//610 1309//610
f 1308//611 1309//611 1310//611
f 1310//612 1309//612 1311//612
f 1310//613 1311//613 1312//613
f 1312//614 1311//614 1313//614
f 1312//615 1313//615 1314//615
f 1314//616 1313//616 1289//616
f 1314//617 1289//617 1288//617
f 1305//618 165//618 1315//618
f 1315//619 165//619 164//619
f 1315//620 164//620 1316//620
f 1316//621 164//621 162//621
f 1316//622 162//622 1317//622
f 1317//623 162//623 161//623
f 1317//624 161//624 1318//624
f 1318//625 161//625 160//625
f 1318//626 160//626 1319//626
f 1319//627 160//627 159//627
f 1319//628 159//628 1320//628
f 1320//629 159//629 158//629
f 1320//630 158//630 1321//630
f 1321//631 158//631 156//631
f 1321//632 156//632 1322//632
f 1322//633 156//633 155//633
f 1322//634 155//634 154//634
f 1322//635 154//635 1323//635
f 1323//636 154//636 153//636
f 1323//637 153//637 1324//637
f 1324//638 153//638 149//638
f 1324//639 149//639 1325//639
f 1325//640 149//640 148//640
f 1325//641 148//641 1326//641
f 1326//642 148//642 147//642
f 1326//643 147//643 1327//643
f 1327//644 147//644 146//644
f 1327//645 146//645 1328//645
f 1328//646 146//646 144//646
f 1328//647 144//647 1329//647
f 1329//648 144//648 143//648
f 1329//649 143//649 1330//649
f 1330//650 143//650 142//650
f 1330//651 142//651 1331//651
f 1331//652 142//652 141//652
f 1331//653 141//653 1332//653
f 1332//654 141//654 140//654
f 1332//655 140//655 1333//655
f 1333//656 140//656 138//656
f 1333//657 138//657 1334//657
f 1334//658 138//658 137//658
f 1334//659 137//659 1308//659
f 1308//660 137//660 134//660
f 1306//661 1335//661 1336//661
f 1336//662 1335//662 1337//662
f 1336//663 1337//663 1338//663
f 1338//664 1337//664 1339//664
f 1338//665 1339//665 1340//665
f 1340//666 1339//666 1291//666
f 1340//667 1291//667 1290//667
f 1335//668 1306//668 1305//668
f 1335//669 1341//669 1337//669
f 1337//670 1341//670 1342//670
f 1337//671 1342//671 1339//671
f 1339//672 1342//672 1293//672
f 1339//673 1293//673 1292//673
f 1293//674 1342//674 1343//674
f 1343//675 1342//675 1341//675
f 1343//676 1341//676 1344//676
f 1344//677 1341//677 1345//677
f 1344//678 1345//678 1346//678
f 1346//679 1345//679 1347//679
f 1346//680 1347//680 1348//680
f 1348//681 1347//681 1316//681
f 1348//682 1316//682 1317//682
f 1341//683 1335//683 1349//683
f 1349//684 1335//684 1305//684
f 1349//685 1305//685 1315//685
f 1293//686 1343//686 1294//686
f 1294//687 1343//687 1344//687
f 1294//688 1344//688 1295//688
f 1295//689 1344//689 1350//689
f 1295//690 1350//690 1296//690
f 1296//691 1350//691 1351//691
f 1296//692 1351//692 1297//692
f 1297//693 1351//693 1352//693
f 1297//694 1352//694 1298//694
f 1298//695 1352//695 1353//695
f 1298//696 1353//696 1299//696
f 1299//697 1353//697 1354//697
f 1299//698 1354//698 1300//698
f 1300//699 1354//699 1355//699
f 1300//700 1355//700 1301//700
f 1301//701 1355//701 1356//701
f 1301//702 1356//702 1302//702
f 1302//703 1356//703 1357//703
f 1302//704 1357//704 1303//704
f 1303//705 1357//705 1358//705
f 1303//706 1358//706 1304//706
f 1304//707 1358//707 1359//707
f 1304//708 1359//708 1281//708
f 1281//709 1359//709 1360//709
f 1281//710 1360//710 1282//710
f 1282//711 1360//711 1361//711
f 1282//712 1361//712 1283//712
f 1283//713 1361//713 1362//713
f 1283//714 1362//714 1284//714
f 1284//715 1362//715 1363//715
f 1284//716 1363//716 1285//716
f 1285//717 1363//717 1364//717
f 1285//718 1364//718 1286//718
f 1286//719 1364//719 1365//719
f 1286//720 1365//720 1287//720
f 1287//721 1365//721 1366//721
f 1287//722 1366//722 1288//722
f 1288//723 1366//723 1314//723
f 1307//724 1306//724 1336//724
f 1345//725 1341//725 1349//725
f 1340//726 1290//726 1313//726
f 1313//727 1290//727 1289//727
f 1339//728 1292//728 1291//728
f 1309//729 1307//729 1336//729
f 1308//730 1310//730 1334//730
f 1334//731 1310//731 1367//731
f 1334//732 1367//732 1333//732
f 1333//733 1367//733 1368//733
f 1333//734 1368//734 1332//734
f 1332//735 1368//735 1369//735
f 1332//736 1369//736 1331//736
f 1331//737 1369//737 1370//737
f 1331//738 1370//738 1330//738
f 1330//739 1370//739 1371//739
f 1330//740 1371//740 1329//740
f 1329//741 1371//741 1372//741
f 1329//742 1372//742 1328//742
f 1328//743 1372//743 1373//743
f 1328//744 1373//744 1327//744
f 1327//745 1373//745 1374//745
f 1327//746 1374//746 1326//746
f 1326//747 1374//747 1375//747
f 1326//748 1375//748 1325//748
f 1325//749 1375//749 1376//749
f 1325//750 1376//750 1324//750
f 1324//751 1376//751 1377//751
f 1324//752 1377//752 1323//752
f 1323//753 1377//753 1378//753
f 1323//754 1378//754 1322//754
f 1322//755 1378//755 1379//755
f 1322//756 1379//756 1321//756
f 1321//757 1379//757 1380//757
f 1321//758 1380//758 1320//758
f 1320//759 1380//759 1381//759
f 1320//760 1381//760 1319//760
f 1319//761 1381//761 1382//761
f 1319//762 1382//762 1318//762
f 1318//763 1382//763 1383//763
f 1318//764 1383//764 1317//764
f 1317//765 1383//765 1348//765
f 1349//766 1315//766 1347//766
f 1347//767 1315//767 1316//767
f 1311//768 1309//768 1338//768
f 1338//769 1309//769 1336//769
f 1310//770 1312//770 1367//770
f 1367//771 1312//771 1384//771
f 1367//772 1384//772 1368//772
f 1368//773 1384//773 1385//773
f 1368//774 1385//774 1369//774
f 1369//775 1385//775 1386//775
f 1369//776 1386//776 1370//776
f 1370//777 1386//777 1387//777
f 1370//778 1387//778 1371//778
f 1371//779 1387//779 1388//779
f 1371//780 1388//780 1372//780
f 1372//781 1388//781 1389//781
f 1372//782 1389//782 1373//782
f 1373//783 1389//783 1390//783
f 1373//784 1390//784 1374//784
f 1374//785 1390//785 1391//785
f 1374//786 1391//786 1375//786
f 1375//787 1391//787 1392//787
f 1375//788 1392//788 1376//788
f 1376//789 1392//789 1393//789
f 1376//790 1393//790 1377//790
f 1377//791 1393//791 1394//791
f 1377//792 1394//792 1378//792
f 1378//793 1394//793 1395//793
f 1378//794 1395//794 1379//794
f 1379//795 1395//795 1396//795
f 1379//796 1396//796 1380//796
f 1380//797 1396//797 1397//797
f 1380//798 1397//798 1381//798
f 1381//799 1397//799 1398//799
f 1381//800 1398//800 1382//800
f 1382//801 1398//801 1399//801
f 1382//802 1399//802 1383//802
f 1383//803 1399//803 1400//803
f 1383//804 1400//804 1348//804
f 1348//805 1400//805 1346//805
f 1345//806 1349//806 1347//806
f 1313//807 1311//807 1340//807
f 1340//808 1311//808 1338//808
f 1312//809 1314//809 1384//809
f 1384//810 1314//810 1366//810
f 1384//811 1366//811 1385//811
f 1385//812 1366//812 1365//812
f 1385//813 1365//813 1386//813
f 1386//814 1365//814 1364//814
f 1386//815 1364//815 1387//815
f 1387//816 1364//816 1363//816
f 1387//817 1363//817 1388//817
f 1388//818 1363//818 1362//818
f 1388//819 1362//819 1389//819
f 1389//820 1362//820 1361//820
f 1389//821 1361//821 1390//821
f 1390//822 1361//822 1360//822
f 1390//823 1360//823 1391//823
f 1391//824 1360//824 1359//824
f 1391//825 1359//825 1392//825
f 1392//826 1359//826 1358//826
f 1392//827 1358//827 1393//827
f 1393//828 1358//828 1357//828
f 1393//829 1357//829 1394//829
f 1394//830 1357//830 1356//830
f 1394//831 1356//831 1395//831
f 1395//832 1356//832 1355//832
f 1395//833 1355//833 1396//833
f 1396//834 1355//834 1354//834
f 1396//835 1354//835 1397//835
f 1397//836 1354//836 1353//836
f 1397//837 1353//837 1398//837
f 1398//838 1353//838 1352//838
f 1398//839 1352//839 1399//839
f 1399//840 1352//840 1351//840
f 1399//841 1351//841 1400//841
f 1400//842 1351//842 1350//842
f 1400//843 1350//843 1346//843
f 1346//844 1350//844 1344//844
f 133//605 1401//605 104//605
f 104//606 1401//606 1402//606
f 104//607 1402//607 102//607
f 102//608 1402//608 1403//608
f 102//609 1403//609 1404//609
f 1404//610 1403//610 1405//610
f 1404//611 1405//611 1406//611
f 1406//612 1405//612 1407//612
f 1406//613 1407//613 1408//613
f 1408//614 1407//614 1409//614
f 1408//615 1409//615 1410//615
f 1410//616 1409//616 1411//616
f 1410//617 1411//617 1412//617
f 1412//567 1411//567 1202//567
f 1412//566 1202//566 1204//566
f 1401//618 133//618 1413//618
f 1413//619 133//619 132//619
f 1413//620 132//620 1414//620
f 1414//621 132//621 130//621
f 1414//622 130//622 1415//622
f 1415//623 130//623 129//623
f 1415//624 129//624 1416//624
f 1416//625 129//625 128//625
f 1416//626 128//626 1417//626
f 1417//627 128//627 127//627
f 1417//628 127//628 1418//628
f 1418//629 127//629 126//629
f 1418//630 126//630 1419//630
f 1419//631 126//631 124//631
f 1419//632 124//632 1420//632
f 1420//633 124//633 123//633
f 1420//634 123//634 122//634
f 1420//635 122//635 1421//635
f 1421//636 122//636 121//636
f 1421//637 121//637 1422//637
f 1422//638 121//638 117//638
f 1422//639 117//639 1423//639
f 1423//640 117//640 116//640
f 1423//641 116//641 1424//641
f 1424//642 116//642 115//642
f 1424//643 115//643 1425//643
f 1425//644 115//644 114//644
f 1425//645 114//645 1426//645
f 1426//646 114//646 112//646
f 1426//647 112//647 1427//647
f 1427//648 112//648 111//648
f 1427//649 111//649 1428//649
f 1428//650 111//650 110//650
f 1428//651 110//651 1429//651
f 1429//652 110//652 109//652
f 1429//653 109//653 1430//653
f 1430//654 109//654 108//654
f 1430//655 108//655 1431//655
f 1431//656 108//656 106//656
f 1431//657 106//657 1432//657
f 1432//658 106//658 105//658
f 1432//659 105//659 1404//659
f 1404//660 105//660 102//660
f 1224//549 1433//549 1222//549
f 1222//550 1433//550 1434//550
f 1222//551 1434//551 1220//551
f 1220//552 1434//552 1218//552
f 1218//553 1434//553 1435//553
f 1218//554 1435//554 1216//554
f 1216//555 1435//555 1436//555
f 1216//556 1436//556 1214//556
f 1214//557 1436//557 1437//557
f 1214//558 1437//558 1212//558
f 1212//559 1437//559 1210//559
f 1210//560 1437//560 1438//560
f 1210//561 1438//561 1208//561
f 1208//562 1438//562 1439//562
f 1208//563 1439//563 1206//563
f 1206//564 1439//564 1412//564
f 1206//565 1412//565 1204//565
f 1433//604 1224//604 1440//604
f 1440//603 1224//603 1226//603
f 1440//602 1226//602 1441//602
f 1441//601 1226//601 1228//601
f 1441//600 1228//600 1230//600
f 1441//599 1230//599 1442//599
f 1442//598 1230//598 1232//598
f 1442//597 1232//597 1443//597
f 1443//596 1232//596 1234//596
f 1443//595 1234//595 1444//595
f 1444//594 1234//594 1236//594
f 1444//593 1236//593 1238//593
f 1444//592 1238//592 1445//592
f 1445//591 1238//591 1240//591
f 1445//590 1240//590 1446//590
f 1446//589 1240//589 1242//589
f 1446//588 1242//588 1447//588
f 1447//587 1242//587 1244//587
f 1447//586 1244//586 1246//586
f 1447//585 1246//585 1448//585
f 1448//584 1246//584 1248//584
f 1448//583 1248//583 1449//583
f 1449//582 1248//582 1250//582
f 1449//581 1250//581 1252//581
f 1449//580 1252//580 1450//580
f 1450//579 1252//579 1189//579
f 1450//578 1189//578 1451//578
f 1451//577 1189//577 1192//577
f 1451//576 1192//576 1452//576
f 1452//575 1192//575 1194//575
f 1452//574 1194//574 1196//574
f 1452//573 1196//573 1453//573
f 1453//572 1196//572 1198//572
f 1453//571 1198//571 1454//571
f 1454//570 1198//570 1200//570
f 1454//569 1200//569 1411//569
f 1411//568 1200//568 1202//568
f 1402//661 1455//661 1456//661
f 1456//662 1455//662 1457//662
f 1456//663 1457//663 1458//663
f 1458//664 1457//664 1459//664
f 1458//665 1459//665 1460//665
f 1460//666 1459//666 1453//666
f 1460//667 1453//667 1454//667
f 1455//668 1402//668 1401//668
f 1455//669 1461//669 1457//669
f 1457//670 1461//670 1462//670
f 1457//671 1462//671 1459//671
f 1459//672 1462//672 1451//672
f 1459//673 1451//673 1452//673
f 1451//674 1462//674 1463//674
f 1463//675 1462//675 1461//675
f 1463//676 1461//676 1464//676
f 1464//677 1461//677 1465//677
f 1464//678 1465//678 1466//678
f 1466//679 1465//679 1467//679
f 1466//680 1467//680 1468//680
f 1468//681 1467//681 1414//681
f 1468//682 1414//682 1415//682
f 1461//683 1455//683 1469//683
f 1469//684 1455//684 1401//684
f 1469//685 1401//685 1413//685
f 1451//686 1463//686 1450//686
f 1450//687 1463//687 1464//687
f 1450//688 1464//688 1449//688
f 1449//689 1464//689 1470//689
f 1449//690 1470//690 1448//690
f 1448//691 1470//691 1471//691
f 1448//692 1471//692 1447//692
f 1447//693 1471//693 1472//693
f 1447//694 1472//694 1446//694
f 1446//695 1472//695 1473//695
f 1446//696 1473//696 1445//696
f 1445//697 1473//697 1474//697
f 1445//698 1474//698 1444//698
f 1444//699 1474//699 1475//699
f 1444//700 1475//700 1443//700
f 1443//701 1475//701 1476//701
f 1443//702 1476//702 1442//702
f 1442//703 1476//703 1477//703
f 1442//704 1477//704 1441//704
f 1441//705 1477//705 1478//705
f 1441//706 1478//706 1440//706
f 1440//707 1478//707 1479//707
f 1440//708 1479//708 1433//708
f 1433//709 1479//709 1480//709
f 1433//710 1480//710 1434//710
f 1434//711 1480//711 1481//711
f 1434//712 1481//712 1435//712
f 1435//713 1481//713 1482//713
f 1435//714 1482//714 1436//714
f 1436//715 1482//715 1483//715
f 1436//716 1483//716 1437//716
f 1437//717 1483//717 1484//717
f 1437//718 1484//718 1438//718
f 1438//719 1484//719 1485//719
f 1438//720 1485//720 1439//720
f 1439//721 1485//721 1486//721
f 1439//722 1486//722 1412//722
f 1412//723 1486//723 1410//723
f 1403//724 1402//724 1456//724
f 1465//725 1461//725 1469//725
f 1405//729 1403//729 1456//729
f 1404//730 1406//730 1432//730
f 1432//731 1406//731 1487//731
f 1432//732 1487//732 1431//732
f 1431//733 1487//733 1488//733
f 1431//734 1488//734 1430//734
f 1430//735 1488//735 1489//735
f 1430//736 1489//736 1429//736
f 1429//737 1489//737 1490//737
f 1429//738 1490//738 1428//738
f 1428//739 1490//739 1491//739
f 1428//740 1491//740 1427//740
f 1427//741 1491//741 1492//741
f 1427//742 1492//742 1426//742
f 1426//743 1492//743 1493//743
f 1426//744 1493//744 1425//744
f 1425//745 1493//745 1494//745
f 1425//746 1494//746 1424//746
f 1424//747 1494//747 1495//747
f 1424//748 1495//748 1423//748
f 1423//749 1495//749 1496//749
f 1423//750 1496//750 1422//750
f 1422//751 1496//751 1497//751
f 1422//752 1497//752 1421//752
f 1421//753 1497//753 1498//753
f 1421//754 1498//754 1420//754
f 1420//755 1498//755 1499//755
f 1420//756 1499//756 1419//756
f 1419//757 1499//757 1500//757
f 1419//758 1500//758 1418//758
f 1418//759 1500//759 1501//759
f 1418//760 1501//760 1417//760
f 1417//761 1501//761 1502//761
f 1417//762 1502//762 1416//762
f 1416//763 1502//763 1503//763
f 1416//764 1503//764 1415//764
f 1415//765 1503//765 1468//765
f 1469//766 1413//766 1467//766
f 1467//767 1413//767 1414//767
f 1460//726 1454//726 1409//726
f 1409//727 1454//727 1411//727
f 1459//728 1452//728 1453//728
f 1407//768 1405//768 1458//768
f 1458//769 1405//769 1456//769
f 1406//770 1408//770 1487//770
f 1487//771 1408//771 1504//771
f 1487//772 1504//772 1488//772
f 1488//773 1504//773 1505//773
f 1488//774 1505//774 1489//774
f 1489//775 1505//775 1506//775
f 1489//776 1506//776 1490//776
f 1490//777 1506//777 1507//777
f 1490//778 1507//778 1491//778
f 1491//779 1507//779 1508//779
f 1491//780 1508//780 1492//780
f 1492//781 1508//781 1509//781
f 1492//782 1509//782 1493//782
f 1493//783 1509//783 1510//783
f 1493//784 1510//784 1494//784
f 1494//785 1510//785 1511//785
f 1494//786 1511//786 1495//786
f 1495//787 1511//787 1512//787
f 1495//788 1512//788 1496//788
f 1496//789 1512//789 1513//789
f 1496//790 1513//790 1497//790
f 1497//791 1513//791 1514//791
f 1497//792 1514//792 1498//792
f 1498//793 1514//793 1515//793
f 1498//794 1515//794 1499//794
f 1499//795 1515//795 1516//795
f 1499//796 1516//796 1500//796
f 1500//797 1516//797 1517//797
f 1500//798 1517//798 1501//798
f 1501//799 1517//799 1518//799
f 1501//800 1518//800 1502//800
f 1502//801 1518//801 1519//801
f 1502//802 1519//802 1503//802
f 1503//803 1519//803 1520//803
f 1503//804 1520//804 1468//804
f 1468//805 1520//805 1466//805
f 1465//806 1469//806 1467//806
f 1409//807 1407//807 1460//807
f 1460//808 1407//808 1458//808
f 1408//809 1410//809 1504//809
f 1504//810 1410//810 1486//810
f 1504//811 1486//811 1505//811
f 1505//812 1486//812 1485//812
f 1505//813 1485//813 1506//813
f 1506//814 1485//814 1484//814
f 1506//815 1484//815 1507//815
f 1507//816 1484//816 1483//816
f 1507//817 1483//817 1508//817
f 1508//818 1483//818 1482//818
f 1508//819 1482//819 1509//819
f 1509//820 1482//820 1481//820
f 1509//821 1481//821 1510//821
f 1510//822 1481//822 1480//822
f 1510//823 1480//823 1511//823
f 1511//824 1480//824 1479//824
f 1511//825 1479//825 1512//825
f 1512//826 1479//826 1478//826
f 1512//827 1478//827 1513//827
f 1513//828 1478//828 1477//828
f 1513//829 1477//829 1514//829
f 1514//830 1477//830 1476//830
f 1514//831 1476//831 1515//831
f 1515//832 1476//832 1475//832
f 1515//833 1475//833 1516//833
f 1516//834 1475//834 1474//834
f 1516//835 1474//835 1517//835
f 1517//836 1474//836 1473//836
f 1517//837 1473//837 1518//837
f 1518//838 1473//838 1472//838
f 1518//839 1472//839 1519//839
f 1519//840 1472//840 1471//840
f 1519//841 1471//841 1520//841
f 1520//842 1471//842 1470//842
f 1520//843 1470//843 1466//843
f 1466//844 1470//844 1464//844
f 98//605 1521//605 39//605
f 39//606 1521//606 1522//606
f 39//607 1522//607 37//607
f 37//608 1522//608 1523//608
f 37//609 1523//609 1524//609
f 1524//610 1523//610 1525//610
f 1524//611 1525//611 1526//611
f 1526//612 1525//612 1527//612
f 1526//613 1527//613 1528//613
f 1528//614 1527//614 1529//614
f 1528//615 1529//615 1530//615
f 1530//616 1529//616 1531//616
f 1530//617 1531//617 1532//617
f 1532//567 1531//567 1243//567
f 1532//566 1243//566 1241//566
f 1521//618 98//618 1533//618
f 1533//619 98//619 97//619
f 1533//620 97//620 1534//620
f 1534//621 97//621 95//621
f 1534//622 95//622 1535//622
f 1535//623 95//623 94//623
f 1535//624 94//624 1536//624
f 1536//625 94//625 93//625
f 1536//626 93//626 1537//626
f 1537//627 93//627 92//627
f 1537//628 92//628 1538//628
f 1538//629 92//629 91//629
f 1538//630 91//630 1539//630
f 1539//631 91//631 89//631
f 1539//632 89//632 1540//632
f 1540//633 89//633 88//633
f 1540//634 88//634 87//634
f 1540//635 87//635 1541//635
f 1541//636 87//636 86//636
f 1541//637 86//637 1542//637
f 1542//638 86//638 82//638
f 1542//639 82//639 1543//639
f 1543//640 82//640 81//640
f 1543//641 81//641 1544//641
f 1544//642 81//642 80//642
f 1544//643 80//643 1545//643
f 1545//644 80//644 79//644
f 1545//645 79//645 1546//645
f 1546//646 79//646 77//646
f 1546//647 77//647 1547//647
f 1547//648 77//648 76//648
f 1547//649 76//649 1548//649
f 1548//650 76//650 75//650
f 1548//651 75//651 1549//651
f 1549//652 75//652 74//652
f 1549//653 74//653 1550//653
f 1550//654 74//654 73//654
f 1550//655 73//655 1551//655
f 1551//656 73//656 71//656
f 1551//657 71//657 1552//657
f 1552//658 71//658 70//658
f 1552//659 70//659 1524//659
f 1524//660 70//660 37//660
f 1267//549 1553//549 1225//549
f 1225//550 1553//550 1554//550
f 1225//551 1554//551 1223//551
f 1223//552 1554//552 1227//552
f 1227//553 1554//553 1555//553
f 1227//554 1555//554 1229//554
f 1229//555 1555//555 1556//555
f 1229//556 1556//556 1231//556
f 1231//557 1556//557 1557//557
f 1231//558 1557//558 1233//558
f 1233//559 1557//559 1235//559
f 1235//560 1557//560 1558//560
f 1235//561 1558//561 1237//561
f 1237//562 1558//562 1559//562
f 1237//563 1559//563 1239//563
f 1239//564 1559//564 1532//564
f 1239//565 1532//565 1241//565
f 1553//604 1267//604 1560//604
f 1560//603 1267//603 1266//603
f 1560//602 1266//602 1561//602
f 1561//601 1266//601 1265//601
f 1561//600 1265//600 1264//600
f 1561//599 1264//599 1562//599
f 1562//598 1264//598 1263//598
f 1562//597 1263//597 1563//597
f 1563//596 1263//596 1262//596
f 1563//595 1262//595 1564//595
f 1564//594 1262//594 1261//594
f 1564//593 1261//593 1260//593
f 1564//592 1260//592 1565//592
f 1565//591 1260//591 1259//591
f 1565//590 1259//590 1566//590
f 1566//589 1259//589 1258//589
f 1566//588 1258//588 1567//588
f 1567//587 1258//587 1257//587
f 1567//586 1257//586 1256//586
f 1567//585 1256//585 1568//585
f 1568//584 1256//584 1255//584
f 1568//583 1255//583 1569//583
f 1569//582 1255//582 1254//582
f 1569//581 1254//581 1191//581
f 1569//580 1191//580 1570//580
f 1570//579 1191//579 1190//579
f 1570//578 1190//578 1571//578
f 1571//577 1190//577 1253//577
f 1571//576 1253//576 1572//576
f 1572//575 1253//575 1251//575
f 1572//574 1251//574 1249//574
f 1572//573 1249//573 1573//573
f 1573//572 1249//572 1247//572
f 1573//571 1247//571 1574//571
f 1574//570 1247//570 1245//570
f 1574//569 1245//569 1531//569
f 1531//568 1245//568 1243//568
f 1522//661 1575//661 1576//661
f 1576//662 1575//662 1577//662
f 1576//663 1577//663 1578//663
f 1578//664 1577//664 1579//664
f 1578//665 1579//665 1580//665
f 1580//666 1579//666 1573//666
f 1580//667 1573//667 1574//667
f 1575//668 1522//668 1521//668
f 1575//669 1581//669 1577//669
f 1577//670 1581//670 1582//670
f 1577//671 1582//671 1579//671
f 1579//672 1582//672 1571//672
f 1579//673 1571//673 1572//673
f 1571//674 1582//674 1583//674
f 1583//675 1582//675 1581//675
f 1583//676 1581//676 1584//676
f 1584//677 1581//677 1585//677
f 1584//678 1585//678 1586//678
f 1586//679 1585//679 1587//679
f 1586//680 1587//680 1588//680
f 1588//681 1587//681 1534//681
f 1588//682 1534//682 1535//682
f 1581//683 1575//683 1589//683
f 1589//684 1575//684 1521//684
f 1589//685 1521//685 1533//685
f 1571//686 1583//686 1570//686
f 1570//687 1583//687 1584//687
f 1570//688 1584//688 1569//688
f 1569//689 1584//689 1590//689
f 1569//690 1590//690 1568//690
f 1568//691 1590//691 1591//691
f 1568//692 1591//692 1567//692
f 1567//693 1591//693 1592//693
f 1567//694 1592//694 1566//694
f 1566//695 1592//695 1593//695
f 1566//696 1593//696 1565//696
f 1565//697 1593//697 1594//697
f 1565//698 1594//698 1564//698
f 1564//699 1594//699 1595//699
f 1564//700 1595//700 1563//700
f 1563//701 1595//701 1596//701
f 1563//702 1596//702 1562//702
f 1562//703 1596//703 1597//703
f 1562//704 1597//704 1561//704
f 1561//705 1597//705 1598//705
f 1561//706 1598//706 1560//706
f 1560//707 1598//707 1599//707
f 1560//708 1599//708 1553//708
f 1553//709 1599//709 1600//709
f 1553//710 1600//710 1554//710
f 1554//711 1600//711 1601//711
f 1554//712 1601//712 1555//712
f 1555//713 1601//713 1602//713
f 1555//714 1602//714 1556//714
f 1556//715 1602//715 1603//715
f 1556//716 1603//716 1557//716
f 1557//717 1603//717 1604//717
f 1557//718 1604//718 1558//718
f 1558//719 1604//719 1605//719
f 1558//720 1605//720 1559//720
f 1559//721 1605//721 1606//721
f 1559//722 1606//722 1532//722
f 1532//723 1606//723 1530//723
f 1523//724 1522//724 1576//724
f 1585//725 1581//725 1589//725
f 1525//729 1523//729 1576//729
f 1524//730 1526//730 1552//730
f 1552//731 1526//731 1607//731
f 1552//732 1607//732 1551//732
f 1551//733 1607//733 1608//733
f 1551//734 1608//734 1550//734
f 1550//735 1608//735 1609//735
f 1550//736 1609//736 1549//736
f 1549//737 1609//737 1610//737
f 1549//738 1610//738 1548//738
f 1548//739 1610//739 1611//739
f 1548//740 1611//740 1547//740
f 1547//741 1611//741 1612//741
f 1547//742 1612//742 1546//742
f 1546//743 1612//743 1613//743
f 1546//744 1613//744 1545//744
f 1545//745 1613//745 1614//745
f 1545//746 1614//746 1544//746
f 1544//747 1614//747 1615//747
f 1544//748 1615//748 1543//748
f 1543//749 1615//749 1616//749
f 1543//750 1616//750 1542//750
f 1542//751 1616//751 1617//751
f 1542//752 1617//752 1541//752
f 1541//753 1617//753 1618//753
f 1541//754 1618//754 1540//754
f 1540//755 1618//755 1619//755
f 1540//756 1619//756 1539//756
f 1539//757 1619//757 1620//757
f 1539//758 1620//758 1538//758
f 1538//759 1620//759 1621//759
f 1538//760 1621//760 1537//760
f 1537//761 1621//761 1622//761
f 1537//762 1622//762 1536//762
f 1536//763 1622//763 1623//763
f 1536//764 1623//764 1535//764
f 1535//765 1623//765 1588//765
f 1589//766 1533//766 1587//766
f 1587//767 1533//767 1534//767
f 1580//726 1574//726 1529//726
f 1529//727 1574//727 1531//727
f 1579//728 1572//728 1573//728
f 1527//768 1525//768 1578//768
f 1578//769 1525//769 1576//769
f 1526//770 1528//770 1607//770
f 1607//771 1528//771 1624//771
f 1607//772 1624//772 1608//772
f 1608//773 1624//773 1625//773
f 1608//774 1625//774 1609//774
f 1609//775 1625//775 1626//775
f 1609//776 1626//776 1610//776
f 1610//777 1626//777 1627//777
f 1610//778 1627//778 1611//778
f 1611//779 1627//779 1628//779
f 1611//780 1628//780 1612//780
f 1612//781 1628//781 1629//781
f 1612//782 1629//782 1613//782
f 1613//783 1629//783 1630//783
f 1613//784 1630//784 1614//784
f 1614//785 1630//785 1631//785
f 1614//786 1631//786 1615//786
f 1615//787 1631//787 1632//787
f 1615//788 1632//788 1616//788
f 1616//789 1632//789 1633//789
f 1616//790 1633//790 1617//790
f 1617//791 1633//791 1634//791
f 1617//792 1634//792 1618//792
f 1618//793 1634//793 1635//793
f 1618//794 1635//794 1619//794
f 1619//795 1635//795 1636//795
f 1619//796 1636//796 1620//796
f 1620//797 1636//797 1637//797
f 1620//798 1637//798 1621//798
f 1621//799 1637//799 1638//799
f 1621//800 1638//800 1622//800
f 1622//801 1638//801 1639//801
f 1622//802 1639//802 1623//802
f 1623//803 1639//803 1640//803
f 1623//804 1640//804 1588//804
f 1588//805 1640//805 1586//805
f 1585//806 1589//806 1587//806
f 1529//807 1527//807 1580//807
f 1580//808 1527//808 1578//808
f 1528//809 1530//809 1624//809
f 1624//810 1530//810 1606//810
f 1624//811 1606//811 1625//811
f 1625//812 1606//812 1605//812
f 1625//813 1605//813 1626//813
f 1626//814 1605//814 1604//814
f 1626//815 1604//815 1627//815
f 1627//816 1604//816 1603//816
f 1627//817 1603//817 1628//817
f 1628//818 1603//818 1602//818
f 1628//819 1602//819 1629//819
f 1629//820 1602//820 1601//820
f 1629//821 1601//821 1630//821
f 1630//822 1601//822 1600//822
f 1630//823 1600//823 1631//823
f 1631//824 1600//824 1599//824
f 1631//825 1599//825 1632//825
f 1632//826 1599//826 1598//826
f 1632//827 1598//827 1633//827
f 1633//828 1598//828 1597//828
f 1633//829 1597//829 1634//829
f 1634//830 1597//830 1596//830
f 1634//831 1596//831 1635//831
f 1635//832 1596//832 1595//832
f 1635//833 1595//833 1636//833
f 1636//834 1595//834 1594//834
f 1636//835 1594//835 1637//835
f 1637//836 1594//836 1593//836
f 1637//837 1593//837 1638//837
f 1638//838 1593//838 1592//838
f 1638//839 1592//839 1639//839
f 1639//840 1592//840 1591//840
f 1639//841 1591//841 1640//841
f 1640//842 1591//842 1590//842
f 1640//843 1590//843 1586//843
f 1586//844 1590//844 1584//844
f 1221//549 1641//549 1155//549
f 1155//550 1641//550 1642//550
f 1155//551 1642//551 1153//551
f 1153//552 1642//552 1160//552
f 1160//553 1642//553 1643//553
f 1160//554 1643//554 1162//554
f 1162//555 1643//555 1644//555
f 1162//556 1644//556 1164//556
f 1164//557 1644//557 1645//557
f 1164//558 1645//558 1166//558
f 1166//559 1645//559 1168//559
f 1168//560 1645//560 1646//560
f 1168//561 1646//561 1170//561
f 1170//562 1646//562 1647//562
f 1170//563 1647//563 1172//563
f 1172//564 1647//564 1648//564
f 1172//565 1648//565 1174//565
f 1174//566 1648//566 1176//566
f 1176//567 1648//567 1649//567
f 1176//568 1649//568 1178//568
f 1178//569 1649//569 1650//569
f 1178//570 1650//570 1180//570
f 1180//571 1650//571 1651//571
f 1180//572 1651//572 1182//572
f 1182//573 1651//573 1652//573
f 1182//574 1652//574 1184//574
f 1184//575 1652//575 1186//575
f 1186//576 1652//576 1653//576
f 1186//577 1653//577 1188//577
f 1188//578 1653//578 1654//578
f 1188//579 1654//579 1193//579
f 1193//580 1654//580 1655//580
f 1193//581 1655//581 1195//581
f 1195//582 1655//582 1197//582
f 1197//583 1655//583 1656//583
f 1197//584 1656//584 1199//584
f 1199//585 1656//585 1657//585
f 1199//586 1657//586 1201//586
f 1201//587 1657//587 1203//587
f 1203//588 1657//588 1658//588
f 1203//589 1658//589 1205//589
f 1205//590 1658//590 1659//590
f 1205//591 1659//591 1207//591
f 1207//592 1659//592 1660//592
f 1207//593 1660//593 1209//593
f 1209//594 1660//594 1211//594
f 1211//595 1660//595 1661//595
f 1211//596 1661//596 1213//596
f 1213//597 1661//597 1662//597
f 1213//598 1662//598 1215//598
f 1215//599 1662//599 1663//599
f 1215//600 1663//600 1217//600
f 1217//601 1663//601 1219//601
f 1219//602 1663//602 1664//602
f 1219//603 1664//603 1221//603
f 1221//604 1664//604 1641//604
f 36//605 1665//605 3//605
f 3//606 1665//606 1666//606
f 3//607 1666//607 1//607
f 1//608 1666//608 1667//608
f 1//609 1667//609 1668//609
f 1668//610 1667//610 1669//610
f 1668//611 1669//611 1670//611
f 1670//612 1669//612 1671//612
f 1670//613 1671//613 1672//613
f 1672//614 1671//614 1673//614
f 1672//615 1673//615 1674//615
f 1674//616 1673//616 1649//616
f 1674//617 1649//617 1648//617
f 1665//618 36//618 1675//618
f 1675//619 36//619 35//619
f 1675//620 35//620 1676//620
f 1676//621 35//621 33//621
f 1676//622 33//622 1677//622
f 1677//623 33//623 32//623
f 1677//624 32//624 1678//624
f 1678//625 32//625 31//625
f 1678//626 31//626 1679//626
f 1679//627 31//627 30//627
f 1679//628 30//628 1680//628
f 1680//629 30//629 29//629
f 1680//630 29//630 1681//630
f 1681//631 29//631 27//631
f 1681//632 27//632 1682//632
f 1682//633 27//633 26//633
f 1682//634 26//634 25//634
f 1682//635 25//635 1683//635
f 1683//636 25//636 24//636
f 1683//637 24//637 1684//637
f 1684//638 24//638 20//638
f 1684//639 20//639 1685//639
f 1685//640 20//640 19//640
f 1685//641 19//641 1686//641
f 1686//642 19//642 18//642
f 1686//643 18//643 1687//643
f 1687//644 18//644 17//644
f 1687//645 17//645 1688//645
f 1688//646 17//646 15//646
f 1688//647 15//647 1689//647
f 1689//648 15//648 14//648
f 1689//649 14//649 1690//649
f 1690//650 14//650 13//650
f 1690//651 13//651 1691//651
f 1691//652 13//652 12//652
f 1691//653 12//653 1692//653
f 1692//654 12//654 11//654
f 1692//655 11//655 1693//655
f 1693//656 11//656 9//656
f 1693//657 9//657 1694//657
f 1694//658 9//658 8//658
f 1694//659 8//659 1668//659
f 1668//660 8//660 1//660
f 1666//661 1695//661 1696//661
f 1696//662 1695//662 1697//662
f 1696//663 1697//663 1698//663
f 1698//664 1697//664 1699//664
f 1698//665 1699//665 1700//665
f 1700//666 1699//666 1651//666
f 1700//667 1651//667 1650//667
f 1695//668 1666//668 1665//668
f 1695//669 1701//669 1697//669
f 1697//670 1701//670 1702//670
f 1697//671 1702//671 1699//671
f 1699//672 1702//672 1653//672
f 1699//673 1653//673 1652//673
f 1653//674 1702//674 1703//674
f 1703//675 1702//675 1701//675
f 1703//676 1701//676 1704//676
f 1704//677 1701//677 1705//677
f 1704//678 1705//678 1706//678
f 1706//679 1705//679 1707//679
f 1706//680 1707//680 1708//680
f 1708//681 1707//681 1676//681
f 1708//682 1676//682 1677//682
f 1701//683 1695//683 1709//683
f 1709//684 1695//684 1665//684
f 1709//685 1665//685 1675//685
f 1653//686 1703//686 1654//686
f 1654//687 1703//687 1704//687
f 1654//688 1704//688 1655//688
f 1655//689 1704//689 1710//689
f 1655//690 1710//690 1656//690
f 1656//691 1710//691 1711//691
f 1656//692 1711//692 1657//692
f 1657//693 1711//693 1712//693
f 1657//694 1712//694 1658//694
f 1658//695 1712//695 1713//695
f 1658//696 1713//696 1659//696
f 1659//697 1713//697 1714//697
f 1659//698 1714//698 1660//698
f 1660//699 1714//699 1715//699
f 1660//700 1715//700 1661//700
f 1661//701 1715//701 1716//701
f 1661//702 1716//702 1662//702
f 1662//703 1716//703 1717//703
f 1662//704 1717//704 1663//704
f 1663//705 1717//705 1718//705
f 1663//706 1718//706 1664//706
f 1664//707 1718//707 1719//707
f 1664//708 1719//708 1641//708
f 1641//709 1719//709 1720//709
f 1641//710 1720//710 1642//710
f 1642//711 1720//711 1721//711
f 1642//712 1721//712 1643//712
f 1643//713 1721//713 1722//713
f 1643//714 1722//714 1644//714
f 1644//715 1722//715 1723//715
f 1644//716 1723//716 1645//716
f 1645//717 1723//717 1724//717
f 1645//718 1724//718 1646//718
f 1646//719 1724//719 1725//719
f 1646//720 1725//720 1647//720
f 1647//721 1725//721 1726//721
f 1647//722 1726//722 1648//722
f 1648//723 1726//723 1674//723
f 1667//724 1666//724 1696//724
f 1705//725 1701//725 1709//725
f 1700//726 1650//726 1673//726
f 1673//727 1650//727 1649//727
f 1699//728 1652//728 1651//728
f 1669//729 1667//729 1696//729
f 1668//730 1670//730 1694//730
f 1694//731 1670//731 1727//731
f 1694//732 1727//732 1693//732
f 1693//733 1727//733 1728//733
f 1693//734 1728//734 1692//734
f 1692//735 1728//735 1729//735
f 1692//736 1729//736 1691//736
f 1691//737 1729//737 1730//737
f 1691//738 1730//738 1690//738
f 1690//739 1730//739 1731//739
f 1690//740 1731//740 1689//740
f 1689//741 1731//741 1732//741
f 1689//742 1732//742 1688//742
f 1688//743 1732//743 1733//743
f 1688//744 1733//744 1687//744
f 1687//745 1733//745 1734//745
f 1687//746 1734//746 1686//746
f 1686//747 1734//747 1735//747
f 1686//748 1735//748 1685//748
f 1685//749 1735//749 1736//749
f 1685//750 1736//750 1684//750
f 1684//751 1736//751 1737//751
f 1684//752 1737//752 1683//752
f 1683//753 1737//753 1738//753
f 1683//754 1738//754 1682//754
f 1682//755 1738//755 1739//755
f 1682//756 1739//756 1681//756
f 1681//757 1739//757 1740//757
f 1681//758 1740//758 1680//758
f 1680//759 1740//759 1741//759
f 1680//760 1741//760 1679//760
f 1679//761 1741//761 1742//761
f 1679//762 1742//762 1678//762
f 1678//763 1742//763 1743//763
f 1678//764 1743//764 1677//764
f 1677//765 1743//765 1708//765
f 1709//766 1675//766 1707//766
f 1707//767 1675//767 1676//767
f 1671//768 1669//768 1698//768
f 1698//769 1669//769 1696//769
f 1670//770 1672//770 1727//770
f 1727//771 1672//771 1744//771
f 1727//772 1744//772 1728//772
f 1728//773 1744//773 1745//773
f 1728//774 1745//774 1729//774
f 1729//775 1745//775 1746//775
f 1729//776 1746//776 1730//776
f 1730//777 1746//777 1747//777
f 1730//778 1747//778 1731//778
f 1731//779 1747//779 1748//779
f 1731//780 1748//780 1732//780
f 1732//781 1748//781 1749//781
f 1732//782 1749//782 1733//782
f 1733//783 1749//783 1750//783
f 1733//784 1750//784 1734//784
f 1734//785 1750//785 1751//785
f 1734//786 1751//786 1735//786
f 1735//787 1751//787 1752//787
f 1735//788 1752//788 1736//788
f 1736//789 1752//789 1753//789
f 1736//790 1753//790 1737//790
f 1737//791 1753//791 1754//791
f 1737//792 1754//792 1738//792
f 1738//793 1754//793 1755//793
f 1738//794 1755//794 1739//794
f 1739//795 1755//795 1756//795
f 1739//796 1756//796 1740//796
f 1740//797 1756//797 1757//797
f 1740//798 1757//798 1741//798
f 1741//799 1757//799 1758//799
f 1741//800 1758//800 1742//800
f 1742//801 1758//801 1759//801
f 1742//802 1759//802 1743//802
f 1743//803 1759//803 1760//803
f 1743//804 1760//804 1708//804
f 1708//805 1760//805 1706//805
f 1705//806 1709//806 1707//806
f 1673//807 1671//807 1700//807
f 1700//808 1671//808 1698//808
f 1672//809 1674//809 1744//809
f 1744//810 1674//810 1726//810
f 1744//811 1726//811 1745//811
f 1745//812 1726//812 1725//812
f 1745//813 1725//813 1746//813
f 1746//814 1725//814 1724//814
f 1746//815 1724//815 1747//815
f 1747//816 1724//816 1723//816
f 1747//817 1723//817 1748//817
f 1748//818 1723//818 1722//818
f 1748//819 1722//819 1749//819
f 1749//820 1722//820 1721//820
f 1749//821 1721//821 1750//821
f 1750//822 1721//822 1720//822
f 1750//823 1720//823 1751//823
f 1751//824 1720//824 1719//824
f 1751//825 1719//825 1752//825
f 1752//826 1719//826 1718//826
f 1752//827 1718//827 1753//827
f 1753//828 1718//828 1717//828
f 1753//829 1717//829 1754//829
f 1754//830 1717//830 1716//830
f 1754//831 1716//831 1755//831
f 1755//832 1716//832 1715//832
f 1755//833 1715//833 1756//833
f 1756//834 1715//834 1714//834
f 1756//835 1714//835 1757//835
f 1757//836 1714//836 1713//836
f 1757//837 1713//837 1758//837
f 1758//838 1713//838 1712//838
f 1758//839 1712//839 1759//839
f 1759//840 1712//840 1711//840
f 1759//841 1711//841 1760//841
f 1760//842 1711//842 1710//842
f 1760//843 1710//843 1706//843
f 1706//844 1710//844 1704//844
# Vertices: 1760, normals: 844, texture coordinates: 0, faces: 3532

