# File generated by ImageToStl.com - Free Image and 3D model conversion tools

o obj1
v 2052.28417969 2795.98608398 30.06939888
v 2052.61254883 2795.41210938 25.40514565
v 2052.86938477 2796.04370117 30.06933212
v 2053.42480469 2795.45654297 25.7385788
v 2053.45458984 2795.98608398 30.06939888
v 2054.01733398 2795.81542969 30.06959915
v 2054.20092773 2795.109375 25.43791962
v 2054.53613281 2795.53808594 30.06992149
v 2054.82299805 2794.69042969 25.46729851
v 2054.99072266 2795.16503906 30.07035637
v 2055.31811523 2794.17822266 25.65470123
v 2055.36376953 2794.71044922 30.07088661
v 2055.64111328 2794.19165039 30.07149124
v 2055.68359375 2793.59985352 26.18273163
v 2055.81176758 2793.62890625 30.07214737
v 2055.85888672 2792.75488281 26.06962776
v 2055.86938477 2793.04370117 30.07282829
v 2055.82739258 2792.03320312 26.27580452
v 2055.81176758 2792.45849609 30.07351112
v 2055.64111328 2791.89575195 30.07416725
v 2055.59594727 2791.38427734 26.76515388
v 2055.36376953 2791.37695312 30.07477188
v 2055.16748047 2790.66186523 26.67575836
v 2054.99072266 2790.92236328 30.07530212
v 2054.64648438 2790.20166016 26.84672737
v 2054.53613281 2790.54931641 30.075737
v 2054.11621094 2790.02539062 27.43912888
v 2054.01733398 2790.27197266 30.07605934
v 2053.3840332 2789.68676758 27.00579453
v 2053.45458984 2790.10131836 30.07625771
v 2052.86938477 2790.04370117 30.07632637
v 2052.48999023 2789.66308594 26.99584198
v 2052.28417969 2790.10131836 30.07625771
v 2051.68823242 2789.890625 27.00379562
v 2051.72143555 2790.27197266 30.07605934
v 2051.20263672 2790.54931641 30.075737
v 2050.97509766 2790.26416016 26.73053932
v 2050.74804688 2790.92236328 30.07530212
v 2050.44506836 2790.81152344 26.61255836
v 2050.375 2791.37695312 30.07477188
v 2050.06347656 2791.56591797 26.70966911
v 2050.09765625 2791.89575195 30.07416725
v 2049.92700195 2792.45849609 30.07351112
v 2049.88134766 2792.25512695 26.20917702
v 2049.86938477 2793.04370117 30.07282829
v 2049.90942383 2792.98266602 26.00156021
v 2049.92700195 2793.62890625 30.07214737
v 2050.14086914 2793.80029297 26.1282177
v 2050.09765625 2794.19165039 30.07149124
v 2050.375 2794.71044922 30.07088661
v 2050.57421875 2794.37304688 25.61331558
v 2050.74804688 2795.16503906 30.07035637
v 2051.12646484 2794.86889648 25.49262428
v 2051.20263672 2795.53808594 30.06992149
v 2051.82177734 2795.32910156 25.7945652
v 2051.72143555 2795.81542969 30.06959915
v 2053.45483398 2778.52270508 12.15380478
v 2053.24194336 2783.71484375 13.03094673
v 2052.86938477 2778.52270508 12.09610462
v 2052.41137695 2783.27880859 12.90457535
v 2052.28393555 2778.52270508 12.15380478
v 2051.62207031 2782.78588867 13.00729465
v 2051.72094727 2778.52294922 12.32466412
v 2051.20239258 2778.5234375 12.60214329
v 2050.90893555 2782.95361328 13.53151417
v 2050.74780273 2778.52368164 12.97546005
v 2050.36083984 2782.50561523 14.05363464
v 2050.37475586 2778.52441406 13.43039131
v 2050.09765625 2778.52490234 13.94924641
v 2050.00976562 2782.64746094 14.86314964
v 2049.92700195 2778.52563477 14.51228523
v 2049.8737793 2782.45288086 15.5843792
v 2049.86938477 2778.52636719 15.09770966
v 2049.9362793 2781.95629883 16.26316071
v 2049.92700195 2778.52685547 15.68316364
v 2050.09765625 2778.52758789 16.24616051
v 2050.20361328 2782.0534668 17.06933212
v 2050.37475586 2778.52807617 16.76503372
v 2050.60717773 2781.90893555 17.64656258
v 2050.74780273 2778.52880859 17.21998596
v 2051.18041992 2781.42553711 18.03455734
v 2051.20239258 2778.52905273 17.59336472
v 2051.72119141 2778.52954102 17.8709259
v 2051.90283203 2781.53710938 18.44230461
v 2052.28393555 2778.52978516 18.04184914
v 2052.62939453 2781.61621094 18.62375259
v 2052.86938477 2778.52978516 18.09957695
v 2053.34741211 2781.66845703 18.61003304
v 2053.45483398 2778.52978516 18.04184914
v 2054.10522461 2781.47729492 18.31373787
v 2054.01757812 2778.52954102 17.8709259
v 2054.53637695 2778.52905273 17.59336472
v 2054.79077148 2781.83325195 17.97244453
v 2054.9909668 2778.52880859 17.21998596
v 2055.30517578 2781.96240234 17.43364906
v 2055.36401367 2778.52807617 16.76503372
v 2055.67895508 2781.85644531 16.67289925
v 2055.64111328 2778.52758789 16.24616051
v 2055.81176758 2778.52685547 15.68316364
v 2055.8581543 2782.34057617 15.99034023
v 2055.86938477 2778.52636719 15.09770966
v 2055.828125 2782.54003906 15.26117611
v 2055.81176758 2778.52563477 14.51228523
v 2055.64111328 2778.52490234 13.94924641
v 2055.59448242 2782.41381836 14.43359852
v 2055.36401367 2778.52441406 13.43039131
v 2055.1550293 2782.90600586 13.85934544
v 2054.9909668 2778.52368164 12.97546005
v 2054.59936523 2782.95532227 13.34419632
v 2054.53637695 2778.5234375 12.60214329
v 2053.97583008 2782.0925293 12.76810932
v 2054.01757812 2778.52294922 12.32466412
v 2052.76806641 2788.73779297 24.6421299
v 2052.00708008 2788.43945312 23.84612083
v 2052.71875 2786.84326172 21.92514801
v 2051.99902344 2786.31591797 21.21936417
v 2052.31835938 2784.25610352 19.76338387
v 2051.58154297 2784.20654297 19.45604706
v 2053.06811523 2784.43920898 19.92827797
v 2053.33569336 2788.34985352 23.87206459
v 2054.05371094 2788.89135742 24.41221428
v 2053.85107422 2784.43139648 19.73646927
v 2054.55224609 2784.61425781 19.43659592
v 2055.14697266 2784.9140625 18.99760818
v 2055.57714844 2785.14770508 18.36544418
v 2055.8190918 2785.50512695 17.71103668
v 2055.85913086 2785.97705078 17.06860924
v 2055.69067383 2786.2668457 16.34169388
v 2055.32446289 2786.59033203 15.71422958
v 2054.76074219 2786.91381836 15.2033329
v 2054.01538086 2786.72607422 14.58237839
v 2053.57543945 2786.76586914 21.72592354
v 2051.234375 2788.89941406 23.92349815
v 2051.39111328 2786.87890625 21.40402794
v 2050.61303711 2789.36254883 23.64909935
v 2050.7824707 2787.29907227 21.18317604
v 2050.96386719 2784.59155273 19.22777557
v 2050.1706543 2789.98217773 23.39043617
v 2050.29418945 2787.73681641 20.74957275
v 2050.44384766 2785.00244141 18.83240509
v 2049.92260742 2790.62158203 23.0026741
v 2049.98388672 2788.22827148 20.22438622
v 2050.07226562 2785.25732422 18.1898365
v 2049.87841797 2791.25561523 22.50883293
v 2049.86962891 2788.76147461 19.6576786
v 2049.88769531 2785.61669922 17.52719498
v 2050.04296875 2791.9699707 22.20068741
v 2049.96435547 2789.31274414 19.08856201
v 2049.90454102 2786.08325195 16.88715935
v 2050.40014648 2792.56933594 21.84250832
v 2050.26074219 2789.81591797 18.55470467
v 2050.13037109 2786.36889648 16.16444588
v 2050.93164062 2793.02661133 21.46040344
v 2050.73925781 2790.2331543 18.07921791
v 2050.54907227 2786.66552734 15.55263138
v 2051.58691406 2793.47802734 21.4005146
v 2051.36450195 2790.60717773 17.77088356
v 2051.14550781 2786.94458008 15.07454014
v 2052.32080078 2793.74023438 21.38313293
v 2052.07617188 2790.93237305 17.67806625
v 2051.84765625 2787.19799805 14.80005074
v 2053.12426758 2793.77368164 21.3619175
v 2052.82983398 2791.21264648 17.81891632
v 2052.60009766 2787.5559082 14.82262993
v 2053.89257812 2793.56298828 21.33153152
v 2053.62011719 2790.96582031 17.69654083
v 2053.2902832 2788.10131836 15.19749546
v 2054.59179688 2793.13037109 21.30810356
v 2054.3371582 2790.49267578 17.6252594
v 2055.16870117 2792.68188477 21.58976173
v 2054.98242188 2790.20092773 18.02228546
v 2055.58813477 2792.19116211 22.05804253
v 2055.46899414 2789.80151367 18.51786041
v 2055.82299805 2791.55639648 22.44476128
v 2055.76879883 2789.33520508 19.08103371
v 2055.85766602 2790.82885742 22.76471519
v 2055.86938477 2788.77880859 19.63358879
v 2055.68701172 2790.21972656 23.24152946
v 2055.76171875 2788.22460938 20.18578529
v 2055.32324219 2789.62524414 23.6035099
v 2055.45605469 2787.75024414 20.73557281
v 2054.77172852 2789.09594727 23.87344933
v 2054.96386719 2787.32714844 21.20162773
v 2054.31665039 2787.046875 21.60366249
v 1843.45483398 2778.52270508 12.15380478
v 1843.24182129 2783.71484375 13.03094673
v 1842.86938477 2778.52270508 12.09610462
v 1842.41137695 2783.27880859 12.90457535
v 1842.28393555 2778.52270508 12.15380478
v 1841.62207031 2782.78588867 13.00729465
v 1841.72106934 2778.52294922 12.32466412
v 1841.20227051 2778.5234375 12.60214329
v 1840.90893555 2782.95361328 13.53151417
v 1840.74768066 2778.52368164 12.97546005
v 1840.36071777 2782.50561523 14.05363464
v 1840.37463379 2778.52441406 13.43039131
v 1840.09753418 2778.52490234 13.94924641
v 1840.0098877 2782.64746094 14.86314964
v 1839.92687988 2778.52563477 14.51228523
v 1839.87365723 2782.45288086 15.5843792
v 1839.86938477 2778.52636719 15.09770966
v 1839.93640137 2781.95629883 16.26316071
v 1839.92700195 2778.52685547 15.68316364
v 1840.09765625 2778.52758789 16.24616051
v 1840.20361328 2782.0534668 17.06933212
v 1840.37487793 2778.52807617 16.76503372
v 1840.60705566 2781.90893555 17.64656258
v 1840.74780273 2778.52880859 17.21998596
v 1841.18054199 2781.42553711 18.03455734
v 1841.20239258 2778.52905273 17.59336472
v 1841.72106934 2778.52954102 17.8709259
v 1841.90270996 2781.53710938 18.44230461
v 1842.28393555 2778.52978516 18.04184914
v 1842.62927246 2781.61621094 18.62375259
v 1842.86938477 2778.52978516 18.09957695
v 1843.34741211 2781.66845703 18.61003304
v 1843.45483398 2778.52978516 18.04184914
v 1844.10522461 2781.47729492 18.31373787
v 1844.0177002 2778.52954102 17.8709259
v 1844.53637695 2778.52905273 17.59336472
v 1844.79077148 2781.83325195 17.97244453
v 1844.99084473 2778.52880859 17.21998596
v 1845.30517578 2781.96240234 17.43364906
v 1845.3638916 2778.52807617 16.76503372
v 1845.67895508 2781.85644531 16.67289925
v 1845.64099121 2778.52758789 16.24616051
v 1845.81176758 2778.52685547 15.68316364
v 1845.85803223 2782.34057617 15.99034023
v 1845.86938477 2778.52636719 15.09770966
v 1845.82824707 2782.54003906 15.26117611
v 1845.81176758 2778.52563477 14.51228523
v 1845.64111328 2778.52490234 13.94924641
v 1845.59448242 2782.41381836 14.43359852
v 1845.36401367 2778.52441406 13.43039131
v 1845.1550293 2782.90600586 13.85934544
v 1844.9909668 2778.52368164 12.97546005
v 1844.59936523 2782.95532227 13.34419632
v 1844.53649902 2778.5234375 12.60214329
v 1843.97583008 2782.0925293 12.76810932
v 1844.0177002 2778.52294922 12.32466412
v 1842.28405762 2795.98608398 30.06939888
v 1842.6126709 2795.41210938 25.40514565
v 1842.86938477 2796.04370117 30.06933212
v 1843.42480469 2795.45654297 25.7385788
v 1843.45458984 2795.98608398 30.06939888
v 1844.01745605 2795.81542969 30.06959915
v 1844.2010498 2795.109375 25.43791962
v 1844.53613281 2795.53808594 30.06992149
v 1844.82312012 2794.69042969 25.46729851
v 1844.99072266 2795.16503906 30.07035637
v 1845.3182373 2794.17822266 25.65470123
v 1845.36376953 2794.71044922 30.07088661
v 1845.64099121 2794.19165039 30.07149124
v 1845.68359375 2793.59985352 26.18273163
v 1845.81176758 2793.62890625 30.07214737
v 1845.85888672 2792.75488281 26.06962776
v 1845.86938477 2793.04370117 30.07282829
v 1845.82739258 2792.03320312 26.27580452
v 1845.81176758 2792.45849609 30.07351112
v 1845.64099121 2791.89575195 30.07416725
v 1845.59594727 2791.38427734 26.76515388
v 1845.36376953 2791.37695312 30.07477188
v 1845.16760254 2790.66186523 26.67575836
v 1844.99072266 2790.92236328 30.07530212
v 1844.6463623 2790.20166016 26.84672737
v 1844.53613281 2790.54931641 30.075737
v 1844.11621094 2790.02539062 27.43912888
v 1844.01745605 2790.27197266 30.07605934
v 1843.38391113 2789.68676758 27.00579453
v 1843.45458984 2790.10131836 30.07625771
v 1842.86938477 2790.04370117 30.07632637
v 1842.48986816 2789.66308594 26.99584198
v 1842.28405762 2790.10131836 30.07625771
v 1841.68835449 2789.890625 27.00379562
v 1841.72131348 2790.27197266 30.07605934
v 1841.20263672 2790.54931641 30.075737
v 1840.97509766 2790.26416016 26.73053932
v 1840.74804688 2790.92236328 30.07530212
v 1840.44519043 2790.81152344 26.61255836
v 1840.375 2791.37695312 30.07477188
v 1840.06359863 2791.56591797 26.70966911
v 1840.09777832 2791.89575195 30.07416725
v 1839.92700195 2792.45849609 30.07351112
v 1839.88134766 2792.25512695 26.20917702
v 1839.86938477 2793.04370117 30.07282829
v 1839.90930176 2792.98266602 26.00156021
v 1839.92700195 2793.62890625 30.07214737
v 1840.14074707 2793.80029297 26.1282177
v 1840.09777832 2794.19165039 30.07149124
v 1840.375 2794.71044922 30.07088661
v 1840.57409668 2794.37304688 25.61331558
v 1840.74804688 2795.16503906 30.07035637
v 1841.12646484 2794.86889648 25.49262428
v 1841.20263672 2795.53808594 30.06992149
v 1841.82165527 2795.32910156 25.7945652
v 1841.72131348 2795.81542969 30.06959915
v 1842.76806641 2788.73779297 24.6421299
v 1842.00708008 2788.43945312 23.84612083
v 1842.71875 2786.84326172 21.92514801
v 1841.99902344 2786.31591797 21.21936417
v 1842.31835938 2784.25610352 19.76338387
v 1841.5814209 2784.20654297 19.45604706
v 1843.06811523 2784.43920898 19.92827797
v 1843.33581543 2788.34985352 23.87206459
v 1844.05371094 2788.89135742 24.41221428
v 1843.85107422 2784.43139648 19.73646927
v 1844.55212402 2784.61425781 19.43659592
v 1845.14709473 2784.9140625 18.99760818
v 1845.57714844 2785.14770508 18.36544418
v 1845.81921387 2785.50512695 17.71103668
v 1845.85913086 2785.97705078 17.06860924
v 1845.6907959 2786.2668457 16.34169388
v 1845.32446289 2786.59033203 15.71422958
v 1844.76074219 2786.91381836 15.2033329
v 1844.01538086 2786.72607422 14.58237839
v 1843.57531738 2786.76586914 21.72592354
v 1842.60009766 2787.5559082 14.82262993
v 1843.29016113 2788.10131836 15.19749546
v 1842.82983398 2791.21264648 17.81891632
v 1843.61999512 2790.96582031 17.69654083
v 1843.12426758 2793.77368164 21.3619175
v 1843.89257812 2793.56298828 21.33153152
v 1841.84765625 2787.19799805 14.80005074
v 1842.07629395 2790.93237305 17.67806625
v 1842.32080078 2793.74023438 21.38313293
v 1841.14538574 2786.94458008 15.07454014
v 1841.36450195 2790.60717773 17.77088356
v 1841.58691406 2793.47802734 21.4005146
v 1840.5489502 2786.66552734 15.55263138
v 1840.73913574 2790.2331543 18.07921791
v 1840.93151855 2793.02661133 21.46040344
v 1840.13049316 2786.36889648 16.16444588
v 1840.26074219 2789.81591797 18.55470467
v 1840.40002441 2792.56933594 21.84250832
v 1839.90454102 2786.08325195 16.88715935
v 1839.9642334 2789.31274414 19.08856201
v 1840.04296875 2791.9699707 22.20068741
v 1839.88769531 2785.61669922 17.52719498
v 1839.86962891 2788.76147461 19.6576786
v 1839.87841797 2791.25561523 22.50883293
v 1840.07214355 2785.25732422 18.1898365
v 1839.98388672 2788.22827148 20.22438622
v 1839.92260742 2790.62158203 23.0026741
v 1840.44396973 2785.00244141 18.83240509
v 1840.29431152 2787.73681641 20.74957275
v 1840.1706543 2789.98217773 23.39043617
v 1840.96374512 2784.59155273 19.22777557
v 1840.78259277 2787.29907227 21.18317604
v 1840.61291504 2789.36254883 23.64909935
v 1841.234375 2788.89941406 23.92349815
v 1841.39099121 2786.87890625 21.40402794
v 1844.5916748 2793.13037109 21.30810356
v 1844.33728027 2790.49267578 17.6252594
v 1845.1685791 2792.68188477 21.58976173
v 1844.98242188 2790.20092773 18.02228546
v 1845.58813477 2792.19116211 22.05804253
v 1845.46911621 2789.80151367 18.51786041
v 1845.82299805 2791.55639648 22.44476128
v 1845.7689209 2789.33520508 19.08103371
v 1845.85766602 2790.82885742 22.76471519
v 1845.86938477 2788.77880859 19.63358879
v 1845.68688965 2790.21972656 23.24152946
v 1845.76171875 2788.22460938 20.18578529
v 1845.32324219 2789.62524414 23.6035099
v 1845.45593262 2787.75024414 20.73557281
v 1844.77185059 2789.09594727 23.87344933
v 1844.96398926 2787.32714844 21.20162773
v 1844.31652832 2787.046875 21.60366249
v 1913.45483398 2778.52270508 12.15380478
v 1913.24182129 2783.71484375 13.03094673
v 1912.86938477 2778.52270508 12.09610462
v 1912.41137695 2783.27880859 12.90457535
v 1912.28393555 2778.52270508 12.15380478
v 1911.62207031 2782.78588867 13.00729465
v 1911.72106934 2778.52294922 12.32466412
v 1911.20227051 2778.5234375 12.60214329
v 1910.90893555 2782.95361328 13.53151417
v 1910.74768066 2778.52368164 12.97546005
v 1910.36071777 2782.50561523 14.05363464
v 1910.37463379 2778.52441406 13.43039131
v 1910.09753418 2778.52490234 13.94924641
v 1910.0098877 2782.64746094 14.86314964
v 1909.92687988 2778.52563477 14.51228523
v 1909.87365723 2782.45288086 15.5843792
v 1909.86938477 2778.52636719 15.09770966
v 1909.93640137 2781.95629883 16.26316071
v 1909.92700195 2778.52685547 15.68316364
v 1910.09765625 2778.52758789 16.24616051
v 1910.20361328 2782.0534668 17.06933212
v 1910.37487793 2778.52807617 16.76503372
v 1910.60705566 2781.90893555 17.64656258
v 1910.74780273 2778.52880859 17.21998596
v 1911.18054199 2781.42553711 18.03455734
v 1911.20239258 2778.52905273 17.59336472
v 1911.72106934 2778.52954102 17.8709259
v 1911.90270996 2781.53710938 18.44230461
v 1912.28393555 2778.52978516 18.04184914
v 1912.62927246 2781.61621094 18.62375259
v 1912.86938477 2778.52978516 18.09957695
v 1913.34741211 2781.66845703 18.61003304
v 1913.45483398 2778.52978516 18.04184914
v 1914.10522461 2781.47729492 18.31373787
v 1914.0177002 2778.52954102 17.8709259
v 1914.53637695 2778.52905273 17.59336472
v 1914.79077148 2781.83325195 17.97244453
v 1914.99084473 2778.52880859 17.21998596
v 1915.30517578 2781.96240234 17.43364906
v 1915.3638916 2778.52807617 16.76503372
v 1915.67895508 2781.85644531 16.67289925
v 1915.64099121 2778.52758789 16.24616051
v 1915.81176758 2778.52685547 15.68316364
v 1915.85803223 2782.34057617 15.99034023
v 1915.86938477 2778.52636719 15.09770966
v 1915.82824707 2782.54003906 15.26117611
v 1915.81176758 2778.52563477 14.51228523
v 1915.64111328 2778.52490234 13.94924641
v 1915.59448242 2782.41381836 14.43359852
v 1915.36401367 2778.52441406 13.43039131
v 1915.1550293 2782.90600586 13.85934544
v 1914.9909668 2778.52368164 12.97546005
v 1914.59936523 2782.95532227 13.34419632
v 1914.53649902 2778.5234375 12.60214329
v 1913.97583008 2782.0925293 12.76810932
v 1914.0177002 2778.52294922 12.32466412
v 1912.28405762 2795.98608398 30.06939888
v 1912.6126709 2795.41210938 25.40514565
v 1912.86938477 2796.04370117 30.06933212
v 1913.42480469 2795.45654297 25.7385788
v 1913.45458984 2795.98608398 30.06939888
v 1914.01745605 2795.81542969 30.06959915
v 1914.2010498 2795.109375 25.43791962
v 1914.53613281 2795.53808594 30.06992149
v 1914.82312012 2794.69042969 25.46729851
v 1914.99072266 2795.16503906 30.07035637
v 1915.3182373 2794.17822266 25.65470123
v 1915.36376953 2794.71044922 30.07088661
v 1915.64099121 2794.19165039 30.07149124
v 1915.68359375 2793.59985352 26.18273163
v 1915.81176758 2793.62890625 30.07214737
v 1915.85888672 2792.75488281 26.06962776
v 1915.86938477 2793.04370117 30.07282829
v 1915.82739258 2792.03320312 26.27580452
v 1915.81176758 2792.45849609 30.07351112
v 1915.64099121 2791.89575195 30.07416725
v 1915.59594727 2791.38427734 26.76515388
v 1915.36376953 2791.37695312 30.07477188
v 1915.16760254 2790.66186523 26.67575836
v 1914.99072266 2790.92236328 30.07530212
v 1914.6463623 2790.20166016 26.84672737
v 1914.53613281 2790.54931641 30.075737
v 1914.11621094 2790.02539062 27.43912888
v 1914.01745605 2790.27197266 30.07605934
v 1913.38391113 2789.68676758 27.00579453
v 1913.45458984 2790.10131836 30.07625771
v 1912.86938477 2790.04370117 30.07632637
v 1912.48986816 2789.66308594 26.99584198
v 1912.28405762 2790.10131836 30.07625771
v 1911.68835449 2789.890625 27.00379562
v 1911.72131348 2790.27197266 30.07605934
v 1911.20263672 2790.54931641 30.075737
v 1910.97509766 2790.26416016 26.73053932
v 1910.74804688 2790.92236328 30.07530212
v 1910.44519043 2790.81152344 26.61255836
v 1910.375 2791.37695312 30.07477188
v 1910.06359863 2791.56591797 26.70966911
v 1910.09777832 2791.89575195 30.07416725
v 1909.92700195 2792.45849609 30.07351112
v 1909.88134766 2792.25512695 26.20917702
v 1909.86938477 2793.04370117 30.07282829
v 1909.90930176 2792.98266602 26.00156021
v 1909.92700195 2793.62890625 30.07214737
v 1910.14074707 2793.80029297 26.1282177
v 1910.09777832 2794.19165039 30.07149124
v 1910.375 2794.71044922 30.07088661
v 1910.57409668 2794.37304688 25.61331558
v 1910.74804688 2795.16503906 30.07035637
v 1911.12646484 2794.86889648 25.49262428
v 1911.20263672 2795.53808594 30.06992149
v 1911.82165527 2795.32910156 25.7945652
v 1911.72131348 2795.81542969 30.06959915
v 1912.76806641 2788.73779297 24.6421299
v 1912.00708008 2788.43945312 23.84612083
v 1912.71875 2786.84326172 21.92514801
v 1911.99902344 2786.31591797 21.21936417
v 1912.31835938 2784.25610352 19.76338387
v 1911.5814209 2784.20654297 19.45604706
v 1913.06811523 2784.43920898 19.92827797
v 1913.33581543 2788.34985352 23.87206459
v 1914.05371094 2788.89135742 24.41221428
v 1913.85107422 2784.43139648 19.73646927
v 1914.55212402 2784.61425781 19.43659592
v 1915.14709473 2784.9140625 18.99760818
v 1915.57714844 2785.14770508 18.36544418
v 1915.81921387 2785.50512695 17.71103668
v 1915.85913086 2785.97705078 17.06860924
v 1915.6907959 2786.2668457 16.34169388
v 1915.32446289 2786.59033203 15.71422958
v 1914.76074219 2786.91381836 15.2033329
v 1914.01538086 2786.72607422 14.58237839
v 1913.57531738 2786.76586914 21.72592354
v 1912.60009766 2787.5559082 14.82262993
v 1913.29016113 2788.10131836 15.19749546
v 1912.82983398 2791.21264648 17.81891632
v 1913.61999512 2790.96582031 17.69654083
v 1913.12426758 2793.77368164 21.3619175
v 1913.89257812 2793.56298828 21.33153152
v 1911.84765625 2787.19799805 14.80005074
v 1912.07629395 2790.93237305 17.67806625
v 1912.32080078 2793.74023438 21.38313293
v 1911.14538574 2786.94458008 15.07454014
v 1911.36450195 2790.60717773 17.77088356
v 1911.58691406 2793.47802734 21.4005146
v 1910.5489502 2786.66552734 15.55263138
v 1910.73913574 2790.2331543 18.07921791
v 1910.93151855 2793.02661133 21.46040344
v 1910.13049316 2786.36889648 16.16444588
v 1910.26074219 2789.81591797 18.55470467
v 1910.40002441 2792.56933594 21.84250832
v 1909.90454102 2786.08325195 16.88715935
v 1909.9642334 2789.31274414 19.08856201
v 1910.04296875 2791.9699707 22.20068741
v 1909.88769531 2785.61669922 17.52719498
v 1909.86962891 2788.76147461 19.6576786
v 1909.87841797 2791.25561523 22.50883293
v 1910.07214355 2785.25732422 18.1898365
v 1909.98388672 2788.22827148 20.22438622
v 1909.92260742 2790.62158203 23.0026741
v 1910.44396973 2785.00244141 18.83240509
v 1910.29431152 2787.73681641 20.74957275
v 1910.1706543 2789.98217773 23.39043617
v 1910.96374512 2784.59155273 19.22777557
v 1910.78259277 2787.29907227 21.18317604
v 1910.61291504 2789.36254883 23.64909935
v 1911.234375 2788.89941406 23.92349815
v 1911.39099121 2786.87890625 21.40402794
v 1914.5916748 2793.13037109 21.30810356
v 1914.33728027 2790.49267578 17.6252594
v 1915.1685791 2792.68188477 21.58976173
v 1914.98242188 2790.20092773 18.02228546
v 1915.58813477 2792.19116211 22.05804253
v 1915.46911621 2789.80151367 18.51786041
v 1915.82299805 2791.55639648 22.44476128
v 1915.7689209 2789.33520508 19.08103371
v 1915.85766602 2790.82885742 22.76471519
v 1915.86938477 2788.77880859 19.63358879
v 1915.68688965 2790.21972656 23.24152946
v 1915.76171875 2788.22460938 20.18578529
v 1915.32324219 2789.62524414 23.6035099
v 1915.45593262 2787.75024414 20.73557281
v 1914.77185059 2789.09594727 23.87344933
v 1914.96398926 2787.32714844 21.20162773
v 1914.31652832 2787.046875 21.60366249
v 2122.28417969 2795.98608398 30.06939888
v 2122.61254883 2795.41210938 25.40514565
v 2122.86938477 2796.04370117 30.06933212
v 2123.42480469 2795.45654297 25.7385788
v 2123.45458984 2795.98608398 30.06939888
v 2124.01733398 2795.81542969 30.06959915
v 2124.20092773 2795.109375 25.43791962
v 2124.53613281 2795.53808594 30.06992149
v 2124.82299805 2794.69042969 25.46729851
v 2124.99072266 2795.16503906 30.07035637
v 2125.31811523 2794.17822266 25.65470123
v 2125.36376953 2794.71044922 30.07088661
v 2125.64111328 2794.19165039 30.07149124
v 2125.68359375 2793.59985352 26.18273163
v 2125.81176758 2793.62890625 30.07214737
v 2125.85888672 2792.75488281 26.06962776
v 2125.86938477 2793.04370117 30.07282829
v 2125.82739258 2792.03320312 26.27580452
v 2125.81176758 2792.45849609 30.07351112
v 2125.64111328 2791.89575195 30.07416725
v 2125.59594727 2791.38427734 26.76515388
v 2125.36376953 2791.37695312 30.07477188
v 2125.16748047 2790.66186523 26.67575836
v 2124.99072266 2790.92236328 30.07530212
v 2124.64648438 2790.20166016 26.84672737
v 2124.53613281 2790.54931641 30.075737
v 2124.11621094 2790.02539062 27.43912888
v 2124.01733398 2790.27197266 30.07605934
v 2123.3840332 2789.68676758 27.00579453
v 2123.45458984 2790.10131836 30.07625771
v 2122.86938477 2790.04370117 30.07632637
v 2122.48999023 2789.66308594 26.99584198
v 2122.28417969 2790.10131836 30.07625771
v 2121.68823242 2789.890625 27.00379562
v 2121.72143555 2790.27197266 30.07605934
v 2121.20263672 2790.54931641 30.075737
v 2120.97509766 2790.26416016 26.73053932
v 2120.74804688 2790.92236328 30.07530212
v 2120.44506836 2790.81152344 26.61255836
v 2120.375 2791.37695312 30.07477188
v 2120.06347656 2791.56591797 26.70966911
v 2120.09765625 2791.89575195 30.07416725
v 2119.92700195 2792.45849609 30.07351112
v 2119.88134766 2792.25512695 26.20917702
v 2119.86938477 2793.04370117 30.07282829
v 2119.90942383 2792.98266602 26.00156021
v 2119.92700195 2793.62890625 30.07214737
v 2120.14086914 2793.80029297 26.1282177
v 2120.09765625 2794.19165039 30.07149124
v 2120.375 2794.71044922 30.07088661
v 2120.57421875 2794.37304688 25.61331558
v 2120.74804688 2795.16503906 30.07035637
v 2121.12646484 2794.86889648 25.49262428
v 2121.20263672 2795.53808594 30.06992149
v 2121.82177734 2795.32910156 25.7945652
v 2121.72143555 2795.81542969 30.06959915
v 2123.45483398 2778.52270508 12.15380478
v 2123.24194336 2783.71484375 13.03094673
v 2122.86938477 2778.52270508 12.09610462
v 2122.41137695 2783.27880859 12.90457535
v 2122.28393555 2778.52270508 12.15380478
v 2121.62207031 2782.78588867 13.00729465
v 2121.72094727 2778.52294922 12.32466412
v 2121.20239258 2778.5234375 12.60214329
v 2120.90893555 2782.95361328 13.53151417
v 2120.74780273 2778.52368164 12.97546005
v 2120.36083984 2782.50561523 14.05363464
v 2120.37475586 2778.52441406 13.43039131
v 2120.09765625 2778.52490234 13.94924641
v 2120.00976562 2782.64746094 14.86314964
v 2119.92700195 2778.52563477 14.51228523
v 2119.8737793 2782.45288086 15.5843792
v 2119.86938477 2778.52636719 15.09770966
v 2119.9362793 2781.95629883 16.26316071
v 2119.92700195 2778.52685547 15.68316364
v 2120.09765625 2778.52758789 16.24616051
v 2120.20361328 2782.0534668 17.06933212
v 2120.37475586 2778.52807617 16.76503372
v 2120.60717773 2781.90893555 17.64656258
v 2120.74780273 2778.52880859 17.21998596
v 2121.18041992 2781.42553711 18.03455734
v 2121.20239258 2778.52905273 17.59336472
v 2121.72119141 2778.52954102 17.8709259
v 2121.90283203 2781.53710938 18.44230461
v 2122.28393555 2778.52978516 18.04184914
v 2122.62939453 2781.61621094 18.62375259
v 2122.86938477 2778.52978516 18.09957695
v 2123.34741211 2781.66845703 18.61003304
v 2123.45483398 2778.52978516 18.04184914
v 2124.10522461 2781.47729492 18.31373787
v 2124.01757812 2778.52954102 17.8709259
v 2124.53637695 2778.52905273 17.59336472
v 2124.79077148 2781.83325195 17.97244453
v 2124.9909668 2778.52880859 17.21998596
v 2125.30517578 2781.96240234 17.43364906
v 2125.36401367 2778.52807617 16.76503372
v 2125.67895508 2781.85644531 16.67289925
v 2125.64111328 2778.52758789 16.24616051
v 2125.81176758 2778.52685547 15.68316364
v 2125.8581543 2782.34057617 15.99034023
v 2125.86938477 2778.52636719 15.09770966
v 2125.828125 2782.54003906 15.26117611
v 2125.81176758 2778.52563477 14.51228523
v 2125.64111328 2778.52490234 13.94924641
v 2125.59448242 2782.41381836 14.43359852
v 2125.36401367 2778.52441406 13.43039131
v 2125.1550293 2782.90600586 13.85934544
v 2124.9909668 2778.52368164 12.97546005
v 2124.59936523 2782.95532227 13.34419632
v 2124.53637695 2778.5234375 12.60214329
v 2123.97583008 2782.0925293 12.76810932
v 2124.01757812 2778.52294922 12.32466412
v 2122.76806641 2788.73779297 24.6421299
v 2122.00708008 2788.43945312 23.84612083
v 2122.71875 2786.84326172 21.92514801
v 2121.99902344 2786.31591797 21.21936417
v 2122.31835938 2784.25610352 19.76338387
v 2121.58154297 2784.20654297 19.45604706
v 2123.06811523 2784.43920898 19.92827797
v 2123.33569336 2788.34985352 23.87206459
v 2124.05371094 2788.89135742 24.41221428
v 2123.85107422 2784.43139648 19.73646927
v 2124.55224609 2784.61425781 19.43659592
v 2125.14697266 2784.9140625 18.99760818
v 2125.57714844 2785.14770508 18.36544418
v 2125.8190918 2785.50512695 17.71103668
v 2125.85913086 2785.97705078 17.06860924
v 2125.69067383 2786.2668457 16.34169388
v 2125.32446289 2786.59033203 15.71422958
v 2124.76074219 2786.91381836 15.2033329
v 2124.01538086 2786.72607422 14.58237839
v 2123.57543945 2786.76586914 21.72592354
v 2121.234375 2788.89941406 23.92349815
v 2121.39111328 2786.87890625 21.40402794
v 2120.61303711 2789.36254883 23.64909935
v 2120.7824707 2787.29907227 21.18317604
v 2120.96386719 2784.59155273 19.22777557
v 2120.1706543 2789.98217773 23.39043617
v 2120.29418945 2787.73681641 20.74957275
v 2120.44384766 2785.00244141 18.83240509
v 2119.92260742 2790.62158203 23.0026741
v 2119.98388672 2788.22827148 20.22438622
v 2120.07226562 2785.25732422 18.1898365
v 2119.87841797 2791.25561523 22.50883293
v 2119.86962891 2788.76147461 19.6576786
v 2119.88769531 2785.61669922 17.52719498
v 2120.04296875 2791.9699707 22.20068741
v 2119.96435547 2789.31274414 19.08856201
v 2119.90454102 2786.08325195 16.88715935
v 2120.40014648 2792.56933594 21.84250832
v 2120.26074219 2789.81591797 18.55470467
v 2120.13037109 2786.36889648 16.16444588
v 2120.93164062 2793.02661133 21.46040344
v 2120.73925781 2790.2331543 18.07921791
v 2120.54907227 2786.66552734 15.55263138
v 2121.58691406 2793.47802734 21.4005146
v 2121.36450195 2790.60717773 17.77088356
v 2121.14550781 2786.94458008 15.07454014
v 2122.32080078 2793.74023438 21.38313293
v 2122.07617188 2790.93237305 17.67806625
v 2121.84765625 2787.19799805 14.80005074
v 2123.12426758 2793.77368164 21.3619175
v 2122.82983398 2791.21264648 17.81891632
v 2122.60009766 2787.5559082 14.82262993
v 2123.89257812 2793.56298828 21.33153152
v 2123.62011719 2790.96582031 17.69654083
v 2123.2902832 2788.10131836 15.19749546
v 2124.59179688 2793.13037109 21.30810356
v 2124.3371582 2790.49267578 17.6252594
v 2125.16870117 2792.68188477 21.58976173
v 2124.98242188 2790.20092773 18.02228546
v 2125.58813477 2792.19116211 22.05804253
v 2125.46899414 2789.80151367 18.51786041
v 2125.82299805 2791.55639648 22.44476128
v 2125.76879883 2789.33520508 19.08103371
v 2125.85766602 2790.82885742 22.76471519
v 2125.86938477 2788.77880859 19.63358879
v 2125.68701172 2790.21972656 23.24152946
v 2125.76171875 2788.22460938 20.18578529
v 2125.32324219 2789.62524414 23.6035099
v 2125.45605469 2787.75024414 20.73557281
v 2124.77172852 2789.09594727 23.87344933
v 2124.96386719 2787.32714844 21.20162773
v 2124.31665039 2787.046875 21.60366249
v 2076.86938477 2781.50878906 0.08625343
v 2082.86938477 2781.50878906 0.08625343
v 2075.97607422 2780.2722168 1.32560313
v 2083.76269531 2780.2722168 1.32560313
v 2075.4128418 2779.75537109 1.84378028
v 2084.32592773 2779.75537109 1.84378028
v 2074.78491211 2779.31884766 2.2812674
v 2084.95385742 2779.31884766 2.2812674
v 2074.10375977 2778.97094727 2.63009071
v 2085.63500977 2778.97094727 2.63009071
v 2073.38208008 2778.7175293 2.88389325
v 2086.35668945 2778.7175293 2.88389325
v 2072.63256836 2778.5637207 3.03804874
v 2087.10620117 2778.5637207 3.03804874
v 2071.86938477 2778.51220703 3.08974814
v 2087.86938477 2778.51220703 3.08974814
v 2050.35961914 2778.51220703 3.08974814
v 2051.38745117 2778.5637207 3.03804874
v 2071.10620117 2778.5637207 3.03804874
v 2052.29321289 2778.7175293 2.88389325
v 2070.35668945 2778.7175293 2.88389325
v 2053.06054688 2778.97094727 2.63009071
v 2069.63500977 2778.97094727 2.63009071
v 2068.95385742 2779.31884766 2.2812674
v 2053.67529297 2779.31884766 2.2812674
v 2053.921875 2779.52661133 2.07314467
v 2068.32592773 2779.75537109 1.84378028
v 2054.1262207 2779.75537109 1.84378028
v 2067.76269531 2780.2722168 1.32560313
v 2054.40551758 2780.2722168 1.32560313
v 2054.50756836 2780.86035156 0.73618001
v 2054.43066406 2781.50878906 0.08625343
v 2066.86938477 2781.50878906 0.08625343
v 2092.86938477 2781.50878906 0.08625343
v 2098.86938477 2781.50878906 0.08625343
v 2091.97607422 2780.2722168 1.32560313
v 2099.76269531 2780.2722168 1.32560313
v 2091.4128418 2779.75537109 1.84378028
v 2100.32592773 2779.75537109 1.84378028
v 2090.78491211 2779.31884766 2.2812674
v 2100.95385742 2779.31884766 2.2812674
v 2090.10375977 2778.97094727 2.63009071
v 2101.63500977 2778.97094727 2.63009071
v 2089.38208008 2778.7175293 2.88389325
v 2102.35668945 2778.7175293 2.88389325
v 2088.63256836 2778.5637207 3.03804874
v 2103.10620117 2778.5637207 3.03804874
v 2103.86938477 2778.51220703 3.08974814
v 1911.3079834 2781.50878906 0.08625343
v 1911.23120117 2780.86035156 0.73618001
v 1807.86938477 2781.50878906 0.08625343
v 1911.33325195 2780.2722168 1.32560313
v 1807.86938477 2778.51220703 3.08974814
v 1911.61242676 2779.75537109 1.84378028
v 1911.81689453 2779.52661133 2.07314467
v 1912.06347656 2779.31884766 2.2812674
v 1912.67822266 2778.97094727 2.63009071
v 1913.44543457 2778.7175293 2.88389325
v 1914.35119629 2778.5637207 3.03804874
v 1915.37902832 2778.51220703 3.08974814
v 2027.7322998 2778.51220703 3.08974814
v 2028.76000977 2778.5637207 3.03804874
v 2048.01489258 2778.7175293 2.88389325
v 2029.66589355 2778.7175293 2.88389325
v 2030.43310547 2778.97094727 2.63009071
v 2045.42907715 2779.31884766 2.2812674
v 2031.04785156 2779.31884766 2.2812674
v 2031.29443359 2779.52661133 2.07314467
v 2031.49890137 2779.75537109 1.84378028
v 2042.78979492 2780.2722168 1.32560313
v 2031.77807617 2780.2722168 1.32560313
v 2031.88012695 2780.86035156 0.73618001
v 2031.80334473 2781.50878906 0.08625343
v 2040.28857422 2781.50878906 0.08625343
v 2108.86938477 2781.50878906 0.08625343
v 2114.86938477 2781.50878906 0.08625343
v 2107.97607422 2780.2722168 1.32560313
v 2115.76269531 2780.2722168 1.32560313
v 2107.4128418 2779.75537109 1.84378028
v 2116.32592773 2779.75537109 1.84378028
v 2106.78491211 2779.31884766 2.2812674
v 2116.95385742 2779.31884766 2.2812674
v 2106.10375977 2778.97094727 2.63009071
v 2117.63500977 2778.97094727 2.63009071
v 2105.38208008 2778.7175293 2.88389325
v 2118.35668945 2778.7175293 2.88389325
v 2104.63256836 2778.5637207 3.03804874
v 2119.10620117 2778.5637207 3.03804874
v 2119.86938477 2778.51220703 3.08974814
v 2124.86938477 2781.50878906 0.08625343
v 2130.86938477 2781.50878906 0.08625343
v 2123.97607422 2780.2722168 1.32560313
v 2131.76269531 2780.2722168 1.32560313
v 2123.4128418 2779.75537109 1.84378028
v 2132.32592773 2779.75537109 1.84378028
v 2122.78491211 2779.31884766 2.2812674
v 2132.95385742 2779.31884766 2.2812674
v 2122.10375977 2778.97094727 2.63009071
v 2133.63500977 2778.97094727 2.63009071
v 2121.38208008 2778.7175293 2.88389325
v 2134.35668945 2778.7175293 2.88389325
v 2120.63256836 2778.5637207 3.03804874
v 2135.10620117 2778.5637207 3.03804874
v 2135.86938477 2778.51220703 3.08974814
v 2005.1048584 2778.51220703 3.08974814
v 2006.13269043 2778.5637207 3.03804874
v 2025.38745117 2778.7175293 2.88389325
v 2007.03845215 2778.7175293 2.88389325
v 2007.80566406 2778.97094727 2.63009071
v 2022.80163574 2779.31884766 2.2812674
v 2008.42041016 2779.31884766 2.2812674
v 2008.66699219 2779.52661133 2.07314467
v 2008.87145996 2779.75537109 1.84378028
v 2020.16235352 2780.2722168 1.32560313
v 2009.15063477 2780.2722168 1.32560313
v 2009.25268555 2780.86035156 0.73618001
v 2009.17590332 2781.50878906 0.08625343
v 2017.66125488 2781.50878906 0.08625343
v 1933.9354248 2781.50878906 0.08625343
v 1933.85864258 2780.86035156 0.73618001
v 1925.45007324 2781.50878906 0.08625343
v 1922.94897461 2780.2722168 1.32560313
v 1933.96069336 2780.2722168 1.32560313
v 1934.23986816 2779.75537109 1.84378028
v 1920.30969238 2779.31884766 2.2812674
v 1934.44433594 2779.52661133 2.07314467
v 1934.69091797 2779.31884766 2.2812674
v 1935.30566406 2778.97094727 2.63009071
v 1917.72387695 2778.7175293 2.88389325
v 1936.07287598 2778.7175293 2.88389325
v 1936.9786377 2778.5637207 3.03804874
v 1938.00646973 2778.51220703 3.08974814
v 2136.63256836 2778.5637207 3.03804874
v 2157.86938477 2778.51220703 3.08974814
v 2137.38208008 2778.7175293 2.88389325
v 2138.10375977 2778.97094727 2.63009071
v 2138.78491211 2779.31884766 2.2812674
v 2139.4128418 2779.75537109 1.84378028
v 2139.97607422 2780.2722168 1.32560313
v 2140.86938477 2781.50878906 0.08625343
v 2157.86938477 2781.50878906 0.08625343
v 1960.63391113 2778.51220703 3.08974814
v 2002.76013184 2778.7175293 2.88389325
v 1962.9786377 2778.7175293 2.88389325
v 2000.17419434 2779.31884766 2.2812674
v 1965.5645752 2779.31884766 2.2812674
v 1997.53491211 2780.2722168 1.32560313
v 1968.20373535 2780.2722168 1.32560313
v 1995.03381348 2781.50878906 0.08625343
v 1970.70495605 2781.50878906 0.08625343
v 1956.56274414 2781.50878906 0.08625343
v 1956.48608398 2780.86035156 0.73618001
v 1948.07751465 2781.50878906 0.08625343
v 1945.57641602 2780.2722168 1.32560313
v 1956.58813477 2780.2722168 1.32560313
v 1956.86730957 2779.75537109 1.84378028
v 1942.93713379 2779.31884766 2.2812674
v 1957.07177734 2779.52661133 2.07314467
v 1957.31835938 2779.31884766 2.2812674
v 1957.93310547 2778.97094727 2.63009071
v 1940.35119629 2778.7175293 2.88389325
v 1958.70031738 2778.7175293 2.88389325
v 1959.6060791 2778.5637207 3.03804874
v 2034.17089844 2855.50878906 1E-06
v 2025.68554688 2855.50878906 1E-06
v 2034.09411621 2856.15869141 0.64841431
v 2023.18444824 2856.74804688 1.23646498
v 2034.19616699 2856.74804688 1.23646498
v 2034.4753418 2857.26611328 1.75343561
v 2020.54516602 2857.70361328 2.18990397
v 2034.67980957 2857.49560547 1.98226595
v 2034.9263916 2857.70361328 2.18990397
v 2035.5411377 2858.05249023 2.53791523
v 2017.95935059 2858.30639648 2.79112673
v 2036.30834961 2858.30639648 2.79112673
v 2037.21411133 2858.46044922 2.9449234
v 2015.61450195 2858.51220703 2.99650216
v 2038.24194336 2858.51220703 2.99650216
v 2011.54345703 2855.50878906 1E-06
v 2003.05822754 2855.50878906 1E-06
v 2011.4666748 2856.15869141 0.64841431
v 2000.55700684 2856.74804688 1.23646498
v 2011.56884766 2856.74804688 1.23646498
v 2011.84790039 2857.26611328 1.75343561
v 1997.91772461 2857.70361328 2.18990397
v 2012.05236816 2857.49560547 1.98226595
v 2012.2989502 2857.70361328 2.18990397
v 2012.91369629 2858.05249023 2.53791523
v 1995.33190918 2858.30639648 2.79112673
v 2013.68103027 2858.30639648 2.79112673
v 2014.58679199 2858.46044922 2.9449234
v 1992.98706055 2858.51220703 2.99650216
v 2071.86938477 2858.51220703 2.99650216
v 2071.10620117 2858.46044922 2.9449234
v 2040.58679199 2858.30639648 2.79112673
v 2070.35668945 2858.30639648 2.79112673
v 2069.63500977 2858.05249023 2.53791523
v 2043.17260742 2857.70361328 2.18990397
v 2068.95385742 2857.70361328 2.18990397
v 2068.32592773 2857.26611328 1.75343561
v 2045.81188965 2856.74804688 1.23646498
v 2067.76269531 2856.74804688 1.23646498
v 2048.31298828 2855.50878906 1E-06
v 2066.86938477 2855.50878906 1E-06
v 1988.91601562 2855.50878906 1E-06
v 1976.82263184 2855.50878906 1E-06
v 1988.8392334 2856.15869141 0.64841431
v 1976.89941406 2856.15869141 0.64841431
v 1988.94140625 2856.74804688 1.23646498
v 1976.79736328 2856.74804688 1.23646498
v 1989.22045898 2857.26611328 1.75343561
v 1976.51818848 2857.26611328 1.75343561
v 1989.42492676 2857.49560547 1.98226595
v 1976.3137207 2857.49560547 1.98226595
v 1989.67150879 2857.70361328 2.18990397
v 1976.06713867 2857.70361328 2.18990397
v 1990.28625488 2858.05249023 2.53791523
v 1975.45239258 2858.05249023 2.53791523
v 1991.05358887 2858.30639648 2.79112673
v 1974.68518066 2858.30639648 2.79112673
v 1991.95935059 2858.46044922 2.9449234
v 1973.77941895 2858.46044922 2.9449234
v 1972.75158691 2858.51220703 2.99650216
v 2087.86938477 2858.51220703 2.99650216
v 2072.63256836 2858.46044922 2.9449234
v 2087.10620117 2858.46044922 2.9449234
v 2073.38208008 2858.30639648 2.79112673
v 2086.35668945 2858.30639648 2.79112673
v 2074.10375977 2858.05249023 2.53791523
v 2085.63500977 2858.05249023 2.53791523
v 2074.78491211 2857.70361328 2.18990397
v 2084.95385742 2857.70361328 2.18990397
v 2075.4128418 2857.26611328 1.75343561
v 2084.32592773 2857.26611328 1.75343561
v 2075.97607422 2856.74804688 1.23646498
v 2083.76269531 2856.74804688 1.23646498
v 2076.86938477 2855.50878906 1E-06
v 2082.86938477 2855.50878906 1E-06
v 1954.1953125 2855.50878906 1E-06
v 1954.27209473 2856.15869141 0.64841431
v 1962.68054199 2855.50878906 1E-06
v 1965.1817627 2856.74804688 1.23646498
v 1954.16992188 2856.74804688 1.23646498
v 1953.89086914 2857.26611328 1.75343561
v 1967.82092285 2857.70361328 2.18990397
v 1953.68640137 2857.49560547 1.98226595
v 1953.43981934 2857.70361328 2.18990397
v 1952.82507324 2858.05249023 2.53791523
v 1970.40686035 2858.30639648 2.79112673
v 1952.05773926 2858.30639648 2.79112673
v 1951.15197754 2858.46044922 2.9449234
v 1950.12414551 2858.51220703 2.99650216
v 2103.86938477 2858.51220703 2.99650216
v 2088.63256836 2858.46044922 2.9449234
v 2103.10620117 2858.46044922 2.9449234
v 2089.38208008 2858.30639648 2.79112673
v 2102.35668945 2858.30639648 2.79112673
v 2090.10375977 2858.05249023 2.53791523
v 2101.63500977 2858.05249023 2.53791523
v 2090.78491211 2857.70361328 2.18990397
v 2100.95385742 2857.70361328 2.18990397
v 2091.4128418 2857.26611328 1.75343561
v 2100.32592773 2857.26611328 1.75343561
v 2091.97607422 2856.74804688 1.23646498
v 2099.76269531 2856.74804688 1.23646498
v 2092.86938477 2855.50878906 1E-06
v 2098.86938477 2855.50878906 1E-06
v 1931.56787109 2855.50878906 1E-06
v 1931.64465332 2856.15869141 0.64841431
v 1940.05310059 2855.50878906 1E-06
v 1942.55432129 2856.74804688 1.23646498
v 1931.54248047 2856.74804688 1.23646498
v 1931.26342773 2857.26611328 1.75343561
v 1945.19360352 2857.70361328 2.18990397
v 1931.05895996 2857.49560547 1.98226595
v 1930.81237793 2857.70361328 2.18990397
v 1930.19763184 2858.05249023 2.53791523
v 1947.77941895 2858.30639648 2.79112673
v 1929.43029785 2858.30639648 2.79112673
v 1928.52453613 2858.46044922 2.9449234
v 1927.49682617 2858.51220703 2.99650216
v 2119.86938477 2858.51220703 2.99650216
v 2104.63256836 2858.46044922 2.9449234
v 2119.10620117 2858.46044922 2.9449234
v 2105.38208008 2858.30639648 2.79112673
v 2118.35668945 2858.30639648 2.79112673
v 2106.10375977 2858.05249023 2.53791523
v 2117.63500977 2858.05249023 2.53791523
v 2106.78491211 2857.70361328 2.18990397
v 2116.95385742 2857.70361328 2.18990397
v 2107.4128418 2857.26611328 1.75343561
v 2116.32592773 2857.26611328 1.75343561
v 2107.97607422 2856.74804688 1.23646498
v 2115.76269531 2856.74804688 1.23646498
v 2108.86938477 2855.50878906 1E-06
v 2114.86938477 2855.50878906 1E-06
v 1925.15197754 2858.30639648 2.79112673
v 1807.86938477 2858.51220703 2.99650216
v 1922.56616211 2857.70361328 2.18990397
v 1919.92687988 2856.74804688 1.23646498
v 1917.42565918 2855.50878906 1E-06
v 1807.86938477 2855.50878906 1E-06
v 2135.86938477 2858.51220703 2.99650216
v 2120.63256836 2858.46044922 2.9449234
v 2135.10620117 2858.46044922 2.9449234
v 2121.38208008 2858.30639648 2.79112673
v 2134.35668945 2858.30639648 2.79112673
v 2122.10375977 2858.05249023 2.53791523
v 2133.63500977 2858.05249023 2.53791523
v 2122.78491211 2857.70361328 2.18990397
v 2132.95385742 2857.70361328 2.18990397
v 2123.4128418 2857.26611328 1.75343561
v 2132.32592773 2857.26611328 1.75343561
v 2123.97607422 2856.74804688 1.23646498
v 2131.76269531 2856.74804688 1.23646498
v 2124.86938477 2855.50878906 1E-06
v 2130.86938477 2855.50878906 1E-06
v 2140.86938477 2855.50878906 1E-06
v 2139.97607422 2856.74804688 1.23646498
v 2157.86938477 2855.50878906 1E-06
v 2157.86938477 2858.51220703 2.99650216
v 2139.4128418 2857.26611328 1.75343561
v 2138.78491211 2857.70361328 2.18990397
v 2138.10375977 2858.05249023 2.53791523
v 2137.38208008 2858.30639648 2.79112673
v 2136.63256836 2858.46044922 2.9449234
v 2168.22216797 2779.87524414 3.08815956
v 2167.44555664 2782.76953125 0.08478394
v 2177.86938477 2783.87133789 3.08350182
v 2176.36938477 2786.46582031 0.08047561
v 2186.15356445 2790.22802734 3.07609248
v 2184.03222656 2792.34570312 0.07362206
v 2192.51049805 2798.51220703 3.06643653
v 2189.91235352 2800.00878906 0.06469032
v 2196.50634766 2808.15942383 3.05519199
v 2193.60864258 2808.93237305 0.0542891
v 2197.86938477 2818.51220703 3.04312515
v 2194.86938477 2818.50878906 0.04312721
v 2196.50634766 2828.86499023 3.03105831
v 2193.60864258 2828.08496094 0.03196533
v 2192.51049805 2838.51220703 3.01981378
v 2189.91235352 2837.00878906 0.02156411
v 2186.15356445 2846.79638672 3.01015782
v 2184.03222656 2844.67163086 0.01263238
v 2177.86938477 2853.15332031 3.00274849
v 2176.36938477 2850.55175781 0.00577882
v 2168.22216797 2857.14916992 2.99809098
v 2167.44555664 2854.24804688 0.00147049
v 1797.51660156 2857.14916992 2.99809098
v 1798.29309082 2854.24804688 0.00147049
v 1787.86938477 2853.15332031 3.00274849
v 1789.36938477 2850.55175781 0.00577882
v 1779.58508301 2846.79638672 3.01015782
v 1781.7064209 2844.67163086 0.01263238
v 1773.22839355 2838.51220703 3.01981378
v 1775.82641602 2837.00878906 0.02156411
v 1769.2322998 2828.86499023 3.03105831
v 1772.13012695 2828.08496094 0.03196533
v 1767.86938477 2818.51220703 3.04312515
v 1770.86938477 2818.50878906 0.04312721
v 1769.2322998 2808.15942383 3.05519199
v 1772.13012695 2808.93237305 0.0542891
v 1773.22839355 2798.51220703 3.06643653
v 1775.82641602 2800.00878906 0.06469032
v 1779.58508301 2790.22802734 3.07609248
v 1781.7064209 2792.34570312 0.07362206
v 1787.86938477 2783.87133789 3.08350182
v 1789.36938477 2786.46582031 0.08047561
v 1797.51660156 2779.87524414 3.08815956
v 1798.29309082 2782.76953125 0.08478394
v 1982.86938477 2816.30053711 0.04570098
v 1982.86938477 2816.8737793 0.69420373
v 1982.86938477 2817.56518555 1.28213549
v 1982.86938477 2819.25097656 2.23472333
v 1982.86938477 2821.23583984 2.83433509
v 1982.86938477 2823.37524414 3.03745699
v 1982.86938477 2825.51416016 2.82934856
v 1982.86938477 2827.49731445 2.22511172
v 1982.86938477 2829.1809082 1.26859653
v 1982.86938477 2829.87109375 0.67905438
v 1982.86938477 2830.44262695 0.02921728
v 2157.86938477 2778.54370117 30.08972931
v 2168.22216797 2779.90673828 30.08814049
v 2177.86938477 2783.90258789 30.08348274
v 2186.15356445 2790.25952148 30.0760746
v 2192.51049805 2798.54370117 30.06641769
v 2196.50634766 2808.19091797 30.05517387
v 2197.86938477 2818.54370117 30.04310608
v 2196.50634766 2828.89648438 30.03104019
v 2192.51049805 2838.54370117 30.01979446
v 2186.15356445 2846.82788086 30.01013947
v 2177.86938477 2853.18457031 30.00272942
v 2168.22216797 2857.18066406 29.99807167
v 2157.86938477 2858.54370117 29.99648476
v 1982.86938477 2807.81518555 0.0555912
v 1904.86938477 2842.95239258 0.01463635
v 1904.86938477 2842.38061523 0.66447347
v 1904.86938477 2841.69067383 1.25401568
v 1904.86938477 2840.00708008 2.21053076
v 1904.86938477 2838.02368164 2.8147676
v 1904.86938477 2835.88476562 3.02287626
v 1904.86938477 2833.74536133 2.81975436
v 1904.86938477 2831.76074219 2.22014236
v 1904.86938477 2830.07495117 1.26755452
v 1904.86938477 2829.38330078 0.67962283
v 1904.86938477 2828.81030273 0.03112004
v 1982.86938477 2838.92797852 0.01932706
v 1982.86938477 2839.5012207 0.66782981
v 1982.86938477 2840.19262695 1.2557615
v 1982.86938477 2841.87841797 2.20834947
v 1982.86938477 2843.86303711 2.80796123
v 1982.86938477 2846.00244141 3.01108313
v 1982.86938477 2848.14135742 2.80297446
v 1982.86938477 2850.12475586 2.19873786
v 1982.86938477 2851.80834961 1.24222267
v 1982.86938477 2852.49853516 0.65268046
v 1982.86938477 2853.07006836 0.00284337
v 1904.86938477 2820.32495117 0.04101026
v 1904.86938477 2819.75341797 0.6908474
v 1904.86938477 2819.06323242 1.28038955
v 1904.86938477 2817.37963867 2.23690486
v 1904.86938477 2815.39624023 2.84114146
v 1904.86938477 2813.25732422 3.04925013
v 1904.86938477 2811.11791992 2.84612823
v 1904.86938477 2809.13330078 2.24651623
v 1904.86938477 2807.44750977 1.29392838
v 1904.86938477 2806.75610352 0.70599675
v 1904.86938477 2806.18286133 0.05749395
v 1904.86938477 2797.69750977 0.06738418
v 1904.86938477 2797.12597656 0.71722132
v 1904.86938477 2796.43579102 1.30676341
v 1904.86938477 2794.75219727 2.26327872
v 1904.86938477 2792.76904297 2.86751533
v 1904.86938477 2790.62988281 3.07562399
v 1904.86938477 2788.49047852 2.87250209
v 1904.86938477 2786.50585938 2.27289033
v 1904.86938477 2784.82006836 1.32030237
v 1904.86938477 2784.12866211 0.73237062
v 1904.86938477 2783.55541992 0.08386787
v 1807.86938477 2778.54370117 30.08972931
v 2060.86938477 2783.55541992 0.08386787
v 2060.86938477 2784.12866211 0.73237062
v 2060.86938477 2784.82006836 1.32030237
v 2060.86938477 2786.50585938 2.27289033
v 2060.86938477 2788.49047852 2.87250209
v 2060.86938477 2790.62988281 3.07562399
v 2060.86938477 2792.76904297 2.86751533
v 2060.86938477 2794.75219727 2.26327872
v 2060.86938477 2796.43579102 1.30676341
v 2060.86938477 2797.12597656 0.71722132
v 2060.86938477 2797.69750977 0.06738418
v 2060.86938477 2806.18286133 0.05749395
v 2060.86938477 2806.75610352 0.70599675
v 2060.86938477 2807.44750977 1.29392838
v 2060.86938477 2809.13330078 2.24651623
v 2060.86938477 2811.11791992 2.84612823
v 2060.86938477 2813.25732422 3.04925013
v 2060.86938477 2815.39624023 2.84114146
v 2060.86938477 2817.37963867 2.23690486
v 2060.86938477 2819.06323242 1.28038955
v 2060.86938477 2819.75341797 0.6908474
v 2060.86938477 2820.32495117 0.04101026
v 1807.86938477 2858.54370117 29.99648476
v 2060.86938477 2835.88476562 3.02287626
v 2060.86938477 2838.02368164 2.8147676
v 2060.86938477 2840.00708008 2.21053076
v 2060.86938477 2841.69067383 1.25401568
v 2060.86938477 2842.38061523 0.66447347
v 2060.86938477 2842.95239258 0.01463635
v 2060.86938477 2833.74536133 2.81975436
v 2060.86938477 2831.76074219 2.22014236
v 2060.86938477 2830.07495117 1.26755452
v 2060.86938477 2829.38330078 0.67962283
v 2060.86938477 2828.81030273 0.03112004
v 2157.86938477 2786.50878906 0.08042556
v 2157.86938477 2796.50878906 0.06876983
v 2157.86938477 2802.50878906 0.06177639
v 2163.56347656 2797.25830078 0.06789608
v 2168.86938477 2799.45629883 0.06533437
v 2162.01049805 2803.05395508 0.06114093
v 2173.42578125 2802.95239258 0.06125928
v 2165.86938477 2804.65234375 0.05927787
v 2169.18310547 2807.19506836 0.05631417
v 2157.86938477 2824.50878906 0.03613377
v 2157.86938477 2812.50878906 0.05012066
v 2157.86938477 2850.50878906 0.00582887
v 2157.86938477 2840.50878906 0.0174846
v 2157.86938477 2834.50878906 0.02447804
v 2163.56347656 2839.7590332 0.01835835
v 2168.86938477 2837.5612793 0.02092006
v 2166.15161133 2849.41845703 0.00709978
v 2173.86938477 2846.22143555 0.0108259
v 2180.49682617 2841.13623047 0.0167533
v 2185.58227539 2834.50878906 0.02447804
v 2188.77905273 2826.79101562 0.03347369
v 2189.86938477 2818.50878906 0.04312721
v 2188.77905273 2810.2265625 0.05278074
v 2185.58227539 2802.50878906 0.06177639
v 2180.49682617 2795.88134766 0.06950113
v 2173.86938477 2790.79589844 0.07542853
v 2166.15161133 2787.59912109 0.07915465
v 2159.42236328 2824.30419922 0.03637207
v 2160.86938477 2823.70483398 0.03707072
v 2162.11206055 2822.75146484 0.03818211
v 2163.06542969 2821.50878906 0.0396305
v 2163.66503906 2820.06176758 0.04131718
v 2163.86938477 2818.50878906 0.04312721
v 2163.66503906 2816.95581055 0.04493725
v 2163.06542969 2815.50878906 0.04662393
v 2162.11206055 2814.26611328 0.04807232
v 2160.86938477 2813.3125 0.04918371
v 2159.42236328 2812.71313477 0.04988236
v 2176.921875 2807.50878906 0.05594852
v 2171.72583008 2810.50878906 0.0524518
v 2179.11962891 2812.81469727 0.04976401
v 2173.32421875 2814.36767578 0.04795397
v 2179.86938477 2818.50878906 0.04312721
v 2173.86938477 2818.50878906 0.04312721
v 2173.32421875 2822.64990234 0.03830045
v 2179.11962891 2824.20263672 0.03649042
v 2171.72583008 2826.50878906 0.03380263
v 2176.921875 2829.50878906 0.03030591
v 2169.18310547 2829.82250977 0.02994026
v 2173.42578125 2834.06518555 0.02499515
v 2165.86938477 2832.36523438 0.02697656
v 2162.01049805 2833.96362305 0.0251135
v 1893.86938477 2850.50878906 0.00582887
v 1818.86938477 2850.50878906 0.00582887
v 1807.86938477 2850.50878906 0.00582887
v 1807.86938477 2840.50878906 0.0174846
v 1818.86938477 2840.50878906 0.0174846
v 1807.86938477 2834.50878906 0.02447804
v 1818.86938477 2834.50878906 0.02447804
v 1807.86938477 2824.50878906 0.03613377
v 1818.86938477 2824.50878906 0.03613377
v 1804.86938477 2823.70483398 0.03707072
v 1803.62670898 2822.75146484 0.03818211
v 1802.67321777 2821.50878906 0.0396305
v 1802.07385254 2820.06176758 0.04131718
v 1801.86938477 2818.50878906 0.04312721
v 1818.86938477 2812.50878906 0.05012066
v 1802.07385254 2816.95581055 0.04493725
v 1802.67321777 2815.50878906 0.04662393
v 1803.62670898 2814.26611328 0.04807232
v 1804.86938477 2813.3125 0.04918371
v 1807.86938477 2812.50878906 0.05012066
v 1806.31640625 2812.71313477 0.04988236
v 1893.86938477 2840.50878906 0.0174846
v 1893.86938477 2834.50878906 0.02447804
v 1893.86938477 2824.50878906 0.03613377
v 1893.86938477 2812.50878906 0.05012066
v 1893.86938477 2802.50878906 0.06177639
v 1893.86938477 2796.50878906 0.06876983
v 1893.86938477 2786.50878906 0.08042556
v 1807.86938477 2786.50878906 0.08042556
v 1818.86938477 2786.50878906 0.08042556
v 1799.5871582 2787.59912109 0.07915465
v 1791.86938477 2790.79589844 0.07542853
v 1785.24194336 2795.88134766 0.06950113
v 1780.15661621 2802.50878906 0.06177639
v 1776.9597168 2810.2265625 0.05278074
v 1775.86938477 2818.50878906 0.04312721
v 1776.9597168 2826.79101562 0.03347369
v 1780.15661621 2834.50878906 0.02447804
v 1785.24194336 2841.13623047 0.0167533
v 1791.86938477 2846.22143555 0.0108259
v 1799.5871582 2849.41845703 0.00709978
v 1818.86938477 2796.50878906 0.06876983
v 1818.86938477 2802.50878906 0.06177639
v 1807.86938477 2796.50878906 0.06876983
v 1807.86938477 2802.50878906 0.06177639
v 1802.17529297 2797.25830078 0.06789608
v 1796.86938477 2799.45629883 0.06533437
v 1803.72827148 2803.05395508 0.06114093
v 1792.31298828 2802.95239258 0.06125928
v 1799.86938477 2804.65234375 0.05927787
v 1796.55566406 2807.19506836 0.05631417
v 1788.81677246 2807.50878906 0.05594852
v 1794.01293945 2810.50878906 0.0524518
v 1786.61901855 2812.81469727 0.04976401
v 1792.41455078 2814.36767578 0.04795397
v 1785.86938477 2818.50878906 0.04312721
v 1791.86938477 2818.50878906 0.04312721
v 1792.41455078 2822.64990234 0.03830045
v 1786.61901855 2824.20263672 0.03649042
v 1794.01293945 2826.50878906 0.03380263
v 1788.81677246 2829.50878906 0.03030591
v 1796.55566406 2829.82250977 0.02994026
v 1792.31298828 2834.06518555 0.02499515
v 1799.86938477 2832.36523438 0.02697656
v 1803.72827148 2833.96362305 0.0251135
v 1796.86938477 2837.5612793 0.02092006
v 1802.17529297 2839.7590332 0.01835835
v 1806.31640625 2824.30419922 0.03637207
v 1982.86938477 2800.74780273 3.06383109
v 1982.86938477 2798.60839844 2.86070919
v 1982.86938477 2796.6237793 2.26109719
v 1982.86938477 2794.93774414 1.30850935
v 1982.86938477 2794.24633789 0.72057766
v 1982.86938477 2793.6730957 0.07207489
v 1982.86938477 2802.88671875 2.85572243
v 1982.86938477 2804.86987305 2.25148559
v 1982.86938477 2806.5534668 1.29497051
v 1982.86938477 2807.24365234 0.7054283
v 2163.32958984 2787.72875977 1.14706373
v 2157.86938477 2787.2878418 1.19238639
v 2157.86938477 2788.30932617 2.08707166
v 2157.86938477 2789.51416016 2.7131145
v 2165.25561523 2790.05834961 2.54468799
v 2167.21191406 2789.52783203 1.90439022
v 2170.67675781 2789.89916992 1.04573452
v 2177.55371094 2794.03588867 0.96633482
v 2183.10498047 2799.71850586 0.88973492
v 2187.07885742 2806.90942383 0.9251821
v 2188.94433594 2814.70068359 1.06271398
v 2188.88208008 2822.68408203 1.07106519
v 2186.7722168 2830.73291016 0.95604265
v 2182.67041016 2837.86621094 0.84892589
v 2176.46826172 2843.86523438 0.86089629
v 2168.54711914 2847.97753906 0.98252702
v 2157.86938477 2849.73217773 1.11960316
v 2164.68774414 2791.18188477 2.95331335
v 2157.86938477 2790.83325195 3.0345726
v 2164.10424805 2792.33496094 3.07291436
v 2157.86938477 2792.19116211 3.03298998
v 2163.92773438 2793.62670898 2.89954829
v 2157.86938477 2793.50952148 2.70845771
v 2164.19287109 2794.92138672 2.45068407
v 2157.86938477 2794.71289062 2.07960773
v 2163.37402344 2795.73706055 1.8032974
v 2157.86938477 2795.73217773 1.18254411
v 2165.94677734 2797.28417969 1.10448825
v 2171.72509766 2800.46435547 1.14726377
v 2176.10205078 2804.99389648 1.07831776
v 2178.98901367 2810.3605957 1.00225258
v 2180.33422852 2816.17919922 0.93208128
v 2180.1875 2822.36816406 1.0025301
v 2178.54638672 2827.95629883 1.09382939
v 2175.40380859 2832.93188477 1.05450702
v 2171.1796875 2836.84301758 0.99312663
v 2166.37060547 2839.43457031 0.90541118
v 2161.66308594 2840.65722656 0.75541914
v 2157.86938477 2841.2878418 1.12944543
v 2162.66625977 2841.22973633 1.57178807
v 2157.86938477 2842.30932617 2.02413058
v 2163.45629883 2842.08081055 2.28833532
v 2157.86938477 2843.51416016 2.65017366
v 2164.18701172 2843.12524414 2.78714371
v 2157.86938477 2844.83325195 2.97163177
v 2164.85522461 2844.29150391 3.00560808
v 2157.86938477 2846.19116211 2.97004914
v 2165.4296875 2845.50952148 2.91614556
v 2157.86938477 2847.50952148 2.64551663
v 2165.77392578 2846.73242188 2.51939774
v 2157.86938477 2848.71289062 2.01666665
v 2166.11401367 2847.82348633 1.83768439
v 2181.09326172 2819.78613281 1.63123834
v 2180.83740234 2814.13208008 1.74269187
v 2178.97314453 2808.14916992 1.85319293
v 2175.38085938 2802.61303711 1.9664613
v 2169.91455078 2798.00634766 2.06390381
v 2181.97949219 2819.51611328 2.26209211
v 2181.52148438 2812.68457031 2.39696741
v 2179.24243164 2806.32910156 2.52459073
v 2175.26806641 2800.76074219 2.64247561
v 2170.15551758 2796.61450195 2.74373555
v 2180.3918457 2825.93066406 1.98383522
v 2177.34399414 2831.95507812 1.94165838
v 2173.04321289 2836.54052734 1.86239886
v 2167.97216797 2839.65087891 1.75268102
v 2183.03588867 2818.10131836 2.73992133
v 2182.34716797 2811.27685547 2.85611725
v 2179.80932617 2804.75512695 2.95061469
v 2175.44726562 2798.90600586 3.02649093
v 2169.32666016 2794.91210938 3.01863122
v 2181.87915039 2825.27148438 2.64883971
v 2183.33764648 2823.48828125 2.93918657
v 2184.2175293 2817.29833984 3.01008391
v 2184.26293945 2824.50024414 3.03578186
v 2185.47949219 2817.28393555 3.00858331
v 2185.53686523 2824.39550781 2.88837981
v 2186.80566406 2817.52270508 2.69703746
v 2186.63720703 2825.06494141 2.45185041
v 2188.14477539 2818.32177734 2.00045514
v 2187.07885742 2827.37036133 1.80408895
v 2183.44042969 2810.40136719 3.04992247
v 2180.88720703 2803.81982422 3.05191302
v 2176.87036133 2798.2109375 3.00916886
v 2170.86889648 2794.45385742 3.06060243
v 2171.34521484 2793.3371582 2.85504508
v 2184.74047852 2810.01928711 2.92851853
v 2182.07055664 2802.96484375 2.77945662
v 2176.95727539 2796.79272461 2.73513174
v 2172.59277344 2792.75073242 2.40390539
v 2186.18286133 2810.34863281 2.48760676
v 2183.91064453 2803.66186523 2.21513343
v 2179.15991211 2797.65771484 2.32618141
v 2180.8137207 2798.09301758 1.68063116
v 2174.86425781 2793.05810547 1.77831411
v 2187.23266602 2810.03686523 1.79394281
v 2184.86962891 2803.58642578 1.5515852
v 2179.14697266 2831.34741211 2.60421848
v 2174.76318359 2836.5144043 2.52904606
v 2169.328125 2840.15551758 2.43177485
v 2181.15917969 2830.64208984 2.98035955
v 2176.47998047 2836.64160156 2.92969918
v 2170.6262207 2840.84033203 2.86961269
v 2182.39404297 2831.42480469 2.98261929
v 2183.93969727 2830.79736328 2.72855878
v 2183.81787109 2833.08520508 2.30799341
v 2183.8112793 2834.92016602 1.65262115
v 2177.87109375 2837.19458008 3.00927114
v 2171.77832031 2841.69580078 3.0159893
v 2179.31445312 2837.734375 2.7274828
v 2172.78393555 2842.64624023 2.84665585
v 2179.22875977 2839.59838867 2.149997
v 2179.45019531 2840.58837891 1.48697519
v 2173.20532227 2843.82739258 2.38258839
v 2173.72875977 2844.72998047 1.68663573
v 2160.53491211 2803.48266602 1.12870121
v 2157.86938477 2803.2878418 1.17373729
v 2157.86938477 2804.30932617 2.06842232
v 2157.86938477 2805.51416016 2.6944654
v 2161.23535156 2805.54516602 2.52663708
v 2162.30322266 2804.75610352 1.88664031
v 2164.13964844 2804.50292969 1.02871299
v 2167.52587891 2806.50366211 0.95180285
v 2170.27197266 2809.27441406 0.87859678
v 2172.20874023 2812.81494141 0.91829872
v 2173.06323242 2816.64746094 1.06044495
v 2173.02514648 2820.54980469 1.07356024
v 2172.03588867 2824.50097656 0.96333128
v 2170.05712891 2828.02197266 0.8604449
v 2167.00463867 2830.96386719 0.87599999
v 2163.09619141 2832.93457031 1.00012267
v 2157.86938477 2833.73217773 1.13825226
v 2160.81469727 2806.70605469 2.93521881
v 2157.86938477 2806.83325195 3.0159235
v 2160.39697266 2807.8996582 3.05477262
v 2157.86938477 2808.19116211 3.01434088
v 2160.14306641 2809.17260742 2.88142848
v 2157.86938477 2809.50952148 2.68980837
v 2160.05029297 2810.37597656 2.43267083
v 2157.86938477 2810.71289062 2.06095839
v 2159.61499023 2811.28930664 1.78517032
v 2157.86938477 2811.73217773 1.16389489
v 2160.25610352 2812.23779297 1.08705854
v 2161.98095703 2813.1550293 1.13247192
v 2163.24853516 2814.5222168 1.06721175
v 2164.06152344 2816.12036133 0.99553907
v 2164.41967773 2817.83032227 0.93015689
v 2164.42138672 2819.64257812 1.00570703
v 2163.99291992 2821.30859375 1.10179865
v 2163.04418945 2822.77050781 1.06588387
v 2161.77539062 2823.89672852 1.00657165
v 2160.34448242 2824.61108398 0.9206605
v 2158.95996094 2824.88623047 0.77255893
v 2157.86938477 2825.2878418 1.14809465
v 2159.35839844 2825.57397461 1.58878863
v 2157.86938477 2826.30932617 2.04277968
v 2159.76342773 2826.51147461 2.30571675
v 2157.86938477 2827.51416016 2.66882277
v 2160.20727539 2827.62695312 2.80489063
v 2157.86938477 2828.83325195 2.99028087
v 2160.66943359 2828.84814453 3.02356863
v 2157.86938477 2830.19116211 2.98869824
v 2161.11450195 2830.10180664 2.93419862
v 2157.86938477 2831.50952148 2.66416574
v 2161.45825195 2831.32519531 2.53748441
v 2157.86938477 2832.71289062 2.03531575
v 2161.78173828 2832.42089844 1.85574162
v 2165.11743164 2818.90869141 1.63226116
v 2165.12060547 2817.12841797 1.73919952
v 2164.61083984 2815.20092773 1.84497356
v 2163.53442383 2813.36791992 1.95392585
v 2161.81054688 2811.80200195 2.04782367
v 2165.9934082 2818.84985352 2.26286864
v 2165.98583984 2816.51196289 2.39250636
v 2165.34204102 2814.25219727 2.51535583
v 2164.06835938 2812.18725586 2.62915707
v 2162.32641602 2810.56811523 2.72747135
v 2165.19458008 2820.92602539 1.98962057
v 2164.17358398 2822.8684082 1.9516722
v 2162.73486328 2824.30126953 1.87516212
v 2161.06787109 2825.21459961 1.76757753
v 2167.03808594 2818.36230469 2.73961711
v 2167.00341797 2815.81225586 2.85083103
v 2166.25366211 2813.25488281 2.94070768
v 2164.76660156 2810.8190918 3.01260519
v 2162.33886719 2809.30566406 3.00185466
v 2166.47753906 2820.9362793 2.65380716
v 2167.63452148 2820.42041016 2.94273376
v 2168.234375 2818.03466797 3.00922561
v 2168.65917969 2820.96069336 3.0399096
v 2169.49536133 2817.99487305 3.00775433
v 2169.88671875 2821.06762695 2.89228082
v 2170.81494141 2818.06933594 2.69640017
v 2171.03686523 2821.51123047 2.45601535
v 2172.14501953 2818.421875 2.00033855
v 2171.76757812 2822.72631836 1.8095237
v 2168.18920898 2815.23876953 3.04428387
v 2167.40063477 2812.4284668 3.04187894
v 2165.93701172 2809.89257812 2.99555326
v 2163.26293945 2808.53027344 3.04419518
v 2163.79418945 2807.44335938 2.83860326
v 2169.484375 2814.84106445 2.92289853
v 2168.60888672 2811.61254883 2.76937675
v 2166.39501953 2808.81103516 2.72112346
v 2164.65332031 2806.6418457 2.38771439
v 2170.80908203 2814.78100586 2.48244047
v 2170.01147461 2811.58740234 2.20589566
v 2167.72949219 2808.85351562 2.31313181
v 2168.86083984 2808.72949219 1.66823363
v 2165.97949219 2806.36450195 1.76280451
v 2171.85986328 2814.47314453 1.78877187
v 2170.86645508 2811.32666016 1.54256356
v 2165.44433594 2823.08496094 2.61345196
v 2163.80981445 2824.84887695 2.54178548
v 2161.83691406 2826.01513672 2.44715142
v 2166.96704102 2823.25219727 2.98887587
v 2165.01611328 2825.47802734 2.94243908
v 2162.68579102 2826.94775391 2.88540101
v 2168.23583984 2823.97094727 2.99136448
v 2169.46582031 2823.97705078 2.73658657
v 2169.8671875 2825.25024414 2.31721473
v 2170.28930664 2826.36694336 1.66265595
v 2166.17700195 2826.2734375 3.02206326
v 2163.54516602 2827.9753418 3.03198886
v 2167.3996582 2827.05493164 2.74009395
v 2164.37207031 2829.03540039 2.86269283
v 2167.84228516 2828.35742188 2.16324401
v 2168.26586914 2829.14648438 1.50040758
v 2164.91503906 2830.14233398 2.39872241
v 2165.44775391 2831.03955078 1.70272529
v 1893.86938477 2825.2878418 1.14809465
v 1818.86938477 2825.2878418 1.14809465
v 1818.86938477 2826.30932617 2.04277968
v 1893.86938477 2826.30932617 2.04277968
v 1818.86938477 2827.51416016 2.66882277
v 1893.86938477 2827.51416016 2.66882277
v 1818.86938477 2828.83325195 2.99028087
v 1893.86938477 2828.83325195 2.99028087
v 1818.86938477 2830.19116211 2.98869824
v 1893.86938477 2830.19116211 2.98869824
v 1818.86938477 2831.50952148 2.66416574
v 1893.86938477 2831.50952148 2.66416574
v 1818.86938477 2832.71289062 2.03531575
v 1893.86938477 2832.71289062 2.03531575
v 1818.86938477 2833.73217773 1.13825226
v 1893.86938477 2833.73217773 1.13825226
v 1893.86938477 2787.2878418 1.19238639
v 1818.86938477 2787.2878418 1.19238639
v 1818.86938477 2788.30932617 2.08707166
v 1893.86938477 2788.30932617 2.08707166
v 1818.86938477 2789.51416016 2.7131145
v 1893.86938477 2789.51416016 2.7131145
v 1818.86938477 2790.83325195 3.0345726
v 1893.86938477 2790.83325195 3.0345726
v 1818.86938477 2792.19116211 3.03298998
v 1893.86938477 2792.19116211 3.03298998
v 1818.86938477 2793.50952148 2.70845771
v 1893.86938477 2793.50952148 2.70845771
v 1818.86938477 2794.71289062 2.07960773
v 1893.86938477 2794.71289062 2.07960773
v 1818.86938477 2795.73217773 1.18254411
v 1893.86938477 2795.73217773 1.18254411
v 1893.86938477 2803.2878418 1.17373729
v 1818.86938477 2803.2878418 1.17373729
v 1818.86938477 2804.30932617 2.06842232
v 1893.86938477 2804.30932617 2.06842232
v 1818.86938477 2805.51416016 2.6944654
v 1893.86938477 2805.51416016 2.6944654
v 1818.86938477 2806.83325195 3.0159235
v 1893.86938477 2806.83325195 3.0159235
v 1818.86938477 2808.19116211 3.01434088
v 1893.86938477 2808.19116211 3.01434088
v 1818.86938477 2809.50952148 2.68980837
v 1893.86938477 2809.50952148 2.68980837
v 1818.86938477 2810.71289062 2.06095839
v 1893.86938477 2810.71289062 2.06095839
v 1818.86938477 2811.73217773 1.16389489
v 1893.86938477 2811.73217773 1.16389489
v 1893.86938477 2841.2878418 1.12944543
v 1818.86938477 2841.2878418 1.12944543
v 1818.86938477 2842.30932617 2.02413058
v 1893.86938477 2842.30932617 2.02413058
v 1818.86938477 2843.51416016 2.65017366
v 1893.86938477 2843.51416016 2.65017366
v 1818.86938477 2844.83325195 2.97163177
v 1893.86938477 2844.83325195 2.97163177
v 1818.86938477 2846.19116211 2.97004914
v 1893.86938477 2846.19116211 2.97004914
v 1818.86938477 2847.50952148 2.64551663
v 1893.86938477 2847.50952148 2.64551663
v 1818.86938477 2848.71289062 2.01666665
v 1893.86938477 2848.71289062 2.01666665
v 1818.86938477 2849.73217773 1.11960316
v 1893.86938477 2849.73217773 1.11960316
v 1802.46374512 2849.30541992 1.07019639
v 1807.86938477 2849.73217773 1.11960316
v 1807.86938477 2848.71289062 2.01666665
v 1807.86938477 2847.50952148 2.64551663
v 1800.54956055 2846.99316406 2.47327137
v 1798.6418457 2847.54272461 1.82795119
v 1795.20336914 2847.1953125 0.96571666
v 1788.41430664 2843.1940918 0.88181639
v 1782.90722656 2837.72143555 0.79893565
v 1778.90344238 2830.86865234 0.81600815
v 1776.86120605 2823.56518555 0.91963899
v 1776.61853027 2815.79370117 0.98878515
v 1778.37207031 2807.9152832 1.02975309
v 1782.23962402 2800.4987793 1.05831397
v 1788.24267578 2794.1159668 1.08475435
v 1796.52746582 2789.35449219 1.11985409
v 1807.86938477 2787.2878418 1.19238639
v 1801.06738281 2845.8581543 2.88718057
v 1807.86938477 2846.19116211 2.97004914
v 1801.61022949 2844.69506836 3.01205158
v 1807.86938477 2844.83325195 2.97163177
v 1801.75280762 2843.39501953 2.84446549
v 1807.86938477 2843.51416016 2.65017366
v 1801.45898438 2842.09082031 2.40197158
v 1807.86938477 2842.30932617 2.02413058
v 1802.2869873 2841.27416992 1.75711954
v 1807.86938477 2841.2878418 1.12944543
v 1799.70947266 2839.71313477 1.06466925
v 1793.84521484 2836.45556641 1.13238883
v 1789.40649414 2831.79492188 1.10428965
v 1786.51074219 2826.26196289 1.08343577
v 1785.23132324 2820.28417969 1.07379878
v 1785.5682373 2814.28686523 1.06903899
v 1787.42333984 2808.68212891 1.06137824
v 1790.59228516 2803.83862305 1.04422998
v 1794.76794434 2800.05541992 1.00816941
v 1799.50195312 2797.54516602 0.93793553
v 1804.13708496 2796.35766602 0.79879141
v 1807.86938477 2795.73217773 1.18254411
v 1803.21948242 2795.77832031 1.60939598
v 1807.86938477 2794.71289062 2.07960773
v 1802.54528809 2794.91455078 2.32476377
v 1807.86938477 2793.50952148 2.70845771
v 1801.95007324 2793.85253906 2.82934904
v 1807.86938477 2792.19116211 3.03298998
v 1801.38476562 2792.67236328 3.0618701
v 1807.86938477 2790.83325195 3.0345726
v 1800.82067871 2791.45727539 2.9931097
v 1807.86938477 2789.51416016 2.7131145
v 1800.18896484 2790.30664062 2.61784863
v 1807.86938477 2788.30932617 2.08707166
v 1799.23217773 2789.38427734 1.95843077
v 1795.61706543 2838.93334961 2.0400598
v 1790.01745605 2834.15893555 1.99268281
v 1786.34399414 2828.37133789 1.95462036
v 1784.49755859 2822.04858398 1.93397272
v 1784.42822266 2815.65136719 1.92428446
v 1786.01428223 2809.62402344 1.91476774
v 1789.03991699 2804.3527832 1.89477575
v 1793.20019531 2800.15454102 1.85263443
v 1798.09301758 2797.2590332 1.77130854
v 1795.41271973 2840.36303711 2.70796156
v 1796.31762695 2842.10717773 2.96853161
v 1794.84619141 2842.60620117 3.0017128
v 1794.47729492 2843.77490234 2.78516126
v 1793.33679199 2844.42089844 2.32458663
v 1791.12744141 2844.16894531 1.69188643
v 1790.14941406 2836.09790039 2.64475489
v 1786.01708984 2830.30224609 2.59750676
v 1783.66784668 2823.69897461 2.5717535
v 1783.21411133 2816.88549805 2.56114912
v 1784.57141113 2810.37670898 2.55475497
v 1787.53405762 2804.6105957 2.54111648
v 1791.8013916 2799.94677734 2.5090301
v 1796.97363281 2796.66113281 2.4452951
v 1790.10925293 2838.09423828 2.99219775
v 1785.51208496 2832.06518555 2.96237707
v 1782.74902344 2825.19360352 2.94528103
v 1781.95385742 2817.98852539 2.94001603
v 1783.10644531 2810.99291992 2.93996215
v 1786.0390625 2804.70458984 2.93719578
v 1790.4564209 2799.55224609 2.92399263
v 1795.93725586 2795.86962891 2.89229918
v 1788.89306641 2838.9753418 2.94608855
v 1788.97167969 2840.50561523 2.65375185
v 1786.90270996 2839.80688477 2.22903109
v 1785.29187012 2839.42553711 1.57716918
v 1784.6640625 2833.33764648 3.00034761
v 1781.74951172 2826.44165039 3.02609777
v 1780.69055176 2818.96826172 3.03964925
v 1781.65136719 2811.54248047 3.049788
v 1784.55371094 2804.73461914 3.05858803
v 1789.12890625 2799.07177734 3.06578398
v 1794.9284668 2794.97290039 3.06888151
v 1783.85070801 2834.65551758 2.68191457
v 1780.75158691 2827.54101562 2.80746365
v 1779.47888184 2819.88452148 2.85978484
v 1780.23925781 2812.13989258 2.88605785
v 1783.06140137 2804.86499023 2.9046011
v 1787.76403809 2798.65673828 2.92509055
v 1793.89611816 2794.07788086 2.95420074
v 1782.22131348 2834.30273438 2.08864903
v 1781.26611328 2834.31665039 1.42630386
v 1779.71557617 2828.10742188 2.32308316
v 1778.37475586 2820.71459961 2.42079592
v 1778.90576172 2812.90771484 2.46798897
v 1781.5291748 2805.31298828 2.49569702
v 1786.2220459 2798.578125 2.52031016
v 1792.69152832 2793.36962891 2.55391431
v 1778.83300781 2828.59106445 1.62506795
v 1777.44213867 2821.68408203 1.75526524
v 1777.68164062 2814.02099609 1.82261598
v 1779.94580078 2806.28417969 1.86056459
v 1784.36462402 2799.13964844 1.88792181
v 1790.89147949 2793.2565918 1.91595387
v 1805.22998047 2833.54638672 1.08856475
v 1807.86938477 2833.73217773 1.13825226
v 1807.86938477 2832.71289062 2.03531575
v 1807.86938477 2831.50952148 2.66416574
v 1804.53222656 2831.49682617 2.49133348
v 1803.48840332 2832.29443359 1.84572423
v 1801.6661377 2832.55859375 0.98277676
v 1798.31835938 2830.62792969 0.89646322
v 1795.58666992 2827.96289062 0.81031001
v 1793.61987305 2824.58959961 0.82332689
v 1792.65270996 2820.99072266 0.92263985
v 1792.55847168 2817.17919922 0.98717308
v 1793.43029785 2813.32373047 1.02346349
v 1795.33056641 2809.69824219 1.04762959
v 1798.27258301 2806.58203125 1.07028913
v 1802.32824707 2804.26611328 1.10253823
v 1807.86938477 2803.2878418 1.17373729
v 1804.92944336 2830.33129883 2.90527821
v 1807.86938477 2830.19116211 2.98869824
v 1805.33032227 2829.13354492 3.03018951
v 1807.86938477 2828.83325195 2.99028087
v 1805.57214355 2827.85766602 2.86257553
v 1807.86938477 2827.51416016 2.66882277
v 1805.65649414 2826.65112305 2.41996741
v 1807.86938477 2826.30932617 2.04277968
v 1806.09777832 2825.73461914 1.77523196
v 1807.86938477 2825.2878418 1.14809465
v 1805.45605469 2824.78076172 1.08207405
v 1803.69726562 2823.84863281 1.14708316
v 1802.39379883 2822.44995117 1.11518204
v 1801.55078125 2820.80322266 1.08979821
v 1801.18237305 2819.03393555 1.07525587
v 1801.28894043 2817.26391602 1.06556916
v 1801.84423828 2815.61254883 1.05354846
v 1802.79077148 2814.19262695 1.03173089
v 1804.03430176 2813.10058594 0.99131596
v 1805.43664551 2812.40551758 0.91856784
v 1806.79724121 2812.13598633 0.77914691
v 1807.86938477 2811.73217773 1.16389489
v 1806.42834473 2811.45458984 1.58985865
v 1807.86938477 2810.71289062 2.06095839
v 1806.06921387 2810.52319336 2.3057878
v 1807.86938477 2809.50952148 2.68980837
v 1805.68640137 2809.41113281 2.81088209
v 1807.86938477 2808.19116211 3.01434088
v 1805.28027344 2808.19165039 3.0437305
v 1807.86938477 2806.83325195 3.0159235
v 1804.85498047 2806.94091797 2.97515273
v 1807.86938477 2805.51416016 2.6944654
v 1804.39294434 2805.74462891 2.59998465
v 1807.86938477 2804.30932617 2.06842232
v 1803.78100586 2804.72412109 1.94066
v 1803.84851074 2825.21313477 2.05605173
v 1802.04943848 2823.61230469 2.00497556
v 1800.89038086 2821.70800781 1.96238708
v 1800.31738281 2819.65405273 1.93676364
v 1800.3104248 2817.58886719 1.92202628
v 1800.83642578 2815.64916992 1.90770721
v 1801.83154297 2813.96533203 1.8830018
v 1803.19458008 2812.65136719 1.83653951
v 1804.78515625 2811.79492188 1.7523998
v 1803.33666992 2826.46289062 2.72416306
v 1803.35302734 2827.73681641 2.98528123
v 1802.45422363 2828.53076172 3.01811862
v 1801.97119141 2829.63818359 2.80163836
v 1801.16394043 2830.46630859 2.34085178
v 1799.87072754 2830.76904297 1.70750487
v 1801.50585938 2824.82714844 2.65789175
v 1800.0982666 2822.70483398 2.60636234
v 1799.3125 2820.34570312 2.5756619
v 1799.17944336 2817.93847656 2.55992174
v 1799.67749023 2815.65039062 2.54851198
v 1800.74536133 2813.63793945 2.53016973
v 1802.27709961 2812.04296875 2.49401784
v 1804.1184082 2810.97973633 2.42745471
v 1800.8581543 2826.24267578 3.00601172
v 1799.19433594 2823.77099609 2.97204471
v 1798.21142578 2821.08105469 2.95007491
v 1797.95056152 2818.31176758 2.93963933
v 1798.41650391 2815.64135742 2.93450904
v 1799.56274414 2813.25634766 2.92706728
v 1801.28210449 2811.33569336 2.90991235
v 1803.39978027 2810.02490234 2.87534785
v 1799.77246094 2827.2434082 2.95976305
v 1799.39892578 2828.37011719 2.66789675
v 1798.12805176 2828.40551758 2.2423203
v 1797.02954102 2828.55224609 1.5898428
v 1798.1472168 2824.72363281 3.0103879
v 1797.05957031 2821.79394531 3.03151536
v 1796.68823242 2818.69970703 3.03996205
v 1797.11437988 2815.65283203 3.04499936
v 1798.32922363 2812.87402344 3.04910779
v 1800.23486328 2810.59082031 3.05235791
v 1802.63818359 2808.99438477 3.05250859
v 1797.12988281 2825.73022461 2.69231772
v 1795.93225098 2822.48657227 2.81335497
v 1795.46020508 2819.11181641 2.86068511
v 1795.83007812 2815.73535156 2.88187885
v 1797.08056641 2812.57666016 2.89566803
v 1799.14904785 2809.89941406 2.91210985
v 1801.83972168 2807.9675293 2.9381628
v 1795.84594727 2825.9140625 2.09842682
v 1795.0213623 2826.14404297 1.43582976
v 1794.85998535 2822.94555664 2.32909966
v 1794.33032227 2819.52270508 2.42218494
v 1794.61437988 2815.94702148 2.46445632
v 1795.8338623 2812.48071289 2.48739219
v 1797.99243164 2809.41625977 2.50779867
v 1800.9609375 2807.06762695 2.53812194
v 1793.94812012 2823.34350586 1.63118422
v 1793.35571289 2820.02441406 1.75719965
v 1793.50756836 2816.37475586 1.81987834
v 1794.60241699 2812.70166016 1.85311556
v 1796.71203613 2809.31542969 1.87614179
v 1799.81835938 2806.53491211 1.90060365
v 2058.89160156 2810.77905273 30.05215645
v 2063.99584961 2814.43994141 23.92061996
v 2057.86938477 2818.54370117 30.04310608
v 2063.359375 2820.88354492 24.25602913
v 2058.89160156 2826.30834961 30.03405571
v 2065.0534668 2826.81420898 23.94730377
v 2061.88867188 2833.54370117 30.02562332
v 2068.02197266 2832.19750977 23.79211044
v 2066.65625 2839.75683594 30.01838112
v 2072.20776367 2836.7824707 23.74612999
v 2072.86938477 2844.52441406 30.01282501
v 2077.44213867 2840.19116211 23.73263168
v 2080.10473633 2847.52148438 30.00933075
v 2083.39282227 2842.14794922 23.7284317
v 2087.86938477 2848.54370117 30.00814056
v 2089.65405273 2842.50195312 23.72779846
v 2095.6340332 2847.52148438 30.00933075
v 2095.7956543 2841.22363281 23.72935295
v 2102.86938477 2844.52441406 30.01282501
v 2101.39746094 2838.39916992 23.732687
v 2109.08251953 2839.75683594 30.01838112
v 2106.07739258 2834.22119141 23.73756027
v 2113.85009766 2833.54370117 30.02562332
v 2109.51660156 2828.97387695 23.7436657
v 2116.84716797 2826.30834961 30.03405571
v 2111.48046875 2823.01538086 23.75059128
v 2117.86938477 2818.54370117 30.04310608
v 2111.83496094 2816.75146484 23.75785065
v 2116.84716797 2810.77905273 30.05215645
v 2110.55615234 2810.60888672 23.76492119
v 2113.85009766 2803.54370117 30.06059074
v 2107.73022461 2805.00610352 23.77126694
v 2109.08251953 2797.33056641 30.06783295
v 2103.54882812 2800.32495117 23.77633858
v 2102.86938477 2792.56298828 30.07338905
v 2098.29492188 2796.88549805 23.77953911
v 2095.6340332 2789.56591797 30.07688332
v 2092.32275391 2794.92456055 23.78006554
v 2087.86938477 2788.54370117 30.0780735
v 2086.03442383 2794.58325195 23.7763958
v 2080.10473633 2789.56591797 30.07688332
v 2079.85546875 2795.90209961 23.76468277
v 2072.86938477 2792.56298828 30.07338905
v 2074.21655273 2798.82446289 23.73388863
v 2066.65625 2797.33056641 30.06783295
v 2069.55908203 2803.19506836 23.65358543
v 2061.88867188 2803.54370117 30.06059074
v 2066.33447266 2808.68310547 23.47861481
v 2087.86938477 2818.52612305 15.04311657
v 2077.07910156 2818.00756836 16.63346481
v 2081.54321289 2816.72167969 15.62678719
v 2072.8815918 2813.61083984 18.52807236
v 2080.79711914 2814.17236328 15.97954273
v 2074.37866211 2809.07592773 18.866539
v 2082.07275391 2812.21899414 16.04218864
v 2077.34960938 2805.57495117 18.97652626
v 2083.93847656 2810.85620117 16.05614471
v 2081.15844727 2803.18188477 19.01072693
v 2086.09130859 2810.08544922 16.05884171
v 2085.42626953 2801.94018555 19.02093697
v 2088.35546875 2809.91577148 16.05859947
v 2089.83984375 2801.87280273 19.02331352
v 2090.57617188 2810.34057617 16.05746841
v 2094.10180664 2802.95629883 19.02261162
v 2092.60620117 2811.32446289 16.0558815
v 2097.92822266 2805.10571289 19.02023125
v 2094.30981445 2812.79858398 16.0539093
v 2101.06298828 2808.17016602 19.01668167
v 2095.57324219 2814.66210938 16.05160141
v 2103.29589844 2811.94018555 19.01229095
v 2096.31103516 2816.78833008 16.04905319
v 2104.47631836 2816.15844727 19.00737572
v 2096.47338867 2819.03271484 16.04640198
v 2104.52441406 2820.53808594 19.00226974
v 2096.04931641 2821.24243164 16.04380989
v 2103.43725586 2824.78051758 18.9973259
v 2095.06762695 2823.26708984 16.04144096
v 2101.2890625 2828.59692383 18.99287605
v 2093.59570312 2824.96875 16.03945351
v 2098.2265625 2831.72729492 18.98922539
v 2091.73339844 2826.23120117 16.03797722
v 2094.45800781 2833.95825195 18.98659897
v 2089.60766602 2826.96875 16.03709602
v 2090.24072266 2835.13769531 18.9851284
v 2087.36376953 2827.13061523 16.03682518
v 2085.86254883 2835.18530273 18.98486137
v 2085.15478516 2826.70605469 16.03713799
v 2081.6237793 2834.09936523 18.98603058
v 2083.13134766 2825.72485352 16.03819275
v 2077.8137207 2831.9621582 18.99041939
v 2081.42626953 2824.25878906 16.04143333
v 2074.6784668 2828.94384766 19.00761223
v 2080.12036133 2822.41821289 16.05485535
v 2072.34204102 2825.3125 19.08128738
v 2079.10717773 2820.33740234 16.12398911
v 2070.59155273 2821.42285156 19.38308334
v 2069.24462891 2817.41040039 20.01582909
v 1918.89160156 2810.77905273 30.05215645
v 1923.99572754 2814.43994141 23.92061996
v 1917.86938477 2818.54370117 30.04310608
v 1923.359375 2820.88354492 24.25602913
v 1918.89160156 2826.30834961 30.03405571
v 1925.05358887 2826.81420898 23.94730377
v 1921.8885498 2833.54370117 30.02562332
v 1928.02197266 2832.19750977 23.79211044
v 1926.65612793 2839.75683594 30.01838112
v 1932.20776367 2836.7824707 23.74612999
v 1932.86938477 2844.52441406 30.01282501
v 1937.44226074 2840.19116211 23.73263168
v 1940.1048584 2847.52148438 30.00933075
v 1943.39294434 2842.14794922 23.7284317
v 1947.86938477 2848.54370117 30.00814056
v 1949.65393066 2842.50195312 23.72779846
v 1955.63391113 2847.52148438 30.00933075
v 1955.79553223 2841.22363281 23.72935295
v 1962.86938477 2844.52441406 30.01282501
v 1961.39746094 2838.39916992 23.732687
v 1969.08251953 2839.75683594 30.01838112
v 1966.07739258 2834.22119141 23.73756027
v 1973.85009766 2833.54370117 30.02562332
v 1969.51647949 2828.97387695 23.7436657
v 1976.84716797 2826.30834961 30.03405571
v 1971.48034668 2823.01538086 23.75059128
v 1977.86938477 2818.54370117 30.04310608
v 1971.83508301 2816.75146484 23.75785065
v 1976.84716797 2810.77905273 30.05215645
v 1970.55615234 2810.60888672 23.76492119
v 1973.85009766 2803.54370117 30.06059074
v 1967.73022461 2805.00610352 23.77126694
v 1969.08251953 2797.33056641 30.06783295
v 1963.54882812 2800.32495117 23.77633858
v 1962.86938477 2792.56298828 30.07338905
v 1958.2947998 2796.88549805 23.77953911
v 1955.63391113 2789.56591797 30.07688332
v 1952.32263184 2794.92456055 23.78006554
v 1947.86938477 2788.54370117 30.0780735
v 1946.0345459 2794.58325195 23.7763958
v 1940.1048584 2789.56591797 30.07688332
v 1939.85546875 2795.90209961 23.76468277
v 1932.86938477 2792.56298828 30.07338905
v 1934.21655273 2798.82446289 23.73388863
v 1926.65612793 2797.33056641 30.06783295
v 1929.5592041 2803.19506836 23.65358543
v 1921.8885498 2803.54370117 30.06059074
v 1926.33435059 2808.68310547 23.47861481
v 1947.86938477 2818.52612305 15.04311657
v 1937.07897949 2818.00756836 16.63346481
v 1941.54321289 2816.72167969 15.62678719
v 1932.88146973 2813.61083984 18.52807236
v 1940.79711914 2814.17236328 15.97954273
v 1934.37854004 2809.07592773 18.866539
v 1942.07287598 2812.21899414 16.04218864
v 1937.34973145 2805.57495117 18.97652626
v 1943.93847656 2810.85620117 16.05614471
v 1941.15844727 2803.18188477 19.01072693
v 1946.09118652 2810.08544922 16.05884171
v 1945.42626953 2801.94018555 19.02093697
v 1948.35546875 2809.91577148 16.05859947
v 1949.83996582 2801.87280273 19.02331352
v 1950.57617188 2810.34057617 16.05746841
v 1954.10192871 2802.95629883 19.02261162
v 1952.6060791 2811.32446289 16.0558815
v 1957.92822266 2805.10571289 19.02023125
v 1954.30981445 2812.79858398 16.0539093
v 1961.06311035 2808.17016602 19.01668167
v 1955.57324219 2814.66210938 16.05160141
v 1963.29602051 2811.94018555 19.01229095
v 1956.31103516 2816.78833008 16.04905319
v 1964.47631836 2816.15844727 19.00737572
v 1956.4732666 2819.03271484 16.04640198
v 1964.52441406 2820.53808594 19.00226974
v 1956.04919434 2821.24243164 16.04380989
v 1963.43725586 2824.78051758 18.9973259
v 1955.06774902 2823.26708984 16.04144096
v 1961.28918457 2828.59692383 18.99287605
v 1953.59570312 2824.96875 16.03945351
v 1958.2265625 2831.72729492 18.98922539
v 1951.73339844 2826.23120117 16.03797722
v 1954.45800781 2833.95825195 18.98659897
v 1949.60778809 2826.96875 16.03709602
v 1950.24060059 2835.13769531 18.9851284
v 1947.36376953 2827.13061523 16.03682518
v 1945.86242676 2835.18530273 18.98486137
v 1945.15478516 2826.70605469 16.03713799
v 1941.62365723 2834.09936523 18.98603058
v 1943.13146973 2825.72485352 16.03819275
v 1937.81384277 2831.9621582 18.99041939
v 1941.42614746 2824.25878906 16.04143333
v 1934.67834473 2828.94384766 19.00761223
v 1940.12023926 2822.41821289 16.05485535
v 1932.34204102 2825.3125 19.08128738
v 1939.10717773 2820.33740234 16.12398911
v 1930.59155273 2821.42285156 19.38308334
v 1929.24462891 2817.41040039 20.01582909
v 1778.89160156 2810.77905273 30.05215645
v 1783.99572754 2814.43994141 23.92061996
v 1777.86938477 2818.54370117 30.04310608
v 1783.359375 2820.88354492 24.25602913
v 1778.89160156 2826.30834961 30.03405571
v 1785.05358887 2826.81420898 23.94730377
v 1781.8885498 2833.54370117 30.02562332
v 1788.02197266 2832.19750977 23.79211044
v 1786.65612793 2839.75683594 30.01838112
v 1792.20776367 2836.7824707 23.74612999
v 1792.86938477 2844.52441406 30.01282501
v 1797.44226074 2840.19116211 23.73263168
v 1800.1048584 2847.52148438 30.00933075
v 1803.39294434 2842.14794922 23.7284317
v 1807.86938477 2848.54370117 30.00814056
v 1809.65393066 2842.50195312 23.72779846
v 1815.63391113 2847.52148438 30.00933075
v 1815.79553223 2841.22363281 23.72935295
v 1822.86938477 2844.52441406 30.01282501
v 1821.39746094 2838.39916992 23.732687
v 1829.08251953 2839.75683594 30.01838112
v 1826.07739258 2834.22119141 23.73756027
v 1833.85009766 2833.54370117 30.02562332
v 1829.51647949 2828.97387695 23.7436657
v 1836.84716797 2826.30834961 30.03405571
v 1831.48034668 2823.01538086 23.75059128
v 1837.86938477 2818.54370117 30.04310608
v 1831.83508301 2816.75146484 23.75785065
v 1836.84716797 2810.77905273 30.05215645
v 1830.55615234 2810.60888672 23.76492119
v 1833.85009766 2803.54370117 30.06059074
v 1827.73022461 2805.00610352 23.77126694
v 1829.08251953 2797.33056641 30.06783295
v 1823.54882812 2800.32495117 23.77633858
v 1822.86938477 2792.56298828 30.07338905
v 1818.2947998 2796.88549805 23.77953911
v 1815.63391113 2789.56591797 30.07688332
v 1812.32263184 2794.92456055 23.78006554
v 1807.86938477 2788.54370117 30.0780735
v 1806.0345459 2794.58325195 23.7763958
v 1800.1048584 2789.56591797 30.07688332
v 1799.85546875 2795.90209961 23.76468277
v 1792.86938477 2792.56298828 30.07338905
v 1794.21655273 2798.82446289 23.73388863
v 1786.65612793 2797.33056641 30.06783295
v 1789.5592041 2803.19506836 23.65358543
v 1781.8885498 2803.54370117 30.06059074
v 1786.33435059 2808.68310547 23.47861481
v 1807.86938477 2818.52612305 15.04311657
v 1797.07897949 2818.00756836 16.63346481
v 1801.54321289 2816.72167969 15.62678719
v 1792.88146973 2813.61083984 18.52807236
v 1800.79711914 2814.17236328 15.97954273
v 1794.37854004 2809.07592773 18.866539
v 1802.07287598 2812.21899414 16.04218864
v 1797.34973145 2805.57495117 18.97652626
v 1803.93847656 2810.85620117 16.05614471
v 1801.15844727 2803.18188477 19.01072693
v 1806.09118652 2810.08544922 16.05884171
v 1805.42626953 2801.94018555 19.02093697
v 1808.35546875 2809.91577148 16.05859947
v 1809.83996582 2801.87280273 19.02331352
v 1810.57617188 2810.34057617 16.05746841
v 1814.10192871 2802.95629883 19.02261162
v 1812.6060791 2811.32446289 16.0558815
v 1817.92822266 2805.10571289 19.02023125
v 1814.30981445 2812.79858398 16.0539093
v 1821.06311035 2808.17016602 19.01668167
v 1815.57324219 2814.66210938 16.05160141
v 1823.29602051 2811.94018555 19.01229095
v 1816.31103516 2816.78833008 16.04905319
v 1824.47631836 2816.15844727 19.00737572
v 1816.4732666 2819.03271484 16.04640198
v 1824.52441406 2820.53808594 19.00226974
v 1816.04919434 2821.24243164 16.04380989
v 1823.43725586 2824.78051758 18.9973259
v 1815.06774902 2823.26708984 16.04144096
v 1821.28918457 2828.59692383 18.99287605
v 1813.59570312 2824.96875 16.03945351
v 1818.2265625 2831.72729492 18.98922539
v 1811.73339844 2826.23120117 16.03797722
v 1814.45800781 2833.95825195 18.98659897
v 1809.60778809 2826.96875 16.03709602
v 1810.24060059 2835.13769531 18.9851284
v 1807.36376953 2827.13061523 16.03682518
v 1805.86242676 2835.18530273 18.98486137
v 1805.15478516 2826.70605469 16.03713799
v 1801.62365723 2834.09936523 18.98603058
v 1803.13146973 2825.72485352 16.03819275
v 1797.81384277 2831.9621582 18.99041939
v 1801.42614746 2824.25878906 16.04143333
v 1794.67834473 2828.94384766 19.00761223
v 1800.12023926 2822.41821289 16.05485535
v 1792.34204102 2825.3125 19.08128738
v 1799.10717773 2820.33740234 16.12398911
v 1790.59155273 2821.42285156 19.38308334
v 1789.24462891 2817.41040039 20.01582909
v 1848.89160156 2810.77905273 30.05215645
v 1853.99572754 2814.43994141 23.92061996
v 1847.86938477 2818.54370117 30.04310608
v 1853.359375 2820.88354492 24.25602913
v 1848.89160156 2826.30834961 30.03405571
v 1855.05358887 2826.81420898 23.94730377
v 1851.8885498 2833.54370117 30.02562332
v 1858.02197266 2832.19750977 23.79211044
v 1856.65612793 2839.75683594 30.01838112
v 1862.20776367 2836.7824707 23.74612999
v 1862.86938477 2844.52441406 30.01282501
v 1867.44226074 2840.19116211 23.73263168
v 1870.1048584 2847.52148438 30.00933075
v 1873.39294434 2842.14794922 23.7284317
v 1877.86938477 2848.54370117 30.00814056
v 1879.65393066 2842.50195312 23.72779846
v 1885.63391113 2847.52148438 30.00933075
v 1885.79553223 2841.22363281 23.72935295
v 1892.86938477 2844.52441406 30.01282501
v 1891.39746094 2838.39916992 23.732687
v 1899.08251953 2839.75683594 30.01838112
v 1896.07739258 2834.22119141 23.73756027
v 1903.85009766 2833.54370117 30.02562332
v 1899.51647949 2828.97387695 23.7436657
v 1906.84716797 2826.30834961 30.03405571
v 1901.48034668 2823.01538086 23.75059128
v 1907.86938477 2818.54370117 30.04310608
v 1901.83508301 2816.75146484 23.75785065
v 1906.84716797 2810.77905273 30.05215645
v 1900.55615234 2810.60888672 23.76492119
v 1903.85009766 2803.54370117 30.06059074
v 1897.73022461 2805.00610352 23.77126694
v 1899.08251953 2797.33056641 30.06783295
v 1893.54882812 2800.32495117 23.77633858
v 1892.86938477 2792.56298828 30.07338905
v 1888.2947998 2796.88549805 23.77953911
v 1885.63391113 2789.56591797 30.07688332
v 1882.32263184 2794.92456055 23.78006554
v 1877.86938477 2788.54370117 30.0780735
v 1876.0345459 2794.58325195 23.7763958
v 1870.1048584 2789.56591797 30.07688332
v 1869.85546875 2795.90209961 23.76468277
v 1862.86938477 2792.56298828 30.07338905
v 1864.21655273 2798.82446289 23.73388863
v 1856.65612793 2797.33056641 30.06783295
v 1859.5592041 2803.19506836 23.65358543
v 1851.8885498 2803.54370117 30.06059074
v 1856.33435059 2808.68310547 23.47861481
v 1877.86938477 2818.52612305 15.04311657
v 1867.07897949 2818.00756836 16.63346481
v 1871.54321289 2816.72167969 15.62678719
v 1862.88146973 2813.61083984 18.52807236
v 1870.79711914 2814.17236328 15.97954273
v 1864.37854004 2809.07592773 18.866539
v 1872.07287598 2812.21899414 16.04218864
v 1867.34973145 2805.57495117 18.97652626
v 1873.93847656 2810.85620117 16.05614471
v 1871.15844727 2803.18188477 19.01072693
v 1876.09118652 2810.08544922 16.05884171
v 1875.42626953 2801.94018555 19.02093697
v 1878.35546875 2809.91577148 16.05859947
v 1879.83996582 2801.87280273 19.02331352
v 1880.57617188 2810.34057617 16.05746841
v 1884.10192871 2802.95629883 19.02261162
v 1882.6060791 2811.32446289 16.0558815
v 1887.92822266 2805.10571289 19.02023125
v 1884.30981445 2812.79858398 16.0539093
v 1891.06311035 2808.17016602 19.01668167
v 1885.57324219 2814.66210938 16.05160141
v 1893.29602051 2811.94018555 19.01229095
v 1886.31103516 2816.78833008 16.04905319
v 1894.47631836 2816.15844727 19.00737572
v 1886.4732666 2819.03271484 16.04640198
v 1894.52441406 2820.53808594 19.00226974
v 1886.04919434 2821.24243164 16.04380989
v 1893.43725586 2824.78051758 18.9973259
v 1885.06774902 2823.26708984 16.04144096
v 1891.28918457 2828.59692383 18.99287605
v 1883.59570312 2824.96875 16.03945351
v 1888.2265625 2831.72729492 18.98922539
v 1881.73339844 2826.23120117 16.03797722
v 1884.45800781 2833.95825195 18.98659897
v 1879.60778809 2826.96875 16.03709602
v 1880.24060059 2835.13769531 18.9851284
v 1877.36376953 2827.13061523 16.03682518
v 1875.86242676 2835.18530273 18.98486137
v 1875.15478516 2826.70605469 16.03713799
v 1871.62365723 2834.09936523 18.98603058
v 1873.13146973 2825.72485352 16.03819275
v 1867.81384277 2831.9621582 18.99041939
v 1871.42614746 2824.25878906 16.04143333
v 1864.67834473 2828.94384766 19.00761223
v 1870.12023926 2822.41821289 16.05485535
v 1862.34204102 2825.3125 19.08128738
v 1869.10717773 2820.33740234 16.12398911
v 1860.59155273 2821.42285156 19.38308334
v 1859.24462891 2817.41040039 20.01582909
v 1988.89160156 2810.77905273 30.05215645
v 1993.99572754 2814.43994141 23.92061996
v 1987.86938477 2818.54370117 30.04310608
v 1993.359375 2820.88354492 24.25602913
v 1988.89160156 2826.30834961 30.03405571
v 1995.05358887 2826.81420898 23.94730377
v 1991.8885498 2833.54370117 30.02562332
v 1998.02197266 2832.19750977 23.79211044
v 1996.65612793 2839.75683594 30.01838112
v 2002.20776367 2836.7824707 23.74612999
v 2002.86938477 2844.52441406 30.01282501
v 2007.44226074 2840.19116211 23.73263168
v 2010.1048584 2847.52148438 30.00933075
v 2013.39294434 2842.14794922 23.7284317
v 2017.86938477 2848.54370117 30.00814056
v 2019.65393066 2842.50195312 23.72779846
v 2025.63391113 2847.52148438 30.00933075
v 2025.79553223 2841.22363281 23.72935295
v 2032.86938477 2844.52441406 30.01282501
v 2031.39746094 2838.39916992 23.732687
v 2039.08251953 2839.75683594 30.01838112
v 2036.07739258 2834.22119141 23.73756027
v 2043.85009766 2833.54370117 30.02562332
v 2039.51647949 2828.97387695 23.7436657
v 2046.84716797 2826.30834961 30.03405571
v 2041.48034668 2823.01538086 23.75059128
v 2047.86938477 2818.54370117 30.04310608
v 2041.83508301 2816.75146484 23.75785065
v 2046.84716797 2810.77905273 30.05215645
v 2040.55615234 2810.60888672 23.76492119
v 2043.85009766 2803.54370117 30.06059074
v 2037.73022461 2805.00610352 23.77126694
v 2039.08251953 2797.33056641 30.06783295
v 2033.54882812 2800.32495117 23.77633858
v 2032.86938477 2792.56298828 30.07338905
v 2028.2947998 2796.88549805 23.77953911
v 2025.63391113 2789.56591797 30.07688332
v 2022.32263184 2794.92456055 23.78006554
v 2017.86938477 2788.54370117 30.0780735
v 2016.0345459 2794.58325195 23.7763958
v 2010.1048584 2789.56591797 30.07688332
v 2009.85546875 2795.90209961 23.76468277
v 2002.86938477 2792.56298828 30.07338905
v 2004.21655273 2798.82446289 23.73388863
v 1996.65612793 2797.33056641 30.06783295
v 1999.5592041 2803.19506836 23.65358543
v 1991.8885498 2803.54370117 30.06059074
v 1996.33435059 2808.68310547 23.47861481
v 2017.86938477 2818.52612305 15.04311657
v 2007.07897949 2818.00756836 16.63346481
v 2011.54321289 2816.72167969 15.62678719
v 2002.88146973 2813.61083984 18.52807236
v 2010.79711914 2814.17236328 15.97954273
v 2004.37854004 2809.07592773 18.866539
v 2012.07287598 2812.21899414 16.04218864
v 2007.34973145 2805.57495117 18.97652626
v 2013.93847656 2810.85620117 16.05614471
v 2011.15844727 2803.18188477 19.01072693
v 2016.09118652 2810.08544922 16.05884171
v 2015.42626953 2801.94018555 19.02093697
v 2018.35546875 2809.91577148 16.05859947
v 2019.83996582 2801.87280273 19.02331352
v 2020.57617188 2810.34057617 16.05746841
v 2024.10192871 2802.95629883 19.02261162
v 2022.6060791 2811.32446289 16.0558815
v 2027.92822266 2805.10571289 19.02023125
v 2024.30981445 2812.79858398 16.0539093
v 2031.06311035 2808.17016602 19.01668167
v 2025.57324219 2814.66210938 16.05160141
v 2033.29602051 2811.94018555 19.01229095
v 2026.31103516 2816.78833008 16.04905319
v 2034.47631836 2816.15844727 19.00737572
v 2026.4732666 2819.03271484 16.04640198
v 2034.52441406 2820.53808594 19.00226974
v 2026.04919434 2821.24243164 16.04380989
v 2033.43725586 2824.78051758 18.9973259
v 2025.06774902 2823.26708984 16.04144096
v 2031.28918457 2828.59692383 18.99287605
v 2023.59570312 2824.96875 16.03945351
v 2028.2265625 2831.72729492 18.98922539
v 2021.73339844 2826.23120117 16.03797722
v 2024.45800781 2833.95825195 18.98659897
v 2019.60778809 2826.96875 16.03709602
v 2020.24060059 2835.13769531 18.9851284
v 2017.36376953 2827.13061523 16.03682518
v 2015.86242676 2835.18530273 18.98486137
v 2015.15478516 2826.70605469 16.03713799
v 2011.62365723 2834.09936523 18.98603058
v 2013.13146973 2825.72485352 16.03819275
v 2007.81384277 2831.9621582 18.99041939
v 2011.42614746 2824.25878906 16.04143333
v 2004.67834473 2828.94384766 19.00761223
v 2010.12023926 2822.41821289 16.05485535
v 2002.34204102 2825.3125 19.08128738
v 2009.10717773 2820.33740234 16.12398911
v 2000.59155273 2821.42285156 19.38308334
v 1999.24462891 2817.41040039 20.01582909
v 2128.89160156 2810.77905273 30.05215645
v 2133.99584961 2814.43994141 23.92061996
v 2127.86938477 2818.54370117 30.04310608
v 2133.359375 2820.88354492 24.25602913
v 2128.89160156 2826.30834961 30.03405571
v 2135.0534668 2826.81420898 23.94730377
v 2131.88867188 2833.54370117 30.02562332
v 2138.02197266 2832.19750977 23.79211044
v 2136.65625 2839.75683594 30.01838112
v 2142.20776367 2836.7824707 23.74612999
v 2142.86938477 2844.52441406 30.01282501
v 2147.44213867 2840.19116211 23.73263168
v 2150.10473633 2847.52148438 30.00933075
v 2153.39282227 2842.14794922 23.7284317
v 2157.86938477 2848.54370117 30.00814056
v 2159.65405273 2842.50195312 23.72779846
v 2165.6340332 2847.52148438 30.00933075
v 2165.7956543 2841.22363281 23.72935295
v 2172.86938477 2844.52441406 30.01282501
v 2171.39746094 2838.39916992 23.732687
v 2179.08251953 2839.75683594 30.01838112
v 2176.07739258 2834.22119141 23.73756027
v 2183.85009766 2833.54370117 30.02562332
v 2179.51660156 2828.97387695 23.7436657
v 2186.84716797 2826.30834961 30.03405571
v 2181.48046875 2823.01538086 23.75059128
v 2187.86938477 2818.54370117 30.04310608
v 2181.83496094 2816.75146484 23.75785065
v 2186.84716797 2810.77905273 30.05215645
v 2180.55615234 2810.60888672 23.76492119
v 2183.85009766 2803.54370117 30.06059074
v 2177.73022461 2805.00610352 23.77126694
v 2179.08251953 2797.33056641 30.06783295
v 2173.54882812 2800.32495117 23.77633858
v 2172.86938477 2792.56298828 30.07338905
v 2168.29492188 2796.88549805 23.77953911
v 2165.6340332 2789.56591797 30.07688332
v 2162.32275391 2794.92456055 23.78006554
v 2157.86938477 2788.54370117 30.0780735
v 2156.03442383 2794.58325195 23.7763958
v 2150.10473633 2789.56591797 30.07688332
v 2149.85546875 2795.90209961 23.76468277
v 2142.86938477 2792.56298828 30.07338905
v 2144.21655273 2798.82446289 23.73388863
v 2136.65625 2797.33056641 30.06783295
v 2139.55908203 2803.19506836 23.65358543
v 2131.88867188 2803.54370117 30.06059074
v 2136.33447266 2808.68310547 23.47861481
v 2157.86938477 2818.52612305 15.04311657
v 2147.07910156 2818.00756836 16.63346481
v 2151.54321289 2816.72167969 15.62678719
v 2142.8815918 2813.61083984 18.52807236
v 2150.79711914 2814.17236328 15.97954273
v 2144.37866211 2809.07592773 18.866539
v 2152.07275391 2812.21899414 16.04218864
v 2147.34960938 2805.57495117 18.97652626
v 2153.93847656 2810.85620117 16.05614471
v 2151.15844727 2803.18188477 19.01072693
v 2156.09130859 2810.08544922 16.05884171
v 2155.42626953 2801.94018555 19.02093697
v 2158.35546875 2809.91577148 16.05859947
v 2159.83984375 2801.87280273 19.02331352
v 2160.57617188 2810.34057617 16.05746841
v 2164.10180664 2802.95629883 19.02261162
v 2162.60620117 2811.32446289 16.0558815
v 2167.92822266 2805.10571289 19.02023125
v 2164.30981445 2812.79858398 16.0539093
v 2171.06298828 2808.17016602 19.01668167
v 2165.57324219 2814.66210938 16.05160141
v 2173.29589844 2811.94018555 19.01229095
v 2166.31103516 2816.78833008 16.04905319
v 2174.47631836 2816.15844727 19.00737572
v 2166.47338867 2819.03271484 16.04640198
v 2174.52441406 2820.53808594 19.00226974
v 2166.04931641 2821.24243164 16.04380989
v 2173.43725586 2824.78051758 18.9973259
v 2165.06762695 2823.26708984 16.04144096
v 2171.2890625 2828.59692383 18.99287605
v 2163.59570312 2824.96875 16.03945351
v 2168.2265625 2831.72729492 18.98922539
v 2161.73339844 2826.23120117 16.03797722
v 2164.45800781 2833.95825195 18.98659897
v 2159.60766602 2826.96875 16.03709602
v 2160.24072266 2835.13769531 18.9851284
v 2157.36376953 2827.13061523 16.03682518
v 2155.86254883 2835.18530273 18.98486137
v 2155.15478516 2826.70605469 16.03713799
v 2151.6237793 2834.09936523 18.98603058
v 2153.13134766 2825.72485352 16.03819275
v 2147.8137207 2831.9621582 18.99041939
v 2151.42626953 2824.25878906 16.04143333
v 2144.6784668 2828.94384766 19.00761223
v 2150.12036133 2822.41821289 16.05485535
v 2142.34204102 2825.3125 19.08128738
v 2149.10717773 2820.33740234 16.12398911
v 2140.59155273 2821.42285156 19.38308334
v 2139.24462891 2817.41040039 20.01582909
v 1797.51660156 2857.18066406 29.99807167
v 1787.86938477 2853.18457031 30.00272942
v 1779.58508301 2846.82788086 30.01013947
v 1773.22839355 2838.54370117 30.01979446
v 1769.2322998 2828.89648438 30.03104019
v 1767.86938477 2818.54370117 30.04310608
v 1769.2322998 2808.19091797 30.05517387
v 1773.22839355 2798.54370117 30.06641769
v 1779.58508301 2790.25952148 30.0760746
v 1787.86938477 2783.90258789 30.08348274
v 1797.51660156 2779.90673828 30.08814049
vn 0.09722 -0.98696 0.12831
vn -0.00093 -0.99095 0.13425
vn -0.09731 -0.98781 0.12147
vn -0.28829 -0.95022 0.11819
vn -0.36379 -0.92289 0.12626
vn -0.46833 -0.87604 0.11497
vn -0.55848 -0.8213 0.11643
vn -0.63113 -0.76891 0.10225
vn -0.73303 -0.67337 0.09611
vn -0.77032 -0.63209 0.08412
vn -0.88004 -0.47032 0.06576
vn -0.86938 -0.48984 0.06504
vn -0.95641 -0.29008 0.03368
vn -0.97769 -0.20732 0.03376
vn -0.99514 -0.098 0.00968
vn -0.99906 0.04341 -0.00052
vn -0.99507 0.09799 -0.01509
vn -0.95632 0.29005 -0.03643
vn -0.9494 0.31208 -0.03529
vn -0.88032 0.47047 -0.0607
vn -0.85552 0.51441 -0.05886
vn -0.77003 0.63184 -0.08851
vn -0.67578 0.73144 -0.09124
vn -0.63099 0.76874 -0.10434
vn -0.42312 0.89921 -0.11129
vn -0.4691 0.87751 -0.09966
vn -0.36824 0.92431 -0.10026
vn -0.28817 0.94982 -0.12164
vn -0.09719 0.98661 -0.13101
vn -0.02499 0.99251 -0.1196
vn 0.09715 0.98623 -0.13387
vn 0.27026 0.95554 -0.11793
vn 0.28819 0.94989 -0.12102
vn 0.46839 0.87616 -0.1138
vn 0.49311 0.86334 -0.10715
vn 0.63072 0.7684 -0.10841
vn 0.72494 0.68351 -0.08531
vn 0.77009 0.63189 -0.08761
vn 0.88797 0.45642 -0.05656
vn 0.88061 0.47063 -0.05508
vn 0.95626 0.29003 -0.03814
vn 0.9707 0.23909 -0.02404
vn 0.99504 0.09798 -0.0169
vn 0.99932 -0.03547 0.01035
vn 0.99512 -0.098 0.01124
vn 0.9598 -0.27784 0.03995
vn 0.95622 -0.29002 0.03923
vn 0.88055 -0.4706 0.05634
vn 0.82789 -0.55529 0.07902
vn 0.77044 -0.63219 0.08227
vn 0.67674 -0.72896 0.10312
vn 0.63115 -0.76894 0.10194
vn 0.51297 -0.85056 0.11584
vn 0.46855 -0.87647 0.11067
vn 0.2884 -0.95059 0.11487
vn 0.16734 -0.97702 0.13203
vn -0.09664 -0.16965 0.98075
vn -0.05887 -0.1728 0.9832
vn 0.09684 -0.15773 0.98272
vn 0.22373 -0.15782 0.96179
vn 0.28735 -0.14495 0.9468
vn 0.46764 -0.12917 0.87443
vn 0.56648 -0.13309 0.81326
vn 0.63007 -0.11925 0.76733
vn 0.73152 -0.11106 0.67271
vn 0.76961 -0.09613 0.63123
vn 0.87986 -0.0705 0.46998
vn 0.91061 -0.07089 0.40714
vn 0.95608 -0.0439 0.28979
vn 0.98371 -0.0348 0.17637
vn 0.99511 -0.01322 0.09787
vn 0.99633 0.00946 -0.08512
vn 0.99509 0.01386 -0.09801
vn 0.95595 0.04642 -0.28985
vn 0.94651 0.04612 -0.31935
vn 0.87898 0.08321 -0.46954
vn 0.82666 0.08811 -0.55576
vn 0.76841 0.11152 -0.63017
vn 0.62535 0.12328 -0.77055
vn 0.62999 0.12159 -0.76702
vn 0.4673 0.13658 -0.87349
vn 0.47085 0.13713 -0.87149
vn 0.28668 0.16207 -0.94422
vn 0.22324 0.15641 -0.96213
vn 0.09661 0.17395 -0.98
vn -0.03082 0.16502 -0.98581
vn -0.09661 0.1741 -0.97998
vn -0.32486 0.15769 -0.93252
vn -0.28721 0.15063 -0.94595
vn -0.46674 0.14492 -0.87244
vn -0.49741 0.13658 -0.8567
vn -0.62877 0.13624 -0.76556
vn -0.73182 0.10886 -0.67275
vn -0.76857 0.10958 -0.63031
vn -0.89125 0.07195 -0.44777
vn -0.87987 0.07026 -0.47
vn -0.95587 0.04803 -0.28983
vn -0.9719 0.03061 -0.23338
vn -0.99498 0.01998 -0.09801
vn -0.99922 -0.01178 0.03768
vn -0.9951 -0.01419 0.09787
vn -0.9558 -0.05014 0.28971
vn -0.95945 -0.04616 0.27807
vn -0.87994 -0.06912 0.47002
vn -0.82783 -0.09363 0.55311
vn -0.76944 -0.09848 0.63109
vn -0.68058 -0.12029 0.72273
vn -0.63005 -0.11953 0.7673
vn -0.5721 -0.12754 0.8102
vn -0.4685 -0.11433 0.87603
vn -0.28827 -0.12138 0.94982
vn -0.01663 -0.16722 0.98578
vn 0.01575 0.93121 -0.36414
vn 0.27074 0.7873 -0.55394
vn 0.04693 0.77674 -0.62807
vn 0.31264 0.58012 -0.75214
vn 0.27917 0.58274 -0.7632
vn 0.33647 0.36942 -0.86621
vn 0.41397 0.36627 -0.83335
vn -0.02056 0.92967 -0.36782
vn 0.01264 0.64001 -0.76826
vn 0.10116 0.40432 -0.90901
vn 0.1792 0.40763 -0.89539
vn -0.20608 0.8044 -0.5572
vn 0.09391 0.91522 -0.39185
vn -0.37479 0.85483 -0.35889
vn -0.22299 0.91437 -0.33794
vn -0.56828 0.77433 -0.27835
vn -0.04815 0.42514 -0.90384
vn -0.21402 0.40198 -0.89029
vn -0.24305 0.40387 -0.88194
vn -0.44456 0.35736 -0.82138
vn -0.55654 0.34916 -0.75389
vn -0.66022 0.30477 -0.68646
vn -0.72576 0.29131 -0.62323
vn -0.84251 0.21625 -0.49336
vn -0.86646 0.20688 -0.45436
vn -0.95061 0.11821 -0.28699
vn -0.97722 0.09199 -0.19124
vn -0.99859 0.01538 -0.05084
vn -0.99922 -0.01094 0.03791
vn -0.97753 -0.09115 0.19006
vn -0.95074 -0.11815 0.28659
vn -0.88724 -0.18671 0.42183
vn -0.85375 -0.20231 0.47977
vn -0.72808 -0.28127 0.62513
vn -0.66335 -0.29578 0.68738
vn -0.55144 -0.3361 0.76351
vn -0.33911 -0.34048 0.87697
vn -0.4212 -0.32756 0.84575
vn -0.12329 0.62344 -0.77209
vn -0.06678 0.7992 -0.59734
vn -0.14472 0.78832 -0.598
vn 0.24882 0.88935 -0.3836
vn -0.17961 0.62569 -0.75911
vn 0.53394 0.77876 -0.32931
vn 0.45745 0.82461 -0.33279
vn 0.37978 0.73305 -0.56427
vn 0.46691 0.68699 -0.55681
vn 0.30201 0.57553 -0.75997
vn 0.72003 0.63864 -0.27147
vn 0.65037 0.70504 -0.28271
vn 0.65225 0.60279 -0.45958
vn 0.61049 0.63597 -0.47207
vn 0.5797 0.50223 -0.64165
vn 0.56029 0.51363 -0.64981
vn 0.50309 0.33473 -0.79678
vn 0.86539 0.46254 -0.19276
vn 0.83506 0.51143 -0.20276
vn 0.82652 0.44736 -0.34167
vn 0.78036 0.50494 -0.36888
vn 0.78148 0.38629 -0.48997
vn 0.73651 0.42776 -0.524
vn 0.71235 0.28366 -0.64194
vn 0.69353 0.29515 -0.65719
vn 0.97692 0.19513 -0.08684
vn 0.9475 0.2994 -0.11228
vn 0.94853 0.24997 -0.19444
vn 0.91532 0.32696 -0.23514
vn 0.91747 0.24299 -0.31496
vn 0.87059 0.31351 -0.3792
vn 0.88066 0.18818 -0.43477
vn 0.82278 0.24077 -0.51485
vn 0.99932 -0.03588 0.00888
vn 0.99824 0.05706 -0.01622
vn 0.99847 0.04005 -0.03809
vn 0.9889 0.12262 -0.08385
vn 0.98923 0.08593 -0.11845
vn 0.97018 0.15593 -0.18555
vn 0.97098 0.08949 -0.22179
vn 0.9324 0.15279 -0.32753
vn 0.95181 -0.28639 0.10974
vn 0.97835 -0.18883 0.08469
vn 0.9774 -0.17233 0.12243
vn 0.99288 -0.09112 0.07669
vn 0.99294 -0.07879 0.08864
vn 0.99976 -0.00803 0.02032
vn 0.99977 -0.01417 0.01584
vn 0.99718 0.03597 -0.06579
vn 0.85743 -0.47851 0.1893
vn 0.88831 -0.42434 0.17561
vn 0.88946 -0.36822 0.27068
vn 0.92556 -0.29915 0.23203
vn 0.9268 -0.23702 0.2913
vn 0.95732 -0.17468 0.23028
vn 0.96007 -0.11956 0.25293
vn 0.98353 -0.06838 0.16728
vn 0.6744 -0.68338 0.27962
vn 0.73143 -0.6277 0.26648
vn 0.74572 -0.53386 0.39862
vn 0.79192 -0.48424 0.37198
vn 0.79725 -0.3766 0.47177
vn 0.84663 -0.32449 0.42182
vn 0.85145 -0.21146 0.47992
vn 0.89184 -0.17479 0.41721
vn 0.41515 -0.84611 0.33429
vn 0.55671 -0.76543 0.3228
vn 0.51891 -0.68565 0.51051
vn 0.61242 -0.62621 0.4825
vn 0.60411 -0.49558 0.62406
vn 0.67737 -0.44886 0.58283
vn 0.67819 -0.29962 0.67103
vn 0.76672 -0.24806 0.59212
vn 0.2678 -0.8964 0.3532
vn 0.32218 -0.87845 0.35289
vn 0.28921 -0.77204 0.56596
vn 0.40517 -0.72898 0.55175
vn 0.36137 -0.58296 0.72772
vn 0.46827 -0.54185 0.69794
vn 0.44879 -0.35599 0.81967
vn 0.50481 -0.33714 0.79467
vn -0.09836 -0.92659 0.36299
vn 0.04874 -0.92355 0.38037
vn 0.04937 -0.81137 0.58244
vn 0.18381 -0.78923 0.58594
vn 0.09242 -0.63455 0.76733
vn 0.26216 -0.5991 0.75654
vn 0.16782 -0.40954 0.89672
vn 0.34268 -0.36862 0.86411
vn -0.26247 -0.89637 0.35724
vn -0.23307 -0.90222 0.36287
vn -0.19405 -0.79124 0.57989
vn -0.15696 -0.79413 0.58712
vn -0.08567 -0.64935 0.75565
vn 0.08443 -0.6347 0.76813
vn -0.13698 -0.43747 0.88874
vn 0.07752 -0.41081 0.90842
vn -0.53919 -0.77823 0.32191
vn -0.48675 -0.80482 0.33961
vn -0.42772 -0.72061 0.54569
vn -0.42225 -0.72229 0.54773
vn -0.30901 -0.58155 0.75253
vn -0.45969 -0.55317 0.69476
vn -0.07748 -0.44084 0.89424
vn -0.74017 -0.62174 0.25611
vn -0.67183 -0.68045 0.29262
vn -0.67489 -0.58885 0.44472
vn -0.59217 -0.63518 0.49586
vn -0.60658 -0.49357 0.62326
vn -0.45721 -0.53493 0.7105
vn -0.89449 -0.41635 0.16291
vn -0.8346 -0.50628 0.21709
vn -0.84869 -0.42471 0.3152
vn -0.78645 -0.48709 0.37978
vn -0.79437 -0.37879 0.47487
vn -0.73014 -0.41578 0.54225
vn -0.97384 -0.2127 0.07997
vn -0.95253 -0.28069 0.11792
vn -0.95324 -0.24492 0.17706
vn -0.92197 -0.3059 0.23747
vn -0.92525 -0.23927 0.29439
vn -0.88456 -0.28351 0.37038
vn -0.99907 0.03743 -0.02143
vn -0.99904 -0.03772 0.02236
vn -0.99904 -0.0382 0.02128
vn -0.99183 -0.09856 0.08104
vn -0.99186 -0.084 0.0957
vn -0.97606 -0.13051 0.17402
vn -0.95953 0.25906 -0.1104
vn -0.97437 0.2101 -0.08045
vn -0.9765 0.16873 -0.13407
vn -0.99036 0.11416 -0.07844
vn -0.99043 0.08087 -0.11187
vn -0.99871 0.03618 -0.03556
vn -0.82783 0.51751 -0.21653
vn -0.88311 0.43819 -0.16763
vn -0.88523 0.36951 -0.28255
vn -0.91775 0.3219 -0.23263
vn -0.92142 0.23728 -0.30769
vn -0.94947 0.20003 -0.24187
vn -0.68541 0.67258 -0.27903
vn -0.73151 0.63397 -0.25095
vn -0.72767 0.54672 -0.41424
vn -0.78143 0.5051 -0.36638
vn -0.78718 0.38229 -0.48394
vn -0.82864 0.35532 -0.43256
vn -0.47589 0.8176 -0.32413
vn -0.55872 0.66826 -0.49119
vn -0.37537 0.75822 -0.53311
vn -0.34309 0.58544 -0.73454
vn -0.58171 0.65838 -0.47766
vn -0.66484 0.47564 -0.57598
vn -0.6028 0.49739 -0.62388
vn -0.44421 0.57157 -0.68992
vn 0 -0.70793 -0.70628
vn 0 -0.70793 -0.70628
vn 0 -0.70793 -0.70628
vn 0 -0.70793 -0.70628
vn -0 -0.70793 -0.70628
vn -0 -0.70793 -0.70628
vn 0 -0.70793 -0.70628
vn 0 -0.70793 -0.70628
vn 0 -0.70793 -0.70628
vn -0 -0.70793 -0.70628
vn -0 -0.70793 -0.70628
vn 0 -0.70793 -0.70628
vn -0 -0.70793 -0.70628
vn 0 -0.70793 -0.70628
vn -0 -0.70793 -0.70628
vn 0 -0.70793 -0.70628
vn 0 -0.70793 -0.70628
vn -0 -0.70793 -0.70628
vn 0 -0.70793 -0.70628
vn 0 -0.70793 -0.70628
vn -0 -0.70793 -0.70628
vn -0 -0.70793 -0.70628
vn -0 -0.70793 -0.70628
vn -0 -0.70793 -0.70628
vn -0 -0.70793 -0.70628
vn -0 -0.70793 -0.70628
vn 0 -0.70793 -0.70628
vn 0 -0.70793 -0.70628
vn -0 -0.70793 -0.70628
vn -0 -0.70793 -0.70628
vn -0 -0.70793 -0.70628
vn -0 -0.70793 -0.70628
vn 0 -0.70793 -0.70628
vn 0 -0.70793 -0.70628
vn 0 -0.70793 -0.70628
vn -0 -0.70793 -0.70628
vn -0 -0.70793 -0.70628
vn -0 -0.70793 -0.70628
vn 0 -0.70793 -0.70628
vn -0 -0.70793 -0.70628
vn -0 -0.70793 -0.70628
vn 0 -0.70793 -0.70628
vn -0 -0.70793 -0.70628
vn -0 -0.70793 -0.70628
vn -0 -0.70793 -0.70628
vn -0 -0.70793 -0.70628
vn -0 -0.70793 -0.70628
vn 0 -0.70793 -0.70628
vn 0 -0.70793 -0.70628
vn 0 -0.70793 -0.70628
vn 0 -0.70793 -0.70628
vn 0 -0.70793 -0.70628
vn 0 -0.70793 -0.70628
vn -0 -0.70793 -0.70628
vn 0 -0.70793 -0.70628
vn -0 -0.70793 -0.70628
vn 0 -0.70793 -0.70628
vn -0 -0.70793 -0.70628
vn -0 -0.70793 -0.70628
vn -0 -0.70793 -0.70628
vn -0 -0.70793 -0.70628
vn -0 -0.70793 -0.70628
vn -0 -0.70793 -0.70628
vn -0 -0.70793 -0.70628
vn -0 -0.70793 -0.70628
vn -0 -0.70793 -0.70628
vn -0 -0.70793 -0.70628
vn -0 -0.70793 -0.70628
vn -0 -0.70793 -0.70628
vn 0 -0.70793 -0.70628
vn 0 -0.70793 -0.70628
vn 0 -0.70793 -0.70628
vn -0 -0.70793 -0.70628
vn -0 -0.70793 -0.70628
vn -0 -0.70793 -0.70628
vn 0 -0.70793 -0.70628
vn 0 0.70628 -0.70793
vn 0 0.70628 -0.70793
vn 0 0.70628 -0.70793
vn 0 0.70628 -0.70793
vn -0 0.70628 -0.70793
vn -0 0.70628 -0.70793
vn -0 0.70628 -0.70793
vn -0 0.70628 -0.70793
vn 0 0.70628 -0.70793
vn 0 0.70628 -0.70793
vn -0 0.70628 -0.70793
vn 0 0.70628 -0.70793
vn -0 0.70628 -0.70793
vn -0 0.70628 -0.70793
vn 0 0.70628 -0.70793
vn -0 0.70628 -0.70793
vn -0 0.70628 -0.70793
vn -0 0.70628 -0.70793
vn 0 0.70628 -0.70793
vn 0 0.70628 -0.70793
vn 0 0.70628 -0.70793
vn 0 0.70628 -0.70793
vn 0 0.70628 -0.70793
vn 0 0.70628 -0.70793
vn 0 0.70628 -0.70793
vn 0 0.70628 -0.70793
vn 0 0.70628 -0.70793
vn 0 0.70628 -0.70793
vn 0 0.70628 -0.70793
vn 0 0.70628 -0.70793
vn -0 0.70628 -0.70793
vn -0 0.70628 -0.70793
vn -0 0.70628 -0.70793
vn 0 0.70628 -0.70793
vn 0 0.70628 -0.70793
vn -0 0.70628 -0.70793
vn 0 0.70628 -0.70793
vn 0 0.70628 -0.70793
vn 0 0.70628 -0.70793
vn -0 0.70628 -0.70793
vn 0 0.70628 -0.70793
vn 0 0.70628 -0.70793
vn 0 0.70628 -0.70793
vn -0 0.70628 -0.70793
vn -0 0.70628 -0.70793
vn -0 0.70628 -0.70793
vn -0 0.70628 -0.70793
vn 0 0.70628 -0.70793
vn 0 0.70628 -0.70793
vn 0 0.70628 -0.70793
vn 0 0.70628 -0.70793
vn 0 0.70628 -0.70793
vn 0 0.70628 -0.70793
vn -0 0.70628 -0.70793
vn -0 0.70628 -0.70793
vn -0 0.70628 -0.70793
vn -0 0.70628 -0.70793
vn -0 0.70628 -0.70793
vn 0 0.70628 -0.70793
vn -0 0.70628 -0.70793
vn 0 0.70628 -0.70793
vn 0 0.70628 -0.70793
vn 0 0.70628 -0.70793
vn 0.09269 -0.70488 -0.70324
vn 0.27176 -0.6569 -0.7033
vn 0.4323 -0.56421 -0.70341
vn 0.56339 -0.43312 -0.70356
vn 0.65608 -0.27258 -0.70375
vn 0.70406 -0.09351 -0.70395
vn 0.70406 0.09187 -0.70417
vn 0.65608 0.27094 -0.70438
vn 0.56339 0.43148 -0.70457
vn 0.4323 0.56257 -0.70472
vn 0.27176 0.65526 -0.70483
vn 0.09269 0.70324 -0.70488
vn -0.09269 0.70324 -0.70488
vn -0.27176 0.65526 -0.70483
vn -0.4323 0.56257 -0.70472
vn -0.56339 0.43148 -0.70457
vn -0.65608 0.27094 -0.70438
vn -0.70406 0.09187 -0.70417
vn -0.70406 -0.09351 -0.70395
vn -0.65608 -0.27258 -0.70375
vn -0.56339 -0.43312 -0.70356
vn -0.4323 -0.56421 -0.70341
vn -0.27176 -0.6569 -0.7033
vn -0.09269 -0.70488 -0.70324
vn -0.60003 0.59942 -0.52977
vn -0.57342 0.57417 -0.58439
vn -0.54417 0.54343 -0.63919
vn -0.44216 0.44125 -0.78089
vn -0.27882 0.27775 -0.9193
vn -0.09524 0.09409 -0.991
vn 0.04773 -0.04889 -0.99766
vn 0.09413 -0.09641 -0.99088
vn 0.14232 -0.14346 -0.97937
vn 0.23432 -0.23542 -0.94322
vn 0.27782 -0.27997 -0.91893
vn 0.32205 -0.32308 -0.88989
vn 0.38407 -0.38505 -0.83918
vn 0.42299 -0.42446 -0.80057
vn 0.4413 -0.44328 -0.78023
vn 0.4784 -0.47926 -0.73583
vn 0.54417 -0.54492 -0.63792
vn 0.60003 -0.60065 -0.52837
vn 0.13053 -0.99144 0.00116
vn 0.38268 -0.92388 0.00108
vn 0.60876 -0.79335 0.00092
vn 0.79335 -0.60876 0.00071
vn 0.92388 -0.38268 0.00045
vn 0.99144 -0.13053 0.00015
vn 0.99144 0.13053 -0.00015
vn 0.92388 0.38268 -0.00045
vn 0.79335 0.60876 -0.00071
vn 0.60876 0.79335 -0.00092
vn 0.38268 0.92388 -0.00108
vn 0.13053 0.99144 -0.00116
vn -0 -0.00117 -1
vn -0 -0.00117 -1
vn 0 -0.00117 -1
vn -0.81093 -0.00068 -0.58515
vn -0.67656 -0.00086 -0.73639
vn -0.5712 -0.00096 -0.82081
vn -0.45544 -0.00104 -0.89027
vn -0.33138 -0.0011 -0.9435
vn -0.20127 -0.00114 -0.97953
vn -0.0675 -0.00116 -0.99772
vn 0.0675 -0.00116 -0.99772
vn 0.20127 -0.00114 -0.97953
vn 0.33138 -0.0011 -0.9435
vn 0.45544 -0.00104 -0.89027
vn 0.5712 -0.00096 -0.82081
vn 0.67656 -0.00086 -0.73639
vn 0.81093 -0.00068 -0.58515
vn 0.57343 -0.57785 -0.58074
vn 0.44216 -0.44307 -0.77986
vn 0.27882 -0.27989 -0.91865
vn 0.09524 -0.0964 -0.99078
vn -0.04773 0.04657 -0.99777
vn -0.09308 0.09411 -0.9912
vn -0.14232 0.14118 -0.9797
vn -0.23432 0.23322 -0.94377
vn -0.27694 0.2779 -0.91982
vn -0.32205 0.32101 -0.89064
vn -0.38407 0.38309 -0.84008
vn -0.42276 0.42282 -0.80156
vn -0.44058 0.44163 -0.78157
vn -0.4784 0.47754 -0.73695
vn -0.57342 0.57362 -0.58494
vn 0.0945 -0.0964 -0.99085
vn 0.27814 -0.27995 -0.91884
vn 0.42308 -0.42438 -0.80056
vn 0.44158 -0.44321 -0.78011
vn -0 -0.00117 -1
vn 0 -0.00117 -1
vn 0.57342 -0.57552 -0.58307
vn -0.09414 0.0941 -0.9911
vn -0.27782 0.27783 -0.91958
vn -0.423 0.42259 -0.80155
vn -0.44131 0.44145 -0.78126
vn 0.57342 -0.57497 -0.58361
vn -0.0945 0.09409 -0.99107
vn -0.27814 0.2778 -0.91949
vn -0.42308 0.42251 -0.80155
vn -0.44158 0.44139 -0.78114
vn 0 -1 0.00117
vn 0 -1 0.00117
vn -0 -1 0.00117
vn -0 -1 0.00117
vn 0 -1 0.00117
vn 0 -1 0.00117
vn -0 -1 0.00117
vn 0 -1 0.00117
vn 0 -1 0.00117
vn -0 -1 0.00117
vn -0 -1 0.00117
vn 0 -1 0.00117
vn 0 -1 0.00117
vn 0 -1 0.00117
vn 0 -1 0.00117
vn 0 -1 0.00117
vn 0 -1 0.00117
vn 0 -1 0.00117
vn 0 -1 0.00117
vn 0 -1 0.00117
vn 0 -1 0.00117
vn 0 -1 0.00117
vn 0 -1 0.00117
vn -0 -1 0.00117
vn -0 -1 0.00117
vn 0 -1 0.00117
vn 0 -1 0.00117
vn 0 -1 0.00117
vn 0 -1 0.00117
vn 0 -1 0.00117
vn -0 -1 0.00117
vn -0 -1 0.00117
vn -0 -1 0.00117
vn 0 -1 0.00117
vn 0 -1 0.00117
vn 0 -1 0.00117
vn 0 -1 0.00117
vn 0 -1 0.00117
vn 0 -1 0.00117
vn 0 -1 0.00117
vn 0 -1 0.00117
vn 0 -1 0.00117
vn 0 -1 0.00117
vn -0 -1 0.00117
vn -0 -1 0.00117
vn -0 -1 0.00117
vn -0 -1 0.00117
vn 0 -1 0.00117
vn 0 -1 0.00117
vn 0 -1 0.00117
vn 0 -1 0.00117
vn -0 -1 0.00117
vn 0 -1 0.00117
vn -0 -1 0.00117
vn -0 -1 0.00117
vn 0 -1 0.00117
vn -0 -1 0.00117
vn 0 -1 0.00117
vn -0 -1 0.00117
vn 0 -1 0.00117
vn -0 -1 0.00117
vn -0 -1 0.00117
vn -0 -1 0.00117
vn 0 -1 0.00117
vn 0 -1 0.00117
vn 0 -1 0.00117
vn -0 -1 0.00117
vn 0 -1 0.00117
vn -0 -1 0.00117
vn -0 -1 0.00117
vn -0 -1 0.00117
vn -0 -1 0.00117
vn -0 -1 0.00117
vn 0 -1 0.00117
vn 0 -1 0.00117
vn 0 -1 0.00117
vn 0 -1 0.00117
vn -0 -1 0.00117
vn -0 -1 0.00117
vn 0 -1 0.00117
vn 0 -1 0.00117
vn -0 -1 0.00117
vn -0 -1 0.00117
vn 0 -1 0.00117
vn 0 -1 0.00117
vn -0 -1 0.00117
vn 0 -1 0.00117
vn 0 -1 0.00117
vn -0 -1 0.00117
vn -0 -1 0.00117
vn 0 -1 0.00117
vn -0 -1 0.00117
vn 0 -1 0.00117
vn 0 -1 0.00117
vn -0 -1 0.00117
vn 0.60003 0.59942 -0.52977
vn 0.54417 0.54343 -0.63919
vn 0.4784 0.47754 -0.73695
vn 0.44158 0.44139 -0.78114
vn 0.42308 0.42251 -0.80155
vn 0.38407 0.38309 -0.84008
vn 0.32205 0.32101 -0.89064
vn 0.27814 0.2778 -0.91949
vn 0.23432 0.23322 -0.94377
vn 0.14232 0.14118 -0.9797
vn 0.0945 0.09409 -0.99107
vn 0.04773 0.04657 -0.99777
vn -0.09524 -0.0964 -0.99078
vn -0.27882 -0.27989 -0.91865
vn -0.44216 -0.44307 -0.77986
vn -0.54417 -0.54492 -0.63792
vn -0.57342 -0.57497 -0.58361
vn -0.60003 -0.60065 -0.52837
vn 0.44131 0.44145 -0.78126
vn 0.423 0.42259 -0.80155
vn 0.27782 0.27783 -0.91958
vn 0.09414 0.0941 -0.9911
vn -0.57342 -0.57552 -0.58307
vn 0 1 -0.00117
vn -0.57343 -0.57785 -0.58074
vn 0.09308 0.09411 -0.9912
vn 0.27694 0.2779 -0.91982
vn 0.42276 0.42282 -0.80156
vn 0.44058 0.44163 -0.78157
vn -0 -0.00117 -1
vn 0 -0.00117 -1
vn -0 -0.00117 -1
vn -0 -0.00117 -1
vn -0 -0.00117 -1
vn -0 -0.00117 -1
vn 0 -0.00117 -1
vn 0 -0.00117 -1
vn -0 -0.00117 -1
vn -0 -0.00117 -1
vn 0 -0.00117 -1
vn 0 -0.00117 -1
vn -0 -0.00117 -1
vn 0 -0.00117 -1
vn -0 -0.00117 -1
vn -0 -0.00117 -1
vn -0 -0.00117 -1
vn -0 -0.00117 -1
vn -0 -0.00117 -1
vn 0 -0.00117 -1
vn -0 -0.00117 -1
vn 0 -0.00117 -1
vn 0 -0.00117 -1
vn -0 -0.00117 -1
vn -0 -0.00117 -1
vn 0 -0.00117 -1
vn 0 -0.00117 -1
vn -0 -0.00117 -1
vn -0 -0.00117 -1
vn -0 -0.00117 -1
vn 0 -0.00117 -1
vn 0 -0.00117 -1
vn -0 -0.00117 -1
vn 0 -0.00117 -1
vn 0 -0.00117 -1
vn -0 -0.00117 -1
vn -0 -0.00117 -1
vn -0 -0.00117 -1
vn -0 -0.00117 -1
vn -0 -0.00117 -1
vn -0 -0.00117 -1
vn 0 -0.00117 -1
vn -0 -0.00117 -1
vn -0 -0.00117 -1
vn -0 -0.00117 -1
vn -0 -0.00117 -1
vn -0 -0.00117 -1
vn -0 -0.00117 -1
vn -0 -0.00117 -1
vn 0 -0.00117 -1
vn 0 -0.00117 -1
vn 0 -0.00117 -1
vn 0 -0.00117 -1
vn -0 -0.00117 -1
vn -0 -0.00117 -1
vn -0 -0.00117 -1
vn -0 -0.00117 -1
vn -0 -0.00117 -1
vn -0 -0.00117 -1
vn 0 -0.00117 -1
vn 0 -0.00117 -1
vn -0 -0.00117 -1
vn -0 -0.00117 -1
vn -0 -0.00117 -1
vn -0 -0.00117 -1
vn 0 -0.00117 -1
vn -0 -0.00117 -1
vn 0 -0.00117 -1
vn 0 -0.00117 -1
vn -0 -0.00117 -1
vn 0 -0.00117 -1
vn 0 -0.00117 -1
vn 0 -0.00117 -1
vn 0 -0.00117 -1
vn 0 -0.00117 -1
vn 0 -0.00117 -1
vn 0 -0.00117 -1
vn 0 -0.00117 -1
vn 0 -0.00117 -1
vn 0 -0.00117 -1
vn 0 -0.00117 -1
vn 0 -0.00117 -1
vn 0 -0.00117 -1
vn 0 -0.00117 -1
vn -0 -0.00117 -1
vn -0 -0.00117 -1
vn 0 -0.00117 -1
vn 0 -0.00117 -1
vn 0 -0.00117 -1
vn -0 -0.00117 -1
vn 0 -0.00117 -1
vn 0 -0.00117 -1
vn -0 -0.00117 -1
vn -0 -0.00117 -1
vn -0 -0.00117 -1
vn -0 -0.00117 -1
vn 0 -0.00117 -1
vn 0 -0.00117 -1
vn -0 -0.00117 -1
vn -0 -0.00117 -1
vn 0 -0.00117 -1
vn -0 -0.00117 -1
vn -0 -0.00117 -1
vn -0 -0.00117 -1
vn 0 -0.00117 -1
vn 0 -0.00117 -1
vn 0 -0.00117 -1
vn 0 -0.00117 -1
vn 0 -0.00117 -1
vn 0 -0.00117 -1
vn -0 -0.00117 -1
vn -0 -0.00117 -1
vn -0 -0.00117 -1
vn -0 -0.00117 -1
vn -0 -0.00117 -1
vn -0 -0.00117 -1
vn -0 -0.00117 -1
vn -0 -0.00117 -1
vn -0 -0.00117 -1
vn 0 -0.00117 -1
vn 0 -0.00117 -1
vn -0 -0.00117 -1
vn -0 -0.00117 -1
vn 0 -0.00117 -1
vn -0 -0.00117 -1
vn 0 -0.00117 -1
vn 0 -0.00117 -1
vn 0 -0.00117 -1
vn 0 -0.00117 -1
vn -0 -0.00117 -1
vn -0 -0.00117 -1
vn 0 -0.00117 -1
vn 0 -0.00117 -1
vn 0 -0.00117 -1
vn -0 -0.00117 -1
vn -0 -0.00117 -1
vn 0 -0.00117 -1
vn -0 -0.00117 -1
vn -0 -0.00117 -1
vn -0 -0.00117 -1
vn -0 -0.00117 -1
vn 0 -0.00117 -1
vn 0 -0.00117 -1
vn 0 -0.00117 -1
vn -0 -0.00117 -1
vn -0 -0.00117 -1
vn 0 -0.00117 -1
vn 0 -0.00117 -1
vn 0 -0.00117 -1
vn 0 -0.00117 -1
vn 0 -0.00117 -1
vn -0 -0.00117 -1
vn 0 -0.00117 -1
vn -1 0 0
vn -1 0 -0
vn -1 0 0
vn -1 0 -0
vn -1 0 -0
vn -1 0 0
vn -1 0 -0
vn -1 0 0
vn -1 0 -0
vn -0.04773 -0.04889 -0.99766
vn 0.09524 0.09409 -0.991
vn 0.27882 0.27775 -0.9193
vn 0.44216 0.44125 -0.78089
vn 0.57342 0.57417 -0.58439
vn -0.09413 -0.09641 -0.99088
vn -0.14232 -0.14346 -0.97937
vn -0.23432 -0.23542 -0.94322
vn -0.27782 -0.27997 -0.91893
vn -0.32205 -0.32308 -0.88989
vn -0.38407 -0.38505 -0.83918
vn -0.42299 -0.42446 -0.80057
vn -0.4413 -0.44328 -0.78023
vn -0.4784 -0.47926 -0.73583
vn 1 0 -0
vn 1 0 0
vn 1 0 0
vn 1 0 -0
vn 1 0 0
vn 1 0 -0
vn 1 0 -0
vn 1 0 0
vn 1 0 -0
vn 1 0 -0
vn 1 0 0
vn 0.57342 0.57362 -0.58494
vn -0.0945 -0.0964 -0.99085
vn -0.27814 -0.27995 -0.91884
vn -0.42308 -0.42438 -0.80056
vn -0.44158 -0.44321 -0.78011
vn 0.57343 0.57661 -0.58198
vn -0.09304 -0.09642 -0.99098
vn -0.27691 -0.28005 -0.91918
vn -0.42275 -0.42469 -0.80058
vn -0.44056 -0.44346 -0.78055
vn 0.09304 -0.09642 -0.99098
vn 0.27691 -0.28005 -0.91918
vn 0.42275 -0.42469 -0.80058
vn 0.44056 -0.44346 -0.78055
vn -0.57343 0.57661 -0.58198
vn -1 0 -0
vn -0.1184 0.89885 -0.42197
vn -0.0707 0.8169 -0.57243
vn -0.05933 0.65777 -0.75088
vn -0.05413 0.4604 -0.88606
vn -0.09442 0.60548 -0.79024
vn -0.08677 0.53973 -0.83735
vn -0.23232 0.75793 -0.60956
vn -0.2196 0.71221 -0.66674
vn -0.35473 0.85596 -0.37617
vn -0.38237 0.62256 -0.6828
vn -0.57182 0.74481 -0.34391
vn -0.52484 0.50345 -0.68636
vn -0.755 0.57898 -0.30782
vn -0.62669 0.34977 -0.69636
vn -0.87297 0.36122 -0.32778
vn -0.70487 0.18087 -0.68589
vn -0.91617 0.12017 -0.38236
vn -0.73128 -0.00498 -0.68206
vn -0.91405 -0.12079 -0.38721
vn -0.69587 -0.1923 -0.69194
vn -0.86562 -0.35896 -0.34906
vn -0.61921 -0.3665 -0.69444
vn -0.75515 -0.5798 -0.30592
vn -0.49182 -0.50705 -0.70782
vn -0.57637 -0.75152 -0.32097
vn -0.33479 -0.624 -0.70607
vn -0.35199 -0.85024 -0.39141
vn -0.12218 -0.68767 -0.71566
vn -0.10728 -0.81555 -0.56865
vn -0.04524 0.3212 -0.94593
vn -0.02367 0.23669 -0.9713
vn -0.01671 0.09478 -0.99536
vn 0.00643 -0.00117 -0.99998
vn 0.00939 -0.13175 -0.99124
vn 0.03523 -0.23887 -0.97041
vn 0.03617 -0.33394 -0.9419
vn 0.06713 -0.4621 -0.88428
vn 0.06679 -0.57832 -0.81307
vn 0.08494 -0.65829 -0.74795
vn 0.09502 -0.53675 -0.83837
vn 0.17166 -0.91219 -0.37209
vn 0.29043 -0.70191 -0.65037
vn 0.10728 -0.81555 -0.56865
vn 0.43967 -0.79317 -0.4214
vn 0.45983 -0.60003 -0.65461
vn 0.64494 -0.62979 -0.43293
vn 0.60021 -0.46132 -0.6534
vn 0.79322 -0.43277 -0.42839
vn 0.69973 -0.2906 -0.65263
vn 0.8839 -0.20942 -0.41817
vn 0.75045 -0.09956 -0.65338
vn 0.91247 0.0263 -0.4083
vn 0.75556 0.09872 -0.6476
vn 0.85329 0.25798 -0.45316
vn 0.70269 0.29031 -0.64957
vn 0.75206 0.47135 -0.46069
vn 0.60308 0.462 -0.65027
vn 0.60889 0.65053 -0.45394
vn 0.4615 0.60068 -0.65285
vn 0.43121 0.7851 -0.44461
vn 0.28837 0.69542 -0.6582
vn 0.23892 0.86599 -0.4393
vn 0.09851 0.7475 -0.65692
vn 0.07931 0.81637 -0.57206
vn 0.06722 0.77618 -0.62692
vn 0.07712 0.65697 -0.74997
vn 0.06229 0.60834 -0.79123
vn 0.0607 0.46023 -0.88572
vn 0.04472 0.40488 -0.91328
vn 0.03561 0.2366 -0.97095
vn 0.01828 0.17395 -0.98458
vn 0.00477 -0.00117 -0.99999
vn -0.01316 -0.06708 -0.99766
vn -0.02846 -0.23892 -0.97062
vn -0.04441 -0.29696 -0.95386
vn -0.05956 -0.46232 -0.88471
vn -0.0738 -0.51181 -0.85592
vn -0.08724 -0.65816 -0.74781
vn -0.14207 -0.82146 -0.55228
vn 0.61445 0.02355 -0.7886
vn 0.79006 -0.0478 -0.61116
vn 0.61964 -0.15256 -0.76992
vn 0.74582 -0.24385 -0.61992
vn 0.54531 -0.30441 -0.78101
vn 0.64411 -0.4309 -0.63202
vn 0.4293 -0.42694 -0.79588
vn 0.49331 -0.59869 -0.63104
vn 0.28886 -0.51398 -0.80771
vn 0.282 -0.74312 -0.60683
vn 0.57087 -0.042 -0.81997
vn 0.62422 -0.05725 -0.77915
vn 0.47727 -0.16466 -0.86319
vn 0.55391 -0.21477 -0.8044
vn 0.38592 -0.26848 -0.8826
vn 0.43958 -0.33143 -0.83482
vn 0.27423 -0.34438 -0.89789
vn 0.28998 -0.37901 -0.87878
vn 0.16068 -0.41056 -0.89757
vn 0.14498 -0.35047 -0.92528
vn 0.77988 0.12424 -0.61347
vn 0.5837 0.18433 -0.79077
vn 0.68563 0.34239 -0.6424
vn 0.52362 0.32448 -0.78774
vn 0.55677 0.51087 -0.655
vn 0.4357 0.45844 -0.77459
vn 0.40738 0.64124 -0.65027
vn 0.32194 0.57185 -0.75455
vn 0.23931 0.73102 -0.63902
vn 0.19729 0.67205 -0.71374
vn 0.36368 -0.04276 -0.93054
vn 0.40946 -0.05683 -0.91056
vn 0.30556 -0.12851 -0.94346
vn 0.32043 -0.13827 -0.93713
vn 0.22265 -0.1792 -0.95829
vn 0.22095 -0.17721 -0.95905
vn 0.13363 -0.18852 -0.97293
vn 0.15038 -0.22857 -0.96184
vn 0.06703 -0.1908 -0.97934
vn 0.05182 -0.12588 -0.99069
vn 0.59892 0.11386 -0.79267
vn 0.43215 0.06796 -0.89924
vn 0.48442 0.06706 -0.87226
vn 0.22282 0.02356 -0.97457
vn 0.23741 0.02262 -0.97115
vn 0.1007 0.00292 -0.99491
vn -0.00115 0.00358 -0.99999
vn -0.1162 -0.01585 -0.9931
vn -0.22619 -0.01464 -0.97397
vn -0.34834 -0.03823 -0.93659
vn -0.44271 -0.03901 -0.89582
vn -0.63956 -0.0919 -0.76323
vn -0.55303 -0.08313 -0.829
vn -0.79293 -0.21599 -0.56975
vn 0.19894 -0.03675 -0.97932
vn 0.15637 -0.02332 -0.98742
vn 0.12506 -0.06301 -0.99015
vn 0.06991 -0.02742 -0.99718
vn 0.05009 -0.0503 -0.99748
vn -0.00626 0.0121 -0.99991
vn -0.01059 0.00323 -0.99994
vn -0.0963 0.14033 -0.98541
vn -0.06442 0.15403 -0.98596
vn -0.10825 0.29103 -0.95057
vn -0.00125 -0.00563 -0.99998
vn -0.08717 0.01984 -0.996
vn -0.08356 0.03211 -0.99598
vn -0.16588 0.08354 -0.9826
vn -0.14558 0.11175 -0.98301
vn -0.20156 0.17391 -0.96391
vn -0.13183 0.18027 -0.97474
vn -0.20034 0.29293 -0.93491
vn -0.1548 0.37405 -0.9144
vn -0.17412 0.42815 -0.88678
vn -0.23447 0.03456 -0.97151
vn -0.30321 0.0541 -0.95139
vn -0.31863 0.14041 -0.93742
vn -0.34262 0.15419 -0.92674
vn -0.37744 0.28233 -0.88195
vn -0.41576 0.31317 -0.85385
vn -0.42589 0.48847 -0.76159
vn -0.4065 0.46507 -0.78642
vn -0.42725 0.69928 -0.57312
vn -0.49208 0.06806 -0.86788
vn -0.53297 0.07968 -0.84238
vn -0.49706 0.20328 -0.84357
vn -0.54168 0.22883 -0.80884
vn -0.51169 0.35947 -0.78036
vn -0.52722 0.37132 -0.7643
vn -0.60114 0.57983 -0.54993
vn -0.57539 0.08363 -0.81359
vn -0.79086 0.19957 -0.57854
vn -0.58554 0.24355 -0.77319
vn -0.77965 0.43309 -0.45231
vn -0.77099 -0.00534 -0.63682
vn 0.19995 -0.47809 -0.85525
vn -0.02948 0.08835 -0.99565
vn 0.01306 -0.0475 -0.99879
vn -0.25716 0.52851 -0.80904
vn 0.01909 -0.02729 -0.99945
vn -0.29305 0.37828 -0.87808
vn -0.28723 0.5958 -0.75002
vn -0.32154 0.41685 -0.8502
vn -0.26223 0.22399 -0.93865
vn 0.4743 0.207 -0.85568
vn 0.39521 0.19366 -0.89795
vn 0.42442 0.34793 -0.83595
vn 0.34762 0.31073 -0.88465
vn 0.32613 0.4648 -0.82316
vn 0.27645 0.42022 -0.86429
vn 0.2005 0.55117 -0.80995
vn 0.18503 0.52675 -0.82964
vn 0.31044 0.09998 -0.94532
vn 0.21297 0.08862 -0.97303
vn 0.24144 0.18025 -0.95353
vn 0.2124 0.1662 -0.96294
vn 0.20035 0.26583 -0.94297
vn 0.18662 0.25319 -0.94925
vn 0.1333 0.34208 -0.93017
vn 0.1366 0.34749 -0.92768
vn 0.07337 0.02808 -0.99691
vn 0.00572 -0.00613 -0.99996
vn -0.11804 -0.03948 -0.99222
vn -0.19011 -0.07187 -0.97913
vn -0.31284 -0.10162 -0.94435
vn -0.47784 -0.18338 -0.85909
vn -0.42974 -0.16698 -0.88738
vn -0.59428 -0.2724 -0.75672
vn -0.54397 -0.2515 -0.80053
vn -0.73051 -0.42807 -0.53209
vn -0.00073 0.00404 -0.99999
vn 0.04616 0.02757 -0.99855
vn 0.03673 0.05121 -0.99801
vn 0.06728 0.07957 -0.99456
vn 0.04331 0.11154 -0.99282
vn 0.06502 0.14761 -0.98691
vn -0.21759 -0.14523 -0.96518
vn -0.14962 -0.11274 -0.98229
vn -0.1336 -0.15387 -0.97902
vn -0.07392 -0.09858 -0.99238
vn -0.05534 -0.11808 -0.99146
vn -0.02208 -0.06288 -0.99778
vn -0.28171 -0.18798 -0.94091
vn -0.38077 -0.28959 -0.87815
vn -0.40807 -0.30837 -0.8593
vn -0.49583 -0.40396 -0.76874
vn -0.49232 -0.40136 -0.77236
vn -0.63525 -0.65594 -0.40767
vn -0.24431 -0.29721 -0.92303
vn -0.23031 -0.28361 -0.93087
vn -0.14153 -0.31789 -0.93751
vn -0.1167 -0.27661 -0.95387
vn -0.36227 -0.4614 -0.80986
vn -0.34192 -0.44137 -0.82963
vn -0.22382 -0.5104 -0.8303
vn -0.20082 -0.47332 -0.85769
vn -0.39652 -0.74805 -0.53215
vn -0.3911 -0.50312 -0.77065
vn -0.24304 -0.55957 -0.79234
vn 1 -0 0
vn 1 0 -0
vn 1 -0 -0
vn -0.11304 0.85807 -0.50094
vn -0.06939 0.81698 -0.57248
vn -0.06076 0.65771 -0.75082
vn -0.04843 0.46053 -0.88632
vn -0.0896 0.55153 -0.82933
vn -0.09317 0.60158 -0.79336
vn -0.21816 0.70474 -0.67509
vn -0.22969 0.75095 -0.61912
vn -0.33681 0.81258 -0.47569
vn -0.40767 0.66598 -0.62473
vn -0.54153 0.70521 -0.45763
vn -0.56321 0.54169 -0.62399
vn -0.71335 0.54686 -0.43826
vn -0.67885 0.37838 -0.62928
vn -0.82566 0.34148 -0.44909
vn -0.75556 0.19171 -0.6264
vn -0.86951 0.11391 -0.48059
vn -0.77883 -0.0055 -0.62721
vn -0.86776 -0.11481 -0.48354
vn -0.74779 -0.20485 -0.63154
vn -0.81963 -0.34004 -0.46107
vn -0.66961 -0.39469 -0.62916
vn -0.71335 -0.54788 -0.43699
vn -0.53732 -0.55413 -0.63579
vn -0.54513 -0.71094 -0.4443
vn -0.36315 -0.68014 -0.63681
vn -0.33524 -0.8099 -0.48133
vn -0.13175 -0.75156 -0.64637
vn -0.05015 0.31535 -0.94765
vn -0.01639 0.23672 -0.97144
vn -0.02332 0.09156 -0.99553
vn 0.01586 -0.00117 -0.99987
vn 0.0003 -0.13486 -0.99087
vn 0.04638 -0.23876 -0.96997
vn 0.02752 -0.34746 -0.93729
vn 0.07924 -0.46169 -0.8835
vn 0.05433 -0.56012 -0.82663
vn 0.09905 -0.65743 -0.74698
vn 0.11026 -0.63636 -0.76347
vn 0.16169 -0.84144 -0.5156
vn 0.30872 -0.746 -0.59007
vn 0.4094 -0.74382 -0.52833
vn 0.48907 -0.63807 -0.59471
vn 0.60877 -0.58971 -0.5307
vn 0.64009 -0.49185 -0.59022
vn 0.74871 -0.40444 -0.52522
vn 0.74868 -0.3108 -0.58556
vn 0.83287 -0.19424 -0.51827
vn 0.80622 -0.10682 -0.5819
vn 0.85659 0.02073 -0.51558
vn 0.80417 0.10519 -0.58501
vn 0.81177 0.23941 -0.53264
vn 0.74467 0.30776 -0.59225
vn 0.7131 0.44954 -0.53797
vn 0.64068 0.49092 -0.59036
vn 0.57527 0.62009 -0.53344
vn 0.4929 0.64168 -0.58762
vn 0.40484 0.74772 -0.52633
vn 0.31083 0.74972 -0.58422
vn 0.21981 0.82769 -0.51634
vn 0.10693 0.81153 -0.57445
vn 0.10341 0.81456 -0.57079
vn 0.05026 0.75156 -0.65775
vn 0.09557 0.65591 -0.74876
vn 0.04815 0.59357 -0.80334
vn 0.07376 0.45982 -0.88494
vn 0.03422 0.39683 -0.91726
vn 0.04507 0.23651 -0.97058
vn 0.0108 0.17231 -0.98498
vn 0.01189 -0.00117 -0.99993
vn -0.01853 -0.06454 -0.99774
vn -0.02287 -0.23895 -0.97076
vn -0.04886 -0.29567 -0.95404
vn -0.05499 -0.46244 -0.88494
vn -0.07738 -0.51009 -0.85663
vn -0.08346 -0.65838 -0.74805
vn -0.1313 -0.74789 -0.65071
vn 0.68582 0.0297 -0.72716
vn 0.7382 -0.03916 -0.67344
vn 0.66848 -0.16771 -0.72457
vn 0.69248 -0.22077 -0.68682
vn 0.58689 -0.33168 -0.73862
vn 0.59548 -0.39142 -0.70156
vn 0.4628 -0.46507 -0.75467
vn 0.45036 -0.53858 -0.71211
vn 0.31716 -0.55854 -0.76645
vn 0.24117 -0.67568 -0.69664
vn 0.58143 -0.04777 -0.81219
vn 0.58034 -0.04696 -0.81302
vn 0.50754 -0.18042 -0.84253
vn 0.51587 -0.19239 -0.83479
vn 0.41141 -0.29291 -0.8631
vn 0.4148 -0.30314 -0.85793
vn 0.29051 -0.37271 -0.8813
vn 0.2901 -0.36576 -0.88434
vn 0.15152 -0.4275 -0.89123
vn 0.1488 -0.33546 -0.93023
vn 0.71916 0.09442 -0.6884
vn 0.62291 0.2037 -0.7553
vn 0.62683 0.3156 -0.71238
vn 0.56053 0.34526 -0.75273
vn 0.51546 0.47964 -0.7101
vn 0.4654 0.4854 -0.74013
vn 0.37757 0.60667 -0.69956
vn 0.34337 0.60108 -0.72167
vn 0.21799 0.6971 -0.68303
vn 0.21161 0.69408 -0.6881
vn 0.39441 -0.05215 -0.91745
vn 0.38416 -0.04544 -0.92215
vn 0.32312 -0.14294 -0.9355
vn 0.30602 -0.12289 -0.94406
vn 0.23121 -0.19514 -0.95313
vn 0.21549 -0.16 -0.96331
vn 0.13425 -0.2033 -0.96987
vn 0.1347 -0.20919 -0.96855
vn 0.06628 -0.2113 -0.97517
vn 0.06175 -0.12255 -0.99054
vn 0.58529 0.11966 -0.80195
vn 0.45856 0.05975 -0.88665
vn 0.43961 0.06585 -0.89577
vn 0.25169 0.02255 -0.96755
vn 0.22757 0.0301 -0.9733
vn 0.09626 -0.00353 -0.99535
vn -0.00083 0.01061 -0.99994
vn -0.11745 -0.02235 -0.99283
vn -0.22924 -0.00738 -0.97334
vn -0.33955 -0.04374 -0.93957
vn -0.45661 -0.03267 -0.88907
vn -0.57548 -0.0865 -0.81323
vn -0.61282 -0.08853 -0.78524
vn -0.73017 -0.20104 -0.65302
vn 0.20775 -0.04544 -0.97713
vn 0.15398 -0.01488 -0.98796
vn 0.12664 -0.07189 -0.98934
vn 0.07368 -0.01982 -0.99709
vn 0.04637 -0.05774 -0.99725
vn -7E-05 0.01831 -0.99983
vn -0.01677 -0.00278 -0.99986
vn -0.0904 0.14225 -0.98569
vn -0.06968 0.15241 -0.98586
vn -0.10414 0.2964 -0.94937
vn -0.00156 -0.01251 -0.99992
vn -0.08502 0.02709 -0.99601
vn -0.0857 0.0249 -0.99601
vn -0.16067 0.09031 -0.98287
vn -0.15079 0.10498 -0.98298
vn -0.18862 0.16573 -0.96797
vn -0.142 0.18652 -0.97213
vn -0.20286 0.30585 -0.93022
vn -0.15173 0.35607 -0.92206
vn -0.18249 0.45856 -0.86972
vn -0.231 0.02697 -0.97258
vn -0.31238 0.06225 -0.94792
vn -0.30768 0.12827 -0.9428
vn -0.3647 0.17034 -0.91541
vn -0.35574 0.26174 -0.89718
vn -0.43894 0.33366 -0.83427
vn -0.40182 0.45787 -0.79303
vn -0.43661 0.50213 -0.74649
vn -0.39824 0.64912 -0.64811
vn -0.47492 0.058 -0.87812
vn -0.53179 0.08356 -0.84274
vn -0.49903 0.19768 -0.84373
vn -0.54968 0.23626 -0.80127
vn -0.50462 0.3515 -0.78855
vn -0.5602 0.39741 -0.7268
vn -0.56019 0.53856 -0.6294
vn -0.62584 0.08672 -0.77512
vn -0.73435 0.18794 -0.65224
vn -0.62582 0.25527 -0.73701
vn -0.70918 0.39447 -0.58435
vn -0.71972 -0.00469 -0.69425
vn 0.21614 -0.49401 -0.84216
vn -0.02379 0.09139 -0.99553
vn 0.00659 -0.04669 -0.99889
vn -0.27865 0.57785 -0.7671
vn 0.02206 -0.02828 -0.99936
vn -0.31665 0.4116 -0.85458
vn -0.26345 0.54065 -0.79894
vn -0.28292 0.36358 -0.88756
vn -0.29055 0.24554 -0.92482
vn 0.44923 0.19965 -0.87082
vn 0.42418 0.20575 -0.8819
vn 0.39172 0.32809 -0.8596
vn 0.37203 0.32717 -0.86865
vn 0.30066 0.43993 -0.84621
vn 0.29474 0.43787 -0.84935
vn 0.18299 0.52815 -0.8292
vn 0.19901 0.53964 -0.81804
vn 0.27513 0.08045 -0.95804
vn 0.22885 0.09184 -0.96912
vn 0.21809 0.17112 -0.96081
vn 0.22823 0.17257 -0.95819
vn 0.1832 0.2536 -0.9498
vn 0.19999 0.26168 -0.94421
vn 0.12084 0.32996 -0.93623
vn 0.14781 0.35436 -0.92335
vn 0.07645 0.03425 -0.99649
vn 0.01028 -0.01468 -0.99984
vn -0.11655 -0.0324 -0.99266
vn -0.20175 -0.08141 -0.97605
vn -0.32019 -0.09674 -0.9424
vn -0.41626 -0.1634 -0.89444
vn -0.46838 -0.17862 -0.86528
vn -0.55229 -0.25628 -0.79328
vn -0.5935 -0.27158 -0.75763
vn -0.67356 -0.39674 -0.62363
vn -0.00371 0.01001 -0.99994
vn 0.0517 0.02449 -0.99836
vn 0.0313 0.05423 -0.99804
vn 0.07448 0.07951 -0.99405
vn 0.03661 0.11105 -0.99314
vn 0.07288 0.14903 -0.98614
vn -0.20037 -0.13341 -0.9706
vn -0.14933 -0.12046 -0.98142
vn -0.13397 -0.14412 -0.98045
vn -0.0706 -0.10339 -0.99213
vn -0.05866 -0.11266 -0.9919
vn -0.01684 -0.06513 -0.99773
vn -0.31076 -0.20757 -0.92755
vn -0.35446 -0.27527 -0.89364
vn -0.4369 -0.32625 -0.83826
vn -0.48259 -0.39688 -0.78077
vn -0.53045 -0.42883 -0.73125
vn -0.5739 -0.59245 -0.56537
vn -0.2647 -0.31385 -0.91183
vn -0.22232 -0.28211 -0.93327
vn -0.14711 -0.3201 -0.93589
vn -0.11195 -0.27794 -0.95405
vn -0.37364 -0.47082 -0.7992
vn -0.33733 -0.44374 -0.83024
vn -0.22662 -0.50941 -0.83015
vn -0.19706 -0.47528 -0.85748
vn -0.36641 -0.68721 -0.62729
vn -0.41509 -0.53966 -0.73244
vn -0.25792 -0.60061 -0.7568
vn 0 0.81895 -0.57386
vn 0 0.81895 -0.57386
vn 0 0.65893 -0.75221
vn 0 0.46108 -0.88736
vn 0 0.23675 -0.97157
vn 0 0.23675 -0.97157
vn 0 -0.00117 -1
vn -0 -0.23902 -0.97102
vn -0 -0.46314 -0.88628
vn -0 -0.46314 -0.88628
vn -0 -0.66068 -0.75067
vn -0 -0.82029 -0.57195
vn -0 -0.82029 -0.57195
vn -1 0 0
vn 0 0.81895 -0.57386
vn 0 0.81895 -0.57386
vn 0 0.65893 -0.75221
vn 0 0.46108 -0.88736
vn -0 -0.23902 -0.97102
vn -0 -0.66068 -0.75067
vn -0 -0.82029 -0.57195
vn 0.11859 -0.90129 -0.41666
vn 0.06981 -0.81828 -0.57056
vn 0.05892 -0.65953 -0.74936
vn 0.05345 -0.46248 -0.88502
vn 0.09294 -0.60546 -0.79043
vn 0.08621 -0.54535 -0.83376
vn 0.22942 -0.75926 -0.60901
vn 0.2174 -0.71519 -0.66426
vn 0.35598 -0.85984 -0.36599
vn 0.37822 -0.62746 -0.68063
vn 0.57547 -0.75034 -0.3253
vn 0.51867 -0.51157 -0.68504
vn 0.76163 -0.58474 -0.27927
vn 0.62124 -0.36468 -0.69359
vn 0.88509 -0.36695 -0.28631
vn 0.70711 -0.20732 -0.67603
vn 0.93088 -0.12295 -0.34402
vn 0.74115 -0.02911 -0.67071
vn 0.91672 0.12024 -0.38101
vn 0.72295 0.15741 -0.67273
vn 0.84842 0.35096 -0.39625
vn 0.65049 0.33659 -0.68086
vn 0.7286 0.55861 -0.39635
vn 0.52394 0.48988 -0.69678
vn 0.56132 0.73108 -0.38788
vn 0.34711 0.59863 -0.72191
vn 0.35139 0.84787 -0.39703
vn 0.12457 0.65762 -0.74298
vn 0.10728 0.81422 -0.57055
vn 0.04509 -0.32403 -0.94497
vn 0.02352 -0.23895 -0.97075
vn 0.01696 -0.09891 -0.99495
vn -0.00643 -0.00117 -0.99998
vn -0.00921 0.12685 -0.99188
vn -0.03545 0.2366 -0.97096
vn -0.03637 0.32842 -0.94383
vn -0.06786 0.46001 -0.88532
vn -0.06765 0.57519 -0.81522
vn -0.08587 0.65649 -0.74943
vn -0.09592 0.53165 -0.84152
vn -0.17334 0.91335 -0.36844
vn -0.2901 0.6996 -0.653
vn -0.10728 0.81422 -0.57055
vn -0.44402 0.79057 -0.42171
vn -0.4599 0.59859 -0.65588
vn -0.64835 0.62014 -0.44166
vn -0.60226 0.46137 -0.65147
vn -0.79042 0.41537 -0.45022
vn -0.7054 0.29143 -0.64613
vn -0.86943 0.18683 -0.45736
vn -0.76035 0.09935 -0.64188
vn -0.88504 -0.04937 -0.46289
vn -0.76205 -0.10107 -0.63958
vn -0.84041 -0.27753 -0.46549
vn -0.70983 -0.29477 -0.63973
vn -0.74214 -0.48389 -0.46377
vn -0.60752 -0.46692 -0.64258
vn -0.59943 -0.65726 -0.45682
vn -0.46316 -0.60435 -0.64826
vn -0.42458 -0.78825 -0.44541
vn -0.28841 -0.69704 -0.65647
vn -0.23545 -0.86788 -0.43744
vn -0.09829 -0.74737 -0.6571
vn -0.07845 -0.81776 -0.57019
vn -0.06535 -0.77525 -0.62826
vn -0.07524 -0.65881 -0.74854
vn -0.0595 -0.60886 -0.79104
vn -0.05826 -0.46236 -0.88478
vn -0.04233 -0.40925 -0.91144
vn -0.03366 -0.23888 -0.97047
vn -0.0181 -0.18492 -0.98259
vn -0.00454 -0.00117 -0.99999
vn 0.01045 0.05167 -0.99861
vn 0.02667 0.23667 -0.97122
vn 0.04168 0.289 -0.95642
vn 0.05848 0.46029 -0.88584
vn 0.07797 0.52504 -0.8475
vn 0.09281 0.65608 -0.74896
vn 0.15525 0.83346 -0.53032
vn -0.28596 0.74142 -0.60706
vn -0.28999 0.50514 -0.81286
vn -0.4966 0.58875 -0.63778
vn -0.42833 0.41278 -0.80383
vn -0.63887 0.40979 -0.65109
vn -0.53861 0.28487 -0.79293
vn -0.72407 0.21359 -0.65582
vn -0.60553 0.13087 -0.78499
vn -0.75143 0.00914 -0.65975
vn -0.62585 -0.03455 -0.77917
vn -0.72421 -0.18952 -0.66302
vn -0.60118 -0.19793 -0.77422
vn -0.64964 -0.37037 -0.66392
vn -0.53655 -0.3483 -0.76864
vn -0.53615 -0.52464 -0.66128
vn -0.43975 -0.47812 -0.76028
vn -0.39321 -0.6461 -0.65417
vn -0.32142 -0.58534 -0.74436
vn -0.23139 -0.73085 -0.64212
vn -0.19533 -0.67965 -0.70705
vn -0.2022 0.47244 -0.85786
vn -0.15973 0.39902 -0.90292
vn -0.1461 0.3472 -0.92634
vn -0.06516 0.18043 -0.98143
vn -0.05156 0.12211 -0.99118
vn -0.00994 0.03713 -0.99926
vn 0.03017 -0.09278 -0.99523
vn 0.06631 -0.16154 -0.98464
vn 0.10844 -0.29655 -0.94884
vn 0.15391 -0.37883 -0.91258
vn 0.17343 -0.43527 -0.88344
vn 0.2828 -0.59967 -0.74861
vn 0.25581 -0.53733 -0.80364
vn 0.42321 -0.70616 -0.56765
vn -0.28987 0.3708 -0.88232
vn -0.26809 0.32343 -0.90748
vn -0.43056 0.31389 -0.84622
vn -0.36535 0.23781 -0.89998
vn -0.52151 0.18878 -0.8321
vn -0.43069 0.12869 -0.89328
vn -0.55966 0.03855 -0.82782
vn -0.45949 0.00632 -0.88816
vn -0.54981 -0.11383 -0.8275
vn -0.45337 -0.11791 -0.88349
vn -0.50008 -0.25499 -0.82759
vn -0.4171 -0.23609 -0.87766
vn -0.41902 -0.37772 -0.82568
vn -0.35642 -0.34446 -0.86851
vn -0.31389 -0.47823 -0.82023
vn -0.27655 -0.44338 -0.8526
vn -0.19137 -0.55461 -0.8098
vn -0.18175 -0.5393 -0.82227
vn -0.14568 0.2197 -0.96463
vn -0.12416 0.16771 -0.97799
vn -0.20834 0.16363 -0.96427
vn -0.19302 0.14553 -0.97034
vn -0.28275 0.11606 -0.95215
vn -0.24469 0.09082 -0.96534
vn -0.32477 0.03653 -0.94509
vn -0.27206 0.01961 -0.96208
vn -0.33092 -0.05452 -0.94208
vn -0.27612 -0.05663 -0.95945
vn -0.30754 -0.14301 -0.94073
vn -0.26162 -0.13216 -0.95608
vn -0.26274 -0.22285 -0.93878
vn -0.23268 -0.20636 -0.95041
vn -0.20232 -0.29308 -0.93444
vn -0.19052 -0.28167 -0.94041
vn -0.12866 -0.3546 -0.92612
vn -0.13376 -0.36308 -0.92211
vn -0.0161 0.01901 -0.99969
vn 0.02239 -0.0214 -0.99952
vn 0.10092 -0.15039 -0.98346
vn 0.13759 -0.19266 -0.97157
vn 0.20314 -0.30472 -0.93053
vn 0.31765 -0.4254 -0.84743
vn 0.29432 -0.39236 -0.87145
vn 0.4239 -0.50328 -0.75301
vn 0.40469 -0.47901 -0.77896
vn 0.5999 -0.59559 -0.53423
vn 0.02004 -0.02465 -0.9995
vn -0.01742 0.01822 -0.99968
vn -0.03081 0.00929 -0.99948
vn -0.05168 0.02326 -0.99839
vn -0.07045 0.00817 -0.99748
vn -0.07194 0.00867 -0.99737
vn -0.08848 -0.01281 -0.996
vn -0.08021 -0.01321 -0.99669
vn -0.0901 -0.0397 -0.99514
vn -0.08215 -0.03787 -0.9959
vn -0.08263 -0.06802 -0.99426
vn -0.08176 -0.06755 -0.99436
vn -0.06993 -0.0997 -0.99256
vn -0.07794 -0.10748 -0.99115
vn -0.05031 -0.13817 -0.98913
vn -0.06495 -0.16286 -0.98451
vn 0.21625 -0.1939 -0.95689
vn 0.16578 -0.13376 -0.97705
vn 0.2069 -0.10728 -0.97246
vn 0.14482 -0.06489 -0.98733
vn 0.17591 -0.03596 -0.98375
vn 0.13166 -0.02045 -0.99108
vn 0.15565 0.01193 -0.98774
vn 0.12114 0.01432 -0.99253
vn 0.13597 0.05023 -0.98944
vn 0.10635 0.04406 -0.99335
vn 0.10918 0.07944 -0.99084
vn 0.0826 0.06547 -0.99443
vn 0.0741 0.09292 -0.99291
vn 0.05 0.06999 -0.99629
vn 0.03751 0.08432 -0.99573
vn 0.01635 0.04893 -0.99867
vn 0.27336 -0.24377 -0.93051
vn 0.38337 -0.30382 -0.8722
vn 0.42062 -0.33625 -0.84262
vn 0.52128 -0.38833 -0.75991
vn 0.52665 -0.39274 -0.75391
vn 0.77626 -0.45461 -0.43674
vn 0.37131 -0.18462 -0.90997
vn 0.34206 -0.16533 -0.92502
vn 0.38497 -0.08197 -0.91928
vn 0.32876 -0.06109 -0.94243
vn 0.3826 0.02044 -0.92369
vn 0.31345 0.02755 -0.9492
vn 0.35967 0.12086 -0.92522
vn 0.28579 0.10844 -0.95214
vn 0.3094 0.21221 -0.92695
vn 0.2412 0.17956 -0.95372
vn 0.23036 0.28012 -0.93192
vn 0.17963 0.23448 -0.95538
vn 0.13317 0.30627 -0.94258
vn 0.10266 0.257 -0.96094
vn 0.5476 -0.26031 -0.79522
vn 0.51769 -0.24046 -0.82108
vn 0.57025 -0.13013 -0.8111
vn 0.50471 -0.10286 -0.85714
vn 0.58858 0.01129 -0.80836
vn 0.48583 0.02776 -0.87361
vn 0.57237 0.16357 -0.80352
vn 0.44643 0.15099 -0.88199
vn 0.51321 0.31435 -0.79862
vn 0.38113 0.26234 -0.88652
vn 0.40643 0.44711 -0.79681
vn 0.29201 0.35698 -0.8873
vn 0.25226 0.53451 -0.80664
vn 0.18587 0.43655 -0.88027
vn 0.78666 -0.22812 -0.5737
vn 0.60522 -0.28302 -0.74405
vn 0.63388 -0.14199 -0.76029
vn 0.78772 -0.03007 -0.6153
vn 0.63032 0.01288 -0.77623
vn 0.76588 0.16724 -0.62086
vn 0.5916 0.16927 -0.78827
vn 0.70056 0.36296 -0.6144
vn 0.51284 0.31412 -0.79895
vn 0.58398 0.54675 -0.60003
vn 0.39498 0.43434 -0.80953
vn 0.41008 0.7093 -0.57335
vn 0.24709 0.52329 -0.81554
vn -1 -0 -0
vn 0.11317 -0.86018 -0.49727
vn 0.06835 -0.81837 -0.57062
vn 0.06053 -0.65947 -0.74929
vn 0.04762 -0.46262 -0.88528
vn 0.08873 -0.55389 -0.82785
vn 0.09207 -0.60598 -0.79014
vn 0.21604 -0.70751 -0.67287
vn 0.2272 -0.75381 -0.61656
vn 0.33768 -0.81577 -0.46957
vn 0.40318 -0.67126 -0.62198
vn 0.54421 -0.70975 -0.44731
vn 0.55718 -0.55104 -0.62121
vn 0.7187 -0.55197 -0.42285
vn 0.67337 -0.39501 -0.62493
vn 0.83548 -0.34656 -0.42646
vn 0.75588 -0.22015 -0.61659
vn 0.88209 -0.11666 -0.4564
vn 0.78684 -0.02989 -0.61643
vn 0.87217 0.11427 -0.47567
vn 0.76705 0.16763 -0.6193
vn 0.80858 0.33436 -0.48414
vn 0.69303 0.35907 -0.62512
vn 0.69385 0.53185 -0.48549
vn 0.56369 0.52757 -0.63555
vn 0.53326 0.69439 -0.48318
vn 0.3798 0.65599 -0.65224
vn 0.33404 0.80587 -0.48887
vn 0.13782 0.73224 -0.66696
vn 0.05024 -0.31901 -0.94642
vn 0.01616 -0.23898 -0.97089
vn 0.02367 -0.09587 -0.99511
vn -0.01585 -0.00117 -0.99987
vn -0.00018 0.13021 -0.99149
vn -0.04649 0.2365 -0.97052
vn -0.02798 0.34259 -0.93907
vn -0.07974 0.45961 -0.88454
vn -0.05529 0.55653 -0.82899
vn -0.0996 0.65565 -0.74847
vn -0.1119 0.63232 -0.76659
vn -0.1625 0.84058 -0.51674
vn -0.30844 0.74395 -0.59279
vn -0.41205 0.74044 -0.531
vn -0.48829 0.63566 -0.59792
vn -0.61111 0.58175 -0.53676
vn -0.63853 0.48927 -0.59404
vn -0.7478 0.3911 -0.53651
vn -0.74603 0.30833 -0.59023
vn -0.82535 0.17628 -0.5364
vn -0.80239 0.10495 -0.5875
vn -0.84255 -0.04777 -0.5365
vn -0.80346 -0.10646 -0.58577
vn -0.80129 -0.26561 -0.53607
vn -0.74925 -0.31103 -0.58471
vn -0.70712 -0.46312 -0.53433
vn -0.6437 -0.49461 -0.58397
vn -0.56905 -0.6283 -0.53049
vn -0.49421 -0.64474 -0.58315
vn -0.39994 -0.75214 -0.52377
vn -0.31113 -0.7518 -0.58137
vn -0.21706 -0.83 -0.51379
vn -0.10691 -0.81274 -0.57274
vn -0.1032 -0.81591 -0.5689
vn -0.04862 -0.75357 -0.65556
vn -0.0942 -0.65774 -0.74733
vn -0.04589 -0.59762 -0.80047
vn -0.07155 -0.46196 -0.88401
vn -0.03251 -0.40406 -0.91416
vn -0.04306 -0.23879 -0.97012
vn -0.0112 -0.18393 -0.98288
vn -0.01135 -0.00117 -0.99993
vn 0.01528 0.04956 -0.99865
vn 0.02159 0.2367 -0.97134
vn 0.04482 0.28315 -0.95803
vn 0.05462 0.46039 -0.88604
vn 0.07831 0.50743 -0.85813
vn 0.09001 0.65625 -0.74915
vn 0.14008 0.74625 -0.65076
vn -0.24312 0.67191 -0.69959
vn -0.31979 0.54956 -0.77182
vn -0.45032 0.52901 -0.71927
vn -0.46249 0.44845 -0.76484
vn -0.58853 0.37423 -0.71665
vn -0.57778 0.30744 -0.75607
vn -0.67288 0.19662 -0.71315
vn -0.64617 0.14073 -0.7501
vn -0.70297 0.00741 -0.71119
vn -0.66495 -0.03594 -0.74602
vn -0.68103 -0.17946 -0.70992
vn -0.63672 -0.20876 -0.7423
vn -0.61268 -0.35164 -0.7078
vn -0.56734 -0.36683 -0.73727
vn -0.50567 -0.49971 -0.70328
vn -0.46497 -0.50245 -0.72894
vn -0.36916 -0.61727 -0.69476
vn -0.3403 -0.61189 -0.71399
vn -0.2126 -0.70171 -0.68
vn -0.20863 -0.69981 -0.68318
vn -0.21876 0.48876 -0.84454
vn -0.15137 0.41711 -0.89616
vn -0.14907 0.33139 -0.93164
vn -0.06499 0.20117 -0.9774
vn -0.06125 0.11858 -0.99105
vn -0.00361 0.03724 -0.9993
vn 0.02423 -0.09568 -0.99512
vn 0.07218 -0.16093 -0.98432
vn 0.10378 -0.30128 -0.94787
vn 0.15219 -0.3632 -0.9192
vn 0.18092 -0.46476 -0.86676
vn 0.26117 -0.54738 -0.79509
vn 0.27602 -0.58558 -0.76218
vn 0.3953 -0.65668 -0.64227
vn -0.28722 0.35747 -0.88866
vn -0.28684 0.35078 -0.89145
vn -0.40172 0.28755 -0.86944
vn -0.39232 0.25853 -0.88275
vn -0.48221 0.17178 -0.85905
vn -0.46111 0.13958 -0.8763
vn -0.51934 0.03429 -0.85388
vn -0.48941 0.00785 -0.87202
vn -0.51343 -0.1075 -0.85137
vn -0.48024 -0.12383 -0.86835
vn -0.46972 -0.24149 -0.84915
vn -0.43986 -0.24724 -0.86336
vn -0.39495 -0.36019 -0.84515
vn -0.37485 -0.35864 -0.85491
vn -0.29558 -0.45944 -0.83758
vn -0.29096 -0.45778 -0.84011
vn -0.17726 -0.53769 -0.8243
vn -0.19422 -0.54967 -0.81249
vn -0.12828 0.20071 -0.97121
vn -0.12703 0.18168 -0.97512
vn -0.19895 0.14724 -0.96888
vn -0.20377 0.1586 -0.96609
vn -0.26458 0.10451 -0.95868
vn -0.26033 0.0992 -0.96041
vn -0.3025 0.03208 -0.95261
vn -0.28899 0.02223 -0.95708
vn -0.30924 -0.05213 -0.94955
vn -0.29182 -0.05875 -0.95467
vn -0.2891 -0.13599 -0.94759
vn -0.2751 -0.13729 -0.95156
vn -0.24819 -0.21373 -0.94484
vn -0.24406 -0.21297 -0.94609
vn -0.19102 -0.28381 -0.93966
vn -0.20036 -0.28837 -0.93632
vn -0.11925 -0.34663 -0.93039
vn -0.14342 -0.36795 -0.91872
vn -0.01971 0.01903 -0.99962
vn 0.02888 -0.01486 -0.99947
vn 0.09406 -0.15132 -0.984
vn 0.14953 -0.2012 -0.96807
vn 0.20419 -0.31648 -0.92636
vn 0.28464 -0.37719 -0.88131
vn 0.31594 -0.42489 -0.84833
vn 0.40211 -0.47375 -0.7835
vn 0.4331 -0.51582 -0.73916
vn 0.5594 -0.55346 -0.61705
vn 0.01509 -0.02981 -0.99944
vn -0.01495 0.0238 -0.9996
vn -0.03226 0.00477 -0.99947
vn -0.05344 0.02768 -0.99819
vn -0.06724 0.00535 -0.99772
vn -0.07589 0.0109 -0.99706
vn -0.08328 -0.01329 -0.99644
vn -0.08466 -0.01286 -0.99633
vn -0.08483 -0.03855 -0.99565
vn -0.08655 -0.03849 -0.9955
vn -0.07783 -0.06638 -0.99475
vn -0.08645 -0.06851 -0.9939
vn -0.0652 -0.09823 -0.99303
vn -0.08342 -0.10864 -0.99057
vn -0.04489 -0.13694 -0.98956
vn -0.07173 -0.16395 -0.98386
vn 0.20182 -0.18236 -0.9623
vn 0.17439 -0.13208 -0.97578
vn 0.19677 -0.10901 -0.97437
vn 0.15187 -0.06349 -0.98636
vn 0.16773 -0.03728 -0.98513
vn 0.13809 -0.01927 -0.99023
vn 0.14772 0.00997 -0.98898
vn 0.12699 0.01612 -0.99177
vn 0.1288 0.04667 -0.99057
vn 0.11081 0.04697 -0.99273
vn 0.10416 0.07439 -0.99177
vn 0.08443 0.06905 -0.99403
vn 0.07253 0.08762 -0.99351
vn 0.04863 0.07312 -0.99614
vn 0.03952 0.08019 -0.996
vn 0.01207 0.05065 -0.99864
vn 0.29946 -0.26586 -0.91632
vn 0.3682 -0.28617 -0.88461
vn 0.4414 -0.35676 -0.82334
vn 0.51326 -0.37875 -0.77014
vn 0.55811 -0.41962 -0.71584
vn 0.70984 -0.41605 -0.56836
vn 0.38785 -0.19876 -0.90004
vn 0.3474 -0.16273 -0.92349
vn 0.3801 -0.08387 -0.92114
vn 0.34177 -0.06096 -0.9378
vn 0.36747 0.01821 -0.92986
vn 0.32932 0.03014 -0.94374
vn 0.3403 0.11354 -0.93344
vn 0.30114 0.11509 -0.94661
vn 0.29114 0.19885 -0.93578
vn 0.2526 0.18934 -0.94886
vn 0.21828 0.26373 -0.93957
vn 0.18407 0.24353 -0.95227
vn 0.13027 0.29371 -0.94698
vn 0.10098 0.262 -0.95977
vn 0.55687 -0.26827 -0.78608
vn 0.52296 -0.23731 -0.81865
vn 0.56553 -0.13183 -0.81412
vn 0.52351 -0.10401 -0.84565
vn 0.56693 0.00943 -0.82371
vn 0.51176 0.03052 -0.85858
vn 0.54094 0.15377 -0.82689
vn 0.47463 0.16125 -0.86529
vn 0.47885 0.29267 -0.82768
vn 0.40673 0.28071 -0.86935
vn 0.37644 0.41327 -0.82916
vn 0.3094 0.37977 -0.8718
vn 0.23513 0.49607 -0.83584
vn 0.18927 0.45026 -0.8726
vn 0.74118 -0.21672 -0.63536
vn 0.63734 -0.29397 -0.7123
vn 0.66629 -0.14666 -0.73113
vn 0.74722 -0.02971 -0.66391
vn 0.66656 0.01491 -0.7453
vn 0.72326 0.15723 -0.67244
vn 0.63039 0.18109 -0.75486
vn 0.65679 0.33976 -0.67319
vn 0.5512 0.33818 -0.76277
vn 0.54231 0.50713 -0.66986
vn 0.42837 0.47179 -0.77066
vn 0.37553 0.64837 -0.66227
vn 0.26829 0.56997 -0.77663
vn 0.73546 0.09761 0.67051
vn 0.718 0.03473 0.69518
vn 0.74133 -0.09682 0.66412
vn 0.70004 -0.16379 0.69507
vn 0.68565 -0.28322 0.67057
vn 0.63605 -0.33063 0.69723
vn 0.58644 -0.4492 0.67402
vn 0.53222 -0.47888 0.69816
vn 0.44944 -0.58493 0.67518
vn 0.39178 -0.59886 0.69848
vn 0.28243 -0.68106 0.67557
vn 0.22395 -0.67955 0.69861
vn 0.09632 -0.73086 0.67569
vn 0.04045 -0.71431 0.69866
vn -0.09632 -0.73085 0.67571
vn -0.14596 -0.70042 0.69865
vn -0.2824 -0.68099 0.67565
vn -0.32247 -0.63875 0.69857
vn -0.44924 -0.58467 0.67554
vn -0.47702 -0.5335 0.69845
vn -0.58546 -0.44845 0.67538
vn -0.59906 -0.39183 0.69829
vn -0.68178 -0.28162 0.67518
vn -0.68027 -0.2234 0.69809
vn -0.73164 -0.09554 0.67497
vn -0.71511 -0.03968 0.69788
vn -0.73164 0.09711 0.67474
vn -0.70122 0.1468 0.69767
vn -0.68178 0.28319 0.67452
vn -0.63952 0.32334 0.69747
vn -0.58546 0.45002 0.67433
vn -0.53419 0.47791 0.69731
vn -0.44924 0.58625 0.67416
vn -0.39235 0.59997 0.69721
vn -0.28241 0.68258 0.67404
vn -0.22358 0.68112 0.6972
vn -0.09633 0.73245 0.67397
vn -0.03924 0.71567 0.69733
vn 0.09633 0.73247 0.67395
vn 0.14827 0.70089 0.69769
vn 0.28241 0.68259 0.67403
vn 0.32629 0.63694 0.69845
vn 0.44914 0.58611 0.67435
vn 0.48228 0.52679 0.69993
vn 0.58462 0.44939 0.67548
vn 0.60375 0.37717 0.7023
vn 0.67852 0.28184 0.67837
vn 0.67984 0.22251 0.69879
vn 0.15263 -0.22371 0.96263
vn 0.26101 0.16097 0.95182
vn 0.30343 0.04291 0.95189
vn 0.29147 0.16652 0.94197
vn 0.26354 0.20238 0.94318
vn 0.24701 0.23913 0.93904
vn 0.19516 0.27681 0.9409
vn 0.17801 0.29673 0.93823
vn 0.1137 0.32081 0.94029
vn 0.09474 0.33339 0.93802
vn 0.02556 0.33981 0.94015
vn 0.00479 0.34664 0.93799
vn -0.06358 0.33482 0.94014
vn -0.08525 0.33596 0.93801
vn -0.148 0.30686 0.94018
vn -0.16923 0.30232 0.93806
vn -0.22217 0.25805 0.94024
vn -0.24151 0.24814 0.93813
vn -0.28112 0.19175 0.94032
vn -0.29725 0.17715 0.93822
vn -0.32089 0.11247 0.94042
vn -0.33269 0.09418 0.93832
vn -0.33878 0.02561 0.94052
vn -0.34545 0.00489 0.93843
vn -0.33358 -0.06291 0.94062
vn -0.33465 -0.08466 0.93853
vn -0.30564 -0.14707 0.94072
vn -0.30105 -0.16836 0.93863
vn -0.25688 -0.22113 0.94081
vn -0.24694 -0.2405 0.93871
vn -0.19061 -0.28004 0.94088
vn -0.17599 -0.29618 0.93878
vn -0.11134 -0.31979 0.94092
vn -0.09306 -0.3316 0.93882
vn -0.02448 -0.33768 0.94094
vn -0.0038 -0.34433 0.93884
vn 0.06405 -0.33246 0.94094
vn 0.0857 -0.33353 0.93884
vn 0.14815 -0.30453 0.94091
vn 0.16935 -0.29997 0.9388
vn 0.22195 -0.25609 0.94083
vn 0.24187 -0.24591 0.93863
vn 0.28019 -0.19194 0.94056
vn 0.30015 -0.17407 0.93787
vn 0.31931 -0.12424 0.93947
vn 0.34686 -0.08363 0.93418
vn 0.34505 -0.09623 0.93364
vn 0.39557 0.01204 0.91836
vn 0.39511 0.01857 0.91845
vn 0.52273 0.17353 0.83465
vn 0.52316 0.14808 0.83927
vn 0.1408 0.09297 0.98566
vn 0.11746 -0.0242 0.99278
vn 0.09829 -0.06249 0.99319
vn 0.07659 -0.08689 0.99327
vn 0.05086 -0.10383 0.99329
vn 0.02195 -0.11342 0.9933
vn -0.00843 -0.11521 0.99331
vn -0.03825 -0.10907 0.9933
vn -0.08824 -0.07518 0.99326
vn -0.10499 -0.04974 0.99323
vn -0.11459 -0.02083 0.99319
vn -0.11637 0.00959 0.99316
vn -0.11023 0.03944 0.99312
vn -0.09655 0.06669 0.99309
vn -0.07627 0.08949 0.99306
vn -0.02167 0.11589 0.99303
vn 0.00892 0.11762 0.99302
vn 0.03863 0.11136 0.99303
vn 0.06431 0.09821 0.99309
vn 0.07981 0.08399 0.99327
vn 0.05709 0.12043 0.99108
vn 0.59083 0.01637 0.80663
vn 0.56082 -0.05802 0.82591
vn 0.56092 -0.11757 0.81948
vn 0.52261 -0.17039 0.83537
vn 0.5008 -0.25228 0.82798
vn 0.46514 -0.28222 0.83904
vn 0.41555 -0.37104 0.83045
vn 0.3786 -0.3885 0.84008
vn 0.30504 -0.46513 0.83103
vn 0.2659 -0.47229 0.84038
vn 0.17422 -0.52803 0.83116
vn 0.13467 -0.52483 0.84048
vn 0.03147 -0.5551 0.83119
vn -0.00593 -0.54177 0.84051
vn -0.1135 -0.54432 0.83117
vn -0.1462 -0.52174 0.84048
vn -0.25076 -0.49637 0.83111
vn -0.27651 -0.46609 0.84042
vn -0.37094 -0.41452 0.83101
vn -0.38798 -0.37861 0.84032
vn -0.46584 -0.30436 0.83088
vn -0.473 -0.26525 0.84018
vn -0.52899 -0.17338 0.83073
vn -0.52579 -0.13375 0.84003
vn -0.55609 -0.03052 0.83056
vn -0.54274 0.00694 0.83987
vn -0.54529 0.11449 0.83039
vn -0.5227 0.14723 0.83971
vn -0.49732 0.25177 0.83023
vn -0.46699 0.27757 0.83956
vn -0.41543 0.37198 0.83009
vn -0.3794 0.38908 0.83945
vn -0.30517 0.46692 0.82997
vn -0.26579 0.47413 0.83938
vn -0.17398 0.5301 0.82989
vn -0.13379 0.52682 0.83938
vn -0.03072 0.55713 0.82986
vn 0.00784 0.54329 0.83951
vn 0.11495 0.54594 0.8299
vn 0.14976 0.52168 0.83989
vn 0.25296 0.49685 0.83015
vn 0.28245 0.46156 0.84094
vn 0.3729 0.41263 0.83107
vn 0.39585 0.36244 0.84377
vn 0.4636 0.29902 0.83406
vn 0.47696 0.22094 0.8507
vn -0.05074 0.10628 0.99304
vn -0.06548 -0.09541 0.99328
vn -0.13053 0.99144 -0.00116
vn -0.38268 0.92388 -0.00108
vn -0.60876 0.79335 -0.00092
vn -0.79335 0.60876 -0.00071
vn -0.92388 0.38268 -0.00045
vn -0.99144 0.13053 -0.00015
vn -0.99144 -0.13053 0.00015
vn -0.92388 -0.38268 0.00045
vn -0.79335 -0.60876 0.00071
vn -0.60876 -0.79335 0.00092
vn -0.38268 -0.92388 0.00108
vn -0.13053 -0.99144 0.00116
vn -0 0.00117 1
vn 0 0.00117 1
vn -0 0.00117 1
vn 0 0.00117 1
vn 0 0.00117 1
vn -0 0.00117 1
vn 0 0.00117 1
vn 0 0.00117 1
vn -0 0.00117 1
vn 0 0.00117 1
vn -0 0.00117 1
vn 0 0.00117 1
vn 0 0.00117 1
vn 0 0.00117 1
vn 0 0.00117 1
vn -0 0.00117 1
vn 0 0.00117 1
vn 0 0.00117 1
vn -0 0.00117 1
vn 0 0.00117 1
vn 0 0.00117 1
vn 0 0.00117 1
vn -0 0.00117 1
vn 0 0.00117 1
vn 0 0.00117 1
vn -0 0.00117 1
vn 0 0.00117 1
vn 0 0.00117 1
vn 0 0.00117 1
vn -0 0.00117 1
vn -0 0.00117 1
vn -0 0.00117 1
vn -0 0.00117 1
vn 0 0.00117 1
vn 0 0.00117 1
vn -0 0.00117 1
vn 0 0.00117 1
vn -0 0.00117 1
vn 0 0.00117 1
vn 0 0.00117 1
vn -0 0.00117 1
vn -0 0.00117 1
vn 0 0.00117 1
vn -0 0.00117 1
vn -0 0.00117 1
vn 0 0.00117 1
vn -0 0.00117 1
vn -0 0.00117 1
vn -0 0.00117 1
vn -0 0.00117 1
vn 0 0.00117 1
vn -0 0.00117 1
vn 0 0.00117 1
vn -0 0.00117 1
vn -0 0.00117 1
vn 0 0.00117 1
vn -0 0.00117 1
vn 0 0.00117 1
vn -0 0.00117 1
vn -0 0.00117 1
vn 0 0.00117 1
vn -0 0.00117 1
vn -0 0.00117 1
vn -0 0.00117 1
vn -0 0.00117 1
vn 0 0.00117 1
vn 0 0.00117 1
vn 0 0.00117 1
vn -0 0.00117 1
vn -0 0.00117 1
vn 0 0.00117 1
vn -0 0.00117 1
vn 0 0.00117 1
vn -0 0.00117 1
vn -0 0.00117 1
vn 0 0.00117 1
vn -0 0.00117 1
vn -0 0.00117 1
vn -0 0.00117 1
vn 0 0.00117 1
vn 0 0.00117 1
vn 0 0.00117 1
vn -0 0.00117 1
vn 0 0.00117 1
vn 0 0.00117 1
vn -0 0.00117 1
vn 0 0.00117 1
vn -0 0.00117 1
vn 0 0.00117 1
vn -0 0.00117 1
vn -0 0.00117 1
vn 0 0.00117 1
vn 0 0.00117 1
vn 0 0.00117 1
vn 0 0.00117 1
vn -0 0.00117 1
vn -0 0.00117 1
vn -0 0.00117 1
vn 0 0.00117 1
vn 0 0.00117 1
vn -0 0.00117 1
vn -0 0.00117 1
vn -0 0.00117 1
vn 0 0.00117 1
vn 0 0.00117 1
vn 0 0.00117 1
vn 0 0.00117 1
vn -0 0.00117 1
vn 0 0.00117 1
vn 0 0.00117 1
vn 0 0.00117 1
vn 0 0.00117 1
vn 0 0.00117 1
vn 0 0.00117 1
vn -0 0.00117 1
vn -0 0.00117 1
vn -0 0.00117 1
vn -0 0.00117 1
vn 0 0.00117 1
vn 0 0.00117 1
vn -0 0.00117 1
vn 0 0.00117 1
vn -0 0.00117 1
vn -0 0.00117 1
vn -0 0.00117 1
vn 0 0.00117 1
vn -0 0.00117 1
vn -0 0.00117 1
vn -0 0.00117 1
vn -0 0.00117 1
vn 0 0.00117 1
vn 0 0.00117 1
vn 0 0.00117 1
vn -0 0.00117 1
vn -0 0.00117 1
f 1//1 2//1 3//1
f 3//2 2//2 4//2
f 3//3 4//3 5//3
f 5//4 4//4 6//4
f 6//5 4//5 7//5
f 6//6 7//6 8//6
f 8//7 7//7 9//7
f 8//8 9//8 10//8
f 10//9 9//9 11//9
f 10//10 11//10 12//10
f 12//11 11//11 13//11
f 13//12 11//12 14//12
f 13//13 14//13 15//13
f 15//14 14//14 16//14
f 15//15 16//15 17//15
f 17//16 16//16 18//16
f 17//17 18//17 19//17
f 19//18 18//18 20//18
f 20//19 18//19 21//19
f 20//20 21//20 22//20
f 22//21 21//21 23//21
f 22//22 23//22 24//22
f 24//23 23//23 25//23
f 24//24 25//24 26//24
f 26//25 25//25 27//25
f 26//26 27//26 28//26
f 28//27 27//27 29//27
f 28//28 29//28 30//28
f 30//29 29//29 31//29
f 31//30 29//30 32//30
f 31//31 32//31 33//31
f 33//32 32//32 34//32
f 33//33 34//33 35//33
f 35//34 34//34 36//34
f 36//35 34//35 37//35
f 36//36 37//36 38//36
f 38//37 37//37 39//37
f 38//38 39//38 40//38
f 40//39 39//39 41//39
f 40//40 41//40 42//40
f 42//41 41//41 43//41
f 43//42 41//42 44//42
f 43//43 44//43 45//43
f 45//44 44//44 46//44
f 45//45 46//45 47//45
f 47//46 46//46 48//46
f 47//47 48//47 49//47
f 49//48 48//48 50//48
f 50//49 48//49 51//49
f 50//50 51//50 52//50
f 52//51 51//51 53//51
f 52//52 53//52 54//52
f 54//53 53//53 55//53
f 54//54 55//54 56//54
f 56//55 55//55 1//55
f 1//56 55//56 2//56
f 57//57 58//57 59//57
f 59//58 58//58 60//58
f 59//59 60//59 61//59
f 61//60 60//60 62//60
f 61//61 62//61 63//61
f 63//62 62//62 64//62
f 64//63 62//63 65//63
f 64//64 65//64 66//64
f 66//65 65//65 67//65
f 66//66 67//66 68//66
f 68//67 67//67 69//67
f 69//68 67//68 70//68
f 69//69 70//69 71//69
f 71//70 70//70 72//70
f 71//71 72//71 73//71
f 73//72 72//72 74//72
f 73//73 74//73 75//73
f 75//74 74//74 76//74
f 76//75 74//75 77//75
f 76//76 77//76 78//76
f 78//77 77//77 79//77
f 78//78 79//78 80//78
f 80//79 79//79 81//79
f 80//80 81//80 82//80
f 82//81 81//81 83//81
f 83//82 81//82 84//82
f 83//83 84//83 85//83
f 85//84 84//84 86//84
f 85//85 86//85 87//85
f 87//86 86//86 88//86
f 87//87 88//87 89//87
f 89//88 88//88 90//88
f 89//89 90//89 91//89
f 91//90 90//90 92//90
f 92//91 90//91 93//91
f 92//92 93//92 94//92
f 94//93 93//93 95//93
f 94//94 95//94 96//94
f 96//95 95//95 97//95
f 96//96 97//96 98//96
f 98//97 97//97 99//97
f 99//98 97//98 100//98
f 99//99 100//99 101//99
f 101//100 100//100 102//100
f 101//101 102//101 103//101
f 103//102 102//102 104//102
f 104//103 102//103 105//103
f 104//104 105//104 106//104
f 106//105 105//105 107//105
f 106//106 107//106 108//106
f 108//107 107//107 109//107
f 108//108 109//108 110//108
f 110//109 109//109 111//109
f 110//110 111//110 112//110
f 112//111 111//111 57//111
f 57//112 111//112 58//112
f 32//113 113//113 114//113
f 114//114 113//114 115//114
f 114//115 115//115 116//115
f 116//116 115//116 117//116
f 116//117 117//117 118//117
f 118//118 117//118 84//118
f 118//119 84//119 81//119
f 113//120 32//120 29//120
f 115//121 119//121 117//121
f 117//122 119//122 86//122
f 117//123 86//123 84//123
f 115//124 113//124 120//124
f 120//125 113//125 29//125
f 120//126 29//126 121//126
f 121//127 29//127 27//127
f 121//128 27//128 25//128
f 86//129 119//129 88//129
f 88//130 119//130 122//130
f 88//131 122//131 90//131
f 90//132 122//132 123//132
f 90//133 123//133 93//133
f 93//134 123//134 124//134
f 93//135 124//135 95//135
f 95//136 124//136 125//136
f 95//137 125//137 97//137
f 97//138 125//138 126//138
f 97//139 126//139 100//139
f 100//140 126//140 127//140
f 100//141 127//141 102//141
f 102//142 127//142 128//142
f 102//143 128//143 105//143
f 105//144 128//144 129//144
f 105//145 129//145 107//145
f 107//146 129//146 130//146
f 107//147 130//147 109//147
f 109//148 130//148 131//148
f 109//149 131//149 111//149
f 111//150 131//150 58//150
f 119//151 115//151 132//151
f 132//152 115//152 120//152
f 132//153 120//153 121//153
f 34//154 32//154 114//154
f 122//155 119//155 132//155
f 37//156 34//156 133//156
f 133//157 34//157 114//157
f 133//158 114//158 134//158
f 134//159 114//159 116//159
f 134//160 116//160 118//160
f 39//161 37//161 135//161
f 135//162 37//162 133//162
f 135//163 133//163 136//163
f 136//164 133//164 134//164
f 136//165 134//165 137//165
f 137//166 134//166 118//166
f 137//167 118//167 81//167
f 41//168 39//168 138//168
f 138//169 39//169 135//169
f 138//170 135//170 139//170
f 139//171 135//171 136//171
f 139//172 136//172 140//172
f 140//173 136//173 137//173
f 140//174 137//174 79//174
f 79//175 137//175 81//175
f 44//176 41//176 141//176
f 141//177 41//177 138//177
f 141//178 138//178 142//178
f 142//179 138//179 139//179
f 142//180 139//180 143//180
f 143//181 139//181 140//181
f 143//182 140//182 77//182
f 77//183 140//183 79//183
f 46//184 44//184 144//184
f 144//185 44//185 141//185
f 144//186 141//186 145//186
f 145//187 141//187 142//187
f 145//188 142//188 146//188
f 146//189 142//189 143//189
f 146//190 143//190 74//190
f 74//191 143//191 77//191
f 48//192 46//192 147//192
f 147//193 46//193 144//193
f 147//194 144//194 148//194
f 148//195 144//195 145//195
f 148//196 145//196 149//196
f 149//197 145//197 146//197
f 149//198 146//198 72//198
f 72//199 146//199 74//199
f 51//200 48//200 150//200
f 150//201 48//201 147//201
f 150//202 147//202 151//202
f 151//203 147//203 148//203
f 151//204 148//204 152//204
f 152//205 148//205 149//205
f 152//206 149//206 70//206
f 70//207 149//207 72//207
f 53//208 51//208 153//208
f 153//209 51//209 150//209
f 153//210 150//210 154//210
f 154//211 150//211 151//211
f 154//212 151//212 155//212
f 155//213 151//213 152//213
f 155//214 152//214 67//214
f 67//215 152//215 70//215
f 55//216 53//216 156//216
f 156//217 53//217 153//217
f 156//218 153//218 157//218
f 157//219 153//219 154//219
f 157//220 154//220 158//220
f 158//221 154//221 155//221
f 158//222 155//222 65//222
f 65//223 155//223 67//223
f 2//224 55//224 159//224
f 159//225 55//225 156//225
f 159//226 156//226 160//226
f 160//227 156//227 157//227
f 160//228 157//228 161//228
f 161//229 157//229 158//229
f 161//230 158//230 62//230
f 62//231 158//231 65//231
f 4//232 2//232 162//232
f 162//233 2//233 159//233
f 162//234 159//234 163//234
f 163//235 159//235 160//235
f 163//236 160//236 164//236
f 164//237 160//237 161//237
f 164//238 161//238 60//238
f 60//239 161//239 62//239
f 7//240 4//240 165//240
f 165//241 4//241 162//241
f 165//242 162//242 166//242
f 166//243 162//243 163//243
f 166//244 163//244 167//244
f 167//245 163//245 164//245
f 167//246 164//246 58//246
f 58//247 164//247 60//247
f 9//248 7//248 168//248
f 168//249 7//249 165//249
f 168//250 165//250 169//250
f 169//251 165//251 166//251
f 169//252 166//252 131//252
f 131//253 166//253 167//253
f 131//254 167//254 58//254
f 11//255 9//255 170//255
f 170//256 9//256 168//256
f 170//257 168//257 171//257
f 171//258 168//258 169//258
f 171//259 169//259 130//259
f 130//260 169//260 131//260
f 14//261 11//261 172//261
f 172//262 11//262 170//262
f 172//263 170//263 173//263
f 173//264 170//264 171//264
f 173//265 171//265 129//265
f 129//266 171//266 130//266
f 16//267 14//267 174//267
f 174//268 14//268 172//268
f 174//269 172//269 175//269
f 175//270 172//270 173//270
f 175//271 173//271 128//271
f 128//272 173//272 129//272
f 18//273 16//273 176//273
f 176//274 16//274 174//274
f 176//275 174//275 177//275
f 177//276 174//276 175//276
f 177//277 175//277 127//277
f 127//278 175//278 128//278
f 21//279 18//279 178//279
f 178//280 18//280 176//280
f 178//281 176//281 179//281
f 179//282 176//282 177//282
f 179//283 177//283 126//283
f 126//284 177//284 127//284
f 23//285 21//285 180//285
f 180//286 21//286 178//286
f 180//287 178//287 181//287
f 181//288 178//288 179//288
f 181//289 179//289 125//289
f 125//290 179//290 126//290
f 25//291 23//291 182//291
f 182//292 23//292 180//292
f 182//293 180//293 183//293
f 183//294 180//294 181//294
f 183//295 181//295 124//295
f 124//296 181//296 125//296
f 25//297 182//297 121//297
f 121//298 182//298 184//298
f 121//299 184//299 132//299
f 132//300 184//300 122//300
f 184//301 182//301 183//301
f 124//302 123//302 183//302
f 183//303 123//303 184//303
f 123//304 122//304 184//304
f 185//57 186//57 187//57
f 187//58 186//58 188//58
f 187//59 188//59 189//59
f 189//60 188//60 190//60
f 189//61 190//61 191//61
f 191//62 190//62 192//62
f 192//63 190//63 193//63
f 192//64 193//64 194//64
f 194//65 193//65 195//65
f 194//66 195//66 196//66
f 196//67 195//67 197//67
f 197//68 195//68 198//68
f 197//69 198//69 199//69
f 199//70 198//70 200//70
f 199//71 200//71 201//71
f 201//72 200//72 202//72
f 201//73 202//73 203//73
f 203//74 202//74 204//74
f 204//75 202//75 205//75
f 204//76 205//76 206//76
f 206//77 205//77 207//77
f 206//78 207//78 208//78
f 208//79 207//79 209//79
f 208//80 209//80 210//80
f 210//81 209//81 211//81
f 211//82 209//82 212//82
f 211//83 212//83 213//83
f 213//84 212//84 214//84
f 213//85 214//85 215//85
f 215//86 214//86 216//86
f 215//87 216//87 217//87
f 217//88 216//88 218//88
f 217//89 218//89 219//89
f 219//90 218//90 220//90
f 220//91 218//91 221//91
f 220//92 221//92 222//92
f 222//93 221//93 223//93
f 222//94 223//94 224//94
f 224//95 223//95 225//95
f 224//96 225//96 226//96
f 226//97 225//97 227//97
f 227//98 225//98 228//98
f 227//99 228//99 229//99
f 229//100 228//100 230//100
f 229//101 230//101 231//101
f 231//102 230//102 232//102
f 232//103 230//103 233//103
f 232//104 233//104 234//104
f 234//105 233//105 235//105
f 234//106 235//106 236//106
f 236//107 235//107 237//107
f 236//108 237//108 238//108
f 238//109 237//109 239//109
f 238//110 239//110 240//110
f 240//111 239//111 185//111
f 185//112 239//112 186//112
f 241//1 242//1 243//1
f 243//2 242//2 244//2
f 243//3 244//3 245//3
f 245//4 244//4 246//4
f 246//5 244//5 247//5
f 246//6 247//6 248//6
f 248//7 247//7 249//7
f 248//8 249//8 250//8
f 250//9 249//9 251//9
f 250//10 251//10 252//10
f 252//11 251//11 253//11
f 253//12 251//12 254//12
f 253//13 254//13 255//13
f 255//14 254//14 256//14
f 255//15 256//15 257//15
f 257//16 256//16 258//16
f 257//17 258//17 259//17
f 259//18 258//18 260//18
f 260//19 258//19 261//19
f 260//20 261//20 262//20
f 262//21 261//21 263//21
f 262//22 263//22 264//22
f 264//23 263//23 265//23
f 264//24 265//24 266//24
f 266//25 265//25 267//25
f 266//26 267//26 268//26
f 268//27 267//27 269//27
f 268//28 269//28 270//28
f 270//29 269//29 271//29
f 271//30 269//30 272//30
f 271//31 272//31 273//31
f 273//32 272//32 274//32
f 273//33 274//33 275//33
f 275//34 274//34 276//34
f 276//35 274//35 277//35
f 276//36 277//36 278//36
f 278//37 277//37 279//37
f 278//38 279//38 280//38
f 280//39 279//39 281//39
f 280//40 281//40 282//40
f 282//41 281//41 283//41
f 283//42 281//42 284//42
f 283//43 284//43 285//43
f 285//44 284//44 286//44
f 285//45 286//45 287//45
f 287//46 286//46 288//46
f 287//47 288//47 289//47
f 289//48 288//48 290//48
f 290//49 288//49 291//49
f 290//50 291//50 292//50
f 292//51 291//51 293//51
f 292//52 293//52 294//52
f 294//53 293//53 295//53
f 294//54 295//54 296//54
f 296//55 295//55 241//55
f 241//56 295//56 242//56
f 272//113 297//113 298//113
f 298//114 297//114 299//114
f 298//115 299//115 300//115
f 300//116 299//116 301//116
f 300//117 301//117 302//117
f 302//118 301//118 212//118
f 302//119 212//119 209//119
f 297//120 272//120 269//120
f 299//121 303//121 301//121
f 301//122 303//122 214//122
f 301//123 214//123 212//123
f 299//124 297//124 304//124
f 304//125 297//125 269//125
f 304//126 269//126 305//126
f 305//127 269//127 267//127
f 305//128 267//128 265//128
f 214//129 303//129 216//129
f 216//130 303//130 306//130
f 216//131 306//131 218//131
f 218//132 306//132 307//132
f 218//133 307//133 221//133
f 221//134 307//134 308//134
f 221//135 308//135 223//135
f 223//136 308//136 309//136
f 223//137 309//137 225//137
f 225//138 309//138 310//138
f 225//139 310//139 228//139
f 228//140 310//140 311//140
f 228//141 311//141 230//141
f 230//142 311//142 312//142
f 230//143 312//143 233//143
f 233//144 312//144 313//144
f 233//145 313//145 235//145
f 235//146 313//146 314//146
f 235//147 314//147 237//147
f 237//148 314//148 315//148
f 237//149 315//149 239//149
f 239//150 315//150 186//150
f 303//151 299//151 316//151
f 316//152 299//152 304//152
f 316//153 304//153 305//153
f 274//154 272//154 298//154
f 306//155 303//155 316//155
f 188//247 186//247 317//247
f 317//246 186//246 318//246
f 317//245 318//245 319//245
f 319//244 318//244 320//244
f 319//243 320//243 321//243
f 321//242 320//242 322//242
f 321//241 322//241 244//241
f 244//240 322//240 247//240
f 190//239 188//239 323//239
f 323//238 188//238 317//238
f 323//237 317//237 324//237
f 324//236 317//236 319//236
f 324//235 319//235 325//235
f 325//234 319//234 321//234
f 325//233 321//233 242//233
f 242//232 321//232 244//232
f 193//231 190//231 326//231
f 326//230 190//230 323//230
f 326//229 323//229 327//229
f 327//228 323//228 324//228
f 327//227 324//227 328//227
f 328//226 324//226 325//226
f 328//225 325//225 295//225
f 295//224 325//224 242//224
f 195//223 193//223 329//223
f 329//222 193//222 326//222
f 329//221 326//221 330//221
f 330//220 326//220 327//220
f 330//219 327//219 331//219
f 331//218 327//218 328//218
f 331//217 328//217 293//217
f 293//216 328//216 295//216
f 198//215 195//215 332//215
f 332//214 195//214 329//214
f 332//213 329//213 333//213
f 333//212 329//212 330//212
f 333//211 330//211 334//211
f 334//210 330//210 331//210
f 334//209 331//209 291//209
f 291//208 331//208 293//208
f 200//207 198//207 335//207
f 335//206 198//206 332//206
f 335//205 332//205 336//205
f 336//204 332//204 333//204
f 336//203 333//203 337//203
f 337//202 333//202 334//202
f 337//201 334//201 288//201
f 288//200 334//200 291//200
f 202//199 200//199 338//199
f 338//198 200//198 335//198
f 338//197 335//197 339//197
f 339//196 335//196 336//196
f 339//195 336//195 340//195
f 340//194 336//194 337//194
f 340//193 337//193 286//193
f 286//192 337//192 288//192
f 205//191 202//191 341//191
f 341//190 202//190 338//190
f 341//189 338//189 342//189
f 342//188 338//188 339//188
f 342//187 339//187 343//187
f 343//186 339//186 340//186
f 343//185 340//185 284//185
f 284//184 340//184 286//184
f 207//183 205//183 344//183
f 344//182 205//182 341//182
f 344//181 341//181 345//181
f 345//180 341//180 342//180
f 345//179 342//179 346//179
f 346//178 342//178 343//178
f 346//177 343//177 281//177
f 281//176 343//176 284//176
f 209//175 207//175 347//175
f 347//174 207//174 344//174
f 347//173 344//173 348//173
f 348//172 344//172 345//172
f 348//171 345//171 349//171
f 349//170 345//170 346//170
f 349//169 346//169 279//169
f 279//168 346//168 281//168
f 349//161 279//161 277//161
f 277//156 274//156 350//156
f 350//157 274//157 298//157
f 350//158 298//158 351//158
f 351//159 298//159 300//159
f 351//160 300//160 302//160
f 249//248 247//248 352//248
f 352//249 247//249 322//249
f 352//250 322//250 353//250
f 353//251 322//251 320//251
f 353//252 320//252 315//252
f 315//253 320//253 318//253
f 315//254 318//254 186//254
f 251//255 249//255 354//255
f 354//256 249//256 352//256
f 354//257 352//257 355//257
f 355//258 352//258 353//258
f 355//259 353//259 314//259
f 314//260 353//260 315//260
f 254//261 251//261 356//261
f 356//262 251//262 354//262
f 356//263 354//263 357//263
f 357//264 354//264 355//264
f 357//265 355//265 313//265
f 313//266 355//266 314//266
f 256//267 254//267 358//267
f 358//268 254//268 356//268
f 358//269 356//269 359//269
f 359//270 356//270 357//270
f 359//271 357//271 312//271
f 312//272 357//272 313//272
f 258//273 256//273 360//273
f 360//274 256//274 358//274
f 360//275 358//275 361//275
f 361//276 358//276 359//276
f 361//277 359//277 311//277
f 311//278 359//278 312//278
f 261//279 258//279 362//279
f 362//280 258//280 360//280
f 362//281 360//281 363//281
f 363//282 360//282 361//282
f 363//283 361//283 310//283
f 310//284 361//284 311//284
f 263//285 261//285 364//285
f 364//286 261//286 362//286
f 364//287 362//287 365//287
f 365//288 362//288 363//288
f 365//289 363//289 309//289
f 309//290 363//290 310//290
f 265//291 263//291 366//291
f 366//292 263//292 364//292
f 366//293 364//293 367//293
f 367//294 364//294 365//294
f 367//295 365//295 308//295
f 308//296 365//296 309//296
f 348//163 349//163 350//163
f 350//162 349//162 277//162
f 348//164 350//164 351//164
f 265//297 366//297 305//297
f 305//298 366//298 368//298
f 305//299 368//299 316//299
f 316//300 368//300 306//300
f 368//301 366//301 367//301
f 347//165 348//165 351//165
f 347//166 351//166 302//166
f 308//302 307//302 367//302
f 367//303 307//303 368//303
f 307//304 306//304 368//304
f 209//167 347//167 302//167
f 369//57 370//57 371//57
f 371//58 370//58 372//58
f 371//59 372//59 373//59
f 373//60 372//60 374//60
f 373//61 374//61 375//61
f 375//62 374//62 376//62
f 376//63 374//63 377//63
f 376//64 377//64 378//64
f 378//65 377//65 379//65
f 378//66 379//66 380//66
f 380//67 379//67 381//67
f 381//68 379//68 382//68
f 381//69 382//69 383//69
f 383//70 382//70 384//70
f 383//71 384//71 385//71
f 385//72 384//72 386//72
f 385//73 386//73 387//73
f 387//74 386//74 388//74
f 388//75 386//75 389//75
f 388//76 389//76 390//76
f 390//77 389//77 391//77
f 390//78 391//78 392//78
f 392//79 391//79 393//79
f 392//80 393//80 394//80
f 394//81 393//81 395//81
f 395//82 393//82 396//82
f 395//83 396//83 397//83
f 397//84 396//84 398//84
f 397//85 398//85 399//85
f 399//86 398//86 400//86
f 399//87 400//87 401//87
f 401//88 400//88 402//88
f 401//89 402//89 403//89
f 403//90 402//90 404//90
f 404//91 402//91 405//91
f 404//92 405//92 406//92
f 406//93 405//93 407//93
f 406//94 407//94 408//94
f 408//95 407//95 409//95
f 408//96 409//96 410//96
f 410//97 409//97 411//97
f 411//98 409//98 412//98
f 411//99 412//99 413//99
f 413//100 412//100 414//100
f 413//101 414//101 415//101
f 415//102 414//102 416//102
f 416//103 414//103 417//103
f 416//104 417//104 418//104
f 418//105 417//105 419//105
f 418//106 419//106 420//106
f 420//107 419//107 421//107
f 420//108 421//108 422//108
f 422//109 421//109 423//109
f 422//110 423//110 424//110
f 424//111 423//111 369//111
f 369//112 423//112 370//112
f 425//1 426//1 427//1
f 427//2 426//2 428//2
f 427//3 428//3 429//3
f 429//4 428//4 430//4
f 430//5 428//5 431//5
f 430//6 431//6 432//6
f 432//7 431//7 433//7
f 432//8 433//8 434//8
f 434//9 433//9 435//9
f 434//10 435//10 436//10
f 436//11 435//11 437//11
f 437//12 435//12 438//12
f 437//13 438//13 439//13
f 439//14 438//14 440//14
f 439//15 440//15 441//15
f 441//16 440//16 442//16
f 441//17 442//17 443//17
f 443//18 442//18 444//18
f 444//19 442//19 445//19
f 444//20 445//20 446//20
f 446//21 445//21 447//21
f 446//22 447//22 448//22
f 448//23 447//23 449//23
f 448//24 449//24 450//24
f 450//25 449//25 451//25
f 450//26 451//26 452//26
f 452//27 451//27 453//27
f 452//28 453//28 454//28
f 454//29 453//29 455//29
f 455//30 453//30 456//30
f 455//31 456//31 457//31
f 457//32 456//32 458//32
f 457//33 458//33 459//33
f 459//34 458//34 460//34
f 460//35 458//35 461//35
f 460//36 461//36 462//36
f 462//37 461//37 463//37
f 462//38 463//38 464//38
f 464//39 463//39 465//39
f 464//40 465//40 466//40
f 466//41 465//41 467//41
f 467//42 465//42 468//42
f 467//43 468//43 469//43
f 469//44 468//44 470//44
f 469//45 470//45 471//45
f 471//46 470//46 472//46
f 471//47 472//47 473//47
f 473//48 472//48 474//48
f 474//49 472//49 475//49
f 474//50 475//50 476//50
f 476//51 475//51 477//51
f 476//52 477//52 478//52
f 478//53 477//53 479//53
f 478//54 479//54 480//54
f 480//55 479//55 425//55
f 425//56 479//56 426//56
f 456//113 481//113 482//113
f 482//114 481//114 483//114
f 482//115 483//115 484//115
f 484//116 483//116 485//116
f 484//117 485//117 486//117
f 486//118 485//118 396//118
f 486//119 396//119 393//119
f 481//120 456//120 453//120
f 483//121 487//121 485//121
f 485//122 487//122 398//122
f 485//123 398//123 396//123
f 483//124 481//124 488//124
f 488//125 481//125 453//125
f 488//126 453//126 489//126
f 489//127 453//127 451//127
f 489//128 451//128 449//128
f 398//129 487//129 400//129
f 400//130 487//130 490//130
f 400//131 490//131 402//131
f 402//132 490//132 491//132
f 402//133 491//133 405//133
f 405//134 491//134 492//134
f 405//135 492//135 407//135
f 407//136 492//136 493//136
f 407//137 493//137 409//137
f 409//138 493//138 494//138
f 409//139 494//139 412//139
f 412//140 494//140 495//140
f 412//141 495//141 414//141
f 414//142 495//142 496//142
f 414//143 496//143 417//143
f 417//144 496//144 497//144
f 417//145 497//145 419//145
f 419//146 497//146 498//146
f 419//147 498//147 421//147
f 421//148 498//148 499//148
f 421//149 499//149 423//149
f 423//150 499//150 370//150
f 487//151 483//151 500//151
f 500//152 483//152 488//152
f 500//153 488//153 489//153
f 458//154 456//154 482//154
f 490//155 487//155 500//155
f 372//247 370//247 501//247
f 501//246 370//246 502//246
f 501//245 502//245 503//245
f 503//244 502//244 504//244
f 503//243 504//243 505//243
f 505//242 504//242 506//242
f 505//241 506//241 428//241
f 428//240 506//240 431//240
f 374//239 372//239 507//239
f 507//238 372//238 501//238
f 507//237 501//237 508//237
f 508//236 501//236 503//236
f 508//235 503//235 509//235
f 509//234 503//234 505//234
f 509//233 505//233 426//233
f 426//232 505//232 428//232
f 377//231 374//231 510//231
f 510//230 374//230 507//230
f 510//229 507//229 511//229
f 511//228 507//228 508//228
f 511//227 508//227 512//227
f 512//226 508//226 509//226
f 512//225 509//225 479//225
f 479//224 509//224 426//224
f 379//223 377//223 513//223
f 513//222 377//222 510//222
f 513//221 510//221 514//221
f 514//220 510//220 511//220
f 514//219 511//219 515//219
f 515//218 511//218 512//218
f 515//217 512//217 477//217
f 477//216 512//216 479//216
f 382//215 379//215 516//215
f 516//214 379//214 513//214
f 516//213 513//213 517//213
f 517//212 513//212 514//212
f 517//211 514//211 518//211
f 518//210 514//210 515//210
f 518//209 515//209 475//209
f 475//208 515//208 477//208
f 384//207 382//207 519//207
f 519//206 382//206 516//206
f 519//205 516//205 520//205
f 520//204 516//204 517//204
f 520//203 517//203 521//203
f 521//202 517//202 518//202
f 521//201 518//201 472//201
f 472//200 518//200 475//200
f 386//199 384//199 522//199
f 522//198 384//198 519//198
f 522//197 519//197 523//197
f 523//196 519//196 520//196
f 523//195 520//195 524//195
f 524//194 520//194 521//194
f 524//193 521//193 470//193
f 470//192 521//192 472//192
f 389//191 386//191 525//191
f 525//190 386//190 522//190
f 525//189 522//189 526//189
f 526//188 522//188 523//188
f 526//187 523//187 527//187
f 527//186 523//186 524//186
f 527//185 524//185 468//185
f 468//184 524//184 470//184
f 391//183 389//183 528//183
f 528//182 389//182 525//182
f 528//181 525//181 529//181
f 529//180 525//180 526//180
f 529//179 526//179 530//179
f 530//178 526//178 527//178
f 530//177 527//177 465//177
f 465//176 527//176 468//176
f 393//175 391//175 531//175
f 531//174 391//174 528//174
f 531//173 528//173 532//173
f 532//172 528//172 529//172
f 532//171 529//171 533//171
f 533//170 529//170 530//170
f 533//169 530//169 463//169
f 463//168 530//168 465//168
f 533//161 463//161 461//161
f 461//156 458//156 534//156
f 534//157 458//157 482//157
f 534//158 482//158 535//158
f 535//159 482//159 484//159
f 535//160 484//160 486//160
f 433//248 431//248 536//248
f 536//249 431//249 506//249
f 536//250 506//250 537//250
f 537//251 506//251 504//251
f 537//252 504//252 499//252
f 499//253 504//253 502//253
f 499//254 502//254 370//254
f 435//255 433//255 538//255
f 538//256 433//256 536//256
f 538//257 536//257 539//257
f 539//258 536//258 537//258
f 539//259 537//259 498//259
f 498//260 537//260 499//260
f 438//261 435//261 540//261
f 540//262 435//262 538//262
f 540//263 538//263 541//263
f 541//264 538//264 539//264
f 541//265 539//265 497//265
f 497//266 539//266 498//266
f 440//267 438//267 542//267
f 542//268 438//268 540//268
f 542//269 540//269 543//269
f 543//270 540//270 541//270
f 543//271 541//271 496//271
f 496//272 541//272 497//272
f 442//273 440//273 544//273
f 544//274 440//274 542//274
f 544//275 542//275 545//275
f 545//276 542//276 543//276
f 545//277 543//277 495//277
f 495//278 543//278 496//278
f 445//279 442//279 546//279
f 546//280 442//280 544//280
f 546//281 544//281 547//281
f 547//282 544//282 545//282
f 547//283 545//283 494//283
f 494//284 545//284 495//284
f 447//285 445//285 548//285
f 548//286 445//286 546//286
f 548//287 546//287 549//287
f 549//288 546//288 547//288
f 549//289 547//289 493//289
f 493//290 547//290 494//290
f 449//291 447//291 550//291
f 550//292 447//292 548//292
f 550//293 548//293 551//293
f 551//294 548//294 549//294
f 551//295 549//295 492//295
f 492//296 549//296 493//296
f 532//163 533//163 534//163
f 534//162 533//162 461//162
f 532//164 534//164 535//164
f 449//297 550//297 489//297
f 489//298 550//298 552//298
f 489//299 552//299 500//299
f 500//300 552//300 490//300
f 552//301 550//301 551//301
f 531//165 532//165 535//165
f 531//166 535//166 486//166
f 492//302 491//302 551//302
f 551//303 491//303 552//303
f 491//304 490//304 552//304
f 393//167 531//167 486//167
f 553//1 554//1 555//1
f 555//2 554//2 556//2
f 555//3 556//3 557//3
f 557//4 556//4 558//4
f 558//5 556//5 559//5
f 558//6 559//6 560//6
f 560//7 559//7 561//7
f 560//8 561//8 562//8
f 562//9 561//9 563//9
f 562//10 563//10 564//10
f 564//11 563//11 565//11
f 565//12 563//12 566//12
f 565//13 566//13 567//13
f 567//14 566//14 568//14
f 567//15 568//15 569//15
f 569//16 568//16 570//16
f 569//17 570//17 571//17
f 571//18 570//18 572//18
f 572//19 570//19 573//19
f 572//20 573//20 574//20
f 574//21 573//21 575//21
f 574//22 575//22 576//22
f 576//23 575//23 577//23
f 576//24 577//24 578//24
f 578//25 577//25 579//25
f 578//26 579//26 580//26
f 580//27 579//27 581//27
f 580//28 581//28 582//28
f 582//29 581//29 583//29
f 583//30 581//30 584//30
f 583//31 584//31 585//31
f 585//32 584//32 586//32
f 585//33 586//33 587//33
f 587//34 586//34 588//34
f 588//35 586//35 589//35
f 588//36 589//36 590//36
f 590//37 589//37 591//37
f 590//38 591//38 592//38
f 592//39 591//39 593//39
f 592//40 593//40 594//40
f 594//41 593//41 595//41
f 595//42 593//42 596//42
f 595//43 596//43 597//43
f 597//44 596//44 598//44
f 597//45 598//45 599//45
f 599//46 598//46 600//46
f 599//47 600//47 601//47
f 601//48 600//48 602//48
f 602//49 600//49 603//49
f 602//50 603//50 604//50
f 604//51 603//51 605//51
f 604//52 605//52 606//52
f 606//53 605//53 607//53
f 606//54 607//54 608//54
f 608//55 607//55 553//55
f 553//56 607//56 554//56
f 609//57 610//57 611//57
f 611//58 610//58 612//58
f 611//59 612//59 613//59
f 613//60 612//60 614//60
f 613//61 614//61 615//61
f 615//62 614//62 616//62
f 616//63 614//63 617//63
f 616//64 617//64 618//64
f 618//65 617//65 619//65
f 618//66 619//66 620//66
f 620//67 619//67 621//67
f 621//68 619//68 622//68
f 621//69 622//69 623//69
f 623//70 622//70 624//70
f 623//71 624//71 625//71
f 625//72 624//72 626//72
f 625//73 626//73 627//73
f 627//74 626//74 628//74
f 628//75 626//75 629//75
f 628//76 629//76 630//76
f 630//77 629//77 631//77
f 630//78 631//78 632//78
f 632//79 631//79 633//79
f 632//80 633//80 634//80
f 634//81 633//81 635//81
f 635//82 633//82 636//82
f 635//83 636//83 637//83
f 637//84 636//84 638//84
f 637//85 638//85 639//85
f 639//86 638//86 640//86
f 639//87 640//87 641//87
f 641//88 640//88 642//88
f 641//89 642//89 643//89
f 643//90 642//90 644//90
f 644//91 642//91 645//91
f 644//92 645//92 646//92
f 646//93 645//93 647//93
f 646//94 647//94 648//94
f 648//95 647//95 649//95
f 648//96 649//96 650//96
f 650//97 649//97 651//97
f 651//98 649//98 652//98
f 651//99 652//99 653//99
f 653//100 652//100 654//100
f 653//101 654//101 655//101
f 655//102 654//102 656//102
f 656//103 654//103 657//103
f 656//104 657//104 658//104
f 658//105 657//105 659//105
f 658//106 659//106 660//106
f 660//107 659//107 661//107
f 660//108 661//108 662//108
f 662//109 661//109 663//109
f 662//110 663//110 664//110
f 664//111 663//111 609//111
f 609//112 663//112 610//112
f 584//113 665//113 666//113
f 666//114 665//114 667//114
f 666//115 667//115 668//115
f 668//116 667//116 669//116
f 668//117 669//117 670//117
f 670//118 669//118 636//118
f 670//119 636//119 633//119
f 665//120 584//120 581//120
f 667//121 671//121 669//121
f 669//122 671//122 638//122
f 669//123 638//123 636//123
f 667//124 665//124 672//124
f 672//125 665//125 581//125
f 672//126 581//126 673//126
f 673//127 581//127 579//127
f 673//128 579//128 577//128
f 638//129 671//129 640//129
f 640//130 671//130 674//130
f 640//131 674//131 642//131
f 642//132 674//132 675//132
f 642//133 675//133 645//133
f 645//134 675//134 676//134
f 645//135 676//135 647//135
f 647//136 676//136 677//136
f 647//137 677//137 649//137
f 649//138 677//138 678//138
f 649//139 678//139 652//139
f 652//140 678//140 679//140
f 652//141 679//141 654//141
f 654//142 679//142 680//142
f 654//143 680//143 657//143
f 657//144 680//144 681//144
f 657//145 681//145 659//145
f 659//146 681//146 682//146
f 659//147 682//147 661//147
f 661//148 682//148 683//148
f 661//149 683//149 663//149
f 663//150 683//150 610//150
f 671//151 667//151 684//151
f 684//152 667//152 672//152
f 684//153 672//153 673//153
f 586//154 584//154 666//154
f 674//155 671//155 684//155
f 589//156 586//156 685//156
f 685//157 586//157 666//157
f 685//158 666//158 686//158
f 686//159 666//159 668//159
f 686//160 668//160 670//160
f 591//161 589//161 687//161
f 687//162 589//162 685//162
f 687//163 685//163 688//163
f 688//164 685//164 686//164
f 688//165 686//165 689//165
f 689//166 686//166 670//166
f 689//167 670//167 633//167
f 593//168 591//168 690//168
f 690//169 591//169 687//169
f 690//170 687//170 691//170
f 691//171 687//171 688//171
f 691//172 688//172 692//172
f 692//173 688//173 689//173
f 692//174 689//174 631//174
f 631//175 689//175 633//175
f 596//176 593//176 693//176
f 693//177 593//177 690//177
f 693//178 690//178 694//178
f 694//179 690//179 691//179
f 694//180 691//180 695//180
f 695//181 691//181 692//181
f 695//182 692//182 629//182
f 629//183 692//183 631//183
f 598//184 596//184 696//184
f 696//185 596//185 693//185
f 696//186 693//186 697//186
f 697//187 693//187 694//187
f 697//188 694//188 698//188
f 698//189 694//189 695//189
f 698//190 695//190 626//190
f 626//191 695//191 629//191
f 600//192 598//192 699//192
f 699//193 598//193 696//193
f 699//194 696//194 700//194
f 700//195 696//195 697//195
f 700//196 697//196 701//196
f 701//197 697//197 698//197
f 701//198 698//198 624//198
f 624//199 698//199 626//199
f 603//200 600//200 702//200
f 702//201 600//201 699//201
f 702//202 699//202 703//202
f 703//203 699//203 700//203
f 703//204 700//204 704//204
f 704//205 700//205 701//205
f 704//206 701//206 622//206
f 622//207 701//207 624//207
f 605//208 603//208 705//208
f 705//209 603//209 702//209
f 705//210 702//210 706//210
f 706//211 702//211 703//211
f 706//212 703//212 707//212
f 707//213 703//213 704//213
f 707//214 704//214 619//214
f 619//215 704//215 622//215
f 607//216 605//216 708//216
f 708//217 605//217 705//217
f 708//218 705//218 709//218
f 709//219 705//219 706//219
f 709//220 706//220 710//220
f 710//221 706//221 707//221
f 710//222 707//222 617//222
f 617//223 707//223 619//223
f 554//224 607//224 711//224
f 711//225 607//225 708//225
f 711//226 708//226 712//226
f 712//227 708//227 709//227
f 712//228 709//228 713//228
f 713//229 709//229 710//229
f 713//230 710//230 614//230
f 614//231 710//231 617//231
f 556//232 554//232 714//232
f 714//233 554//233 711//233
f 714//234 711//234 715//234
f 715//235 711//235 712//235
f 715//236 712//236 716//236
f 716//237 712//237 713//237
f 716//238 713//238 612//238
f 612//239 713//239 614//239
f 559//240 556//240 717//240
f 717//241 556//241 714//241
f 717//242 714//242 718//242
f 718//243 714//243 715//243
f 718//244 715//244 719//244
f 719//245 715//245 716//245
f 719//246 716//246 610//246
f 610//247 716//247 612//247
f 561//248 559//248 720//248
f 720//249 559//249 717//249
f 720//250 717//250 721//250
f 721//251 717//251 718//251
f 721//252 718//252 683//252
f 683//253 718//253 719//253
f 683//254 719//254 610//254
f 563//255 561//255 722//255
f 722//256 561//256 720//256
f 722//257 720//257 723//257
f 723//258 720//258 721//258
f 723//259 721//259 682//259
f 682//260 721//260 683//260
f 566//261 563//261 724//261
f 724//262 563//262 722//262
f 724//263 722//263 725//263
f 725//264 722//264 723//264
f 725//265 723//265 681//265
f 681//266 723//266 682//266
f 568//267 566//267 726//267
f 726//268 566//268 724//268
f 726//269 724//269 727//269
f 727//270 724//270 725//270
f 727//271 725//271 680//271
f 680//272 725//272 681//272
f 570//273 568//273 728//273
f 728//274 568//274 726//274
f 728//275 726//275 729//275
f 729//276 726//276 727//276
f 729//277 727//277 679//277
f 679//278 727//278 680//278
f 573//279 570//279 730//279
f 730//280 570//280 728//280
f 730//281 728//281 731//281
f 731//282 728//282 729//282
f 731//283 729//283 678//283
f 678//284 729//284 679//284
f 575//285 573//285 732//285
f 732//286 573//286 730//286
f 732//287 730//287 733//287
f 733//288 730//288 731//288
f 733//289 731//289 677//289
f 677//290 731//290 678//290
f 577//291 575//291 734//291
f 734//292 575//292 732//292
f 734//293 732//293 735//293
f 735//294 732//294 733//294
f 735//295 733//295 676//295
f 676//296 733//296 677//296
f 577//297 734//297 673//297
f 673//298 734//298 736//298
f 673//299 736//299 684//299
f 684//300 736//300 674//300
f 736//301 734//301 735//301
f 676//302 675//302 735//302
f 735//303 675//303 736//303
f 675//304 674//304 736//304
f 737//305 738//305 739//305
f 739//305 738//305 740//305
f 739//305 740//305 741//305
f 741//305 740//305 742//305
f 741//305 742//305 743//305
f 743//305 742//305 744//305
f 743//305 744//305 745//305
f 745//305 744//305 746//305
f 745//305 746//305 747//305
f 747//305 746//305 748//305
f 747//305 748//305 749//305
f 749//305 748//305 750//305
f 749//305 750//305 751//305
f 751//305 750//305 752//305
f 753//305 754//305 751//305
f 751//306 754//306 755//306
f 755//306 754//306 756//306
f 755//307 756//307 757//307
f 757//307 756//307 758//307
f 757//308 758//308 759//308
f 759//308 758//308 760//308
f 760//309 758//309 761//309
f 760//310 761//310 762//310
f 760//311 762//311 763//311
f 763//312 762//312 764//312
f 763//313 764//313 765//313
f 765//314 764//314 766//314
f 765//315 766//315 767//315
f 768//305 769//305 767//305
f 767//316 769//316 765//316
f 770//305 771//305 772//305
f 772//305 771//305 773//305
f 772//305 773//305 774//305
f 774//305 773//305 775//305
f 774//305 775//305 776//305
f 776//305 775//305 777//305
f 776//305 777//305 778//305
f 778//305 777//305 779//305
f 778//305 779//305 780//305
f 780//305 779//305 781//305
f 780//305 781//305 782//305
f 782//305 781//305 783//305
f 782//305 783//305 752//305
f 752//305 783//305 784//305
f 785//305 786//305 787//305
f 787//317 786//317 788//317
f 787//318 788//318 789//318
f 789//319 788//319 790//319
f 789//320 790//320 791//320
f 791//321 792//321 789//321
f 789//322 792//322 793//322
f 789//323 793//323 794//323
f 794//324 795//324 789//324
f 789//305 795//305 796//305
f 797//305 798//305 753//305
f 753//325 798//325 799//325
f 799//326 798//326 800//326
f 799//327 800//327 801//327
f 799//328 801//328 802//328
f 802//329 801//329 803//329
f 802//330 803//330 804//330
f 804//331 805//331 802//331
f 802//332 805//332 806//332
f 806//333 805//333 807//333
f 806//334 807//334 808//334
f 809//305 810//305 808//305
f 808//335 810//335 806//335
f 811//305 812//305 813//305
f 813//305 812//305 814//305
f 813//305 814//305 815//305
f 815//305 814//305 816//305
f 815//305 816//305 817//305
f 817//305 816//305 818//305
f 817//305 818//305 819//305
f 819//305 818//305 820//305
f 819//305 820//305 821//305
f 821//305 820//305 822//305
f 821//305 822//305 823//305
f 823//305 822//305 824//305
f 823//305 824//305 784//305
f 784//305 824//305 825//305
f 826//305 827//305 828//305
f 828//305 827//305 829//305
f 828//305 829//305 830//305
f 830//305 829//305 831//305
f 830//305 831//305 832//305
f 832//305 831//305 833//305
f 832//305 833//305 834//305
f 834//305 833//305 835//305
f 834//305 835//305 836//305
f 836//305 835//305 837//305
f 836//305 837//305 838//305
f 838//305 837//305 839//305
f 838//305 839//305 825//305
f 825//305 839//305 840//305
f 841//305 842//305 797//305
f 797//336 842//336 843//336
f 843//337 842//337 844//337
f 843//338 844//338 845//338
f 843//339 845//339 846//339
f 846//340 845//340 847//340
f 846//341 847//341 848//341
f 848//342 849//342 846//342
f 846//343 849//343 850//343
f 850//344 849//344 851//344
f 850//345 851//345 852//345
f 853//305 854//305 852//305
f 852//346 854//346 850//346
f 855//305 856//305 857//305
f 857//347 856//347 858//347
f 858//348 856//348 859//348
f 858//349 859//349 860//349
f 858//350 860//350 861//350
f 861//351 860//351 862//351
f 861//352 862//352 863//352
f 863//353 864//353 861//353
f 861//354 864//354 865//354
f 865//355 864//355 866//355
f 865//356 866//356 867//356
f 868//305 796//305 867//305
f 867//357 796//357 865//357
f 840//305 869//305 870//305
f 870//358 869//358 871//358
f 870//359 871//359 872//359
f 872//360 873//360 870//360
f 870//361 873//361 874//361
f 870//362 874//362 875//362
f 876//305 877//305 875//305
f 875//363 877//363 870//363
f 841//305 878//305 879//305
f 879//364 878//364 880//364
f 879//365 880//365 881//365
f 881//366 880//366 882//366
f 881//367 882//367 883//367
f 883//368 882//368 884//368
f 883//369 884//369 885//369
f 885//305 884//305 886//305
f 887//305 888//305 889//305
f 889//370 888//370 890//370
f 890//371 888//371 891//371
f 890//372 891//372 892//372
f 890//373 892//373 893//373
f 893//374 892//374 894//374
f 893//375 894//375 895//375
f 895//376 896//376 893//376
f 893//377 896//377 897//377
f 897//378 896//378 898//378
f 897//379 898//379 899//379
f 878//305 868//305 899//305
f 899//380 868//380 897//380
f 900//381 901//381 902//381
f 902//382 901//382 903//382
f 902//383 903//383 904//383
f 904//383 903//383 905//383
f 905//384 903//384 906//384
f 905//385 906//385 907//385
f 907//386 906//386 908//386
f 908//386 906//386 909//386
f 909//387 906//387 910//387
f 909//388 910//388 911//388
f 911//388 910//388 912//388
f 912//389 910//389 913//389
f 912//381 913//381 914//381
f 915//381 916//381 917//381
f 917//390 916//390 918//390
f 917//391 918//391 919//391
f 919//391 918//391 920//391
f 920//392 918//392 921//392
f 920//393 921//393 922//393
f 922//394 921//394 923//394
f 923//394 921//394 924//394
f 924//395 921//395 925//395
f 924//396 925//396 926//396
f 926//396 925//396 927//396
f 927//397 925//397 928//397
f 927//381 928//381 913//381
f 929//381 930//381 914//381
f 914//398 930//398 931//398
f 931//399 930//399 932//399
f 931//400 932//400 933//400
f 931//401 933//401 934//401
f 934//402 933//402 935//402
f 934//403 935//403 936//403
f 934//404 936//404 937//404
f 937//405 936//405 938//405
f 937//406 938//406 939//406
f 939//381 938//381 940//381
f 941//381 942//381 943//381
f 943//381 942//381 944//381
f 943//381 944//381 945//381
f 945//407 944//407 946//407
f 945//408 946//408 947//408
f 947//409 946//409 948//409
f 947//410 948//410 949//410
f 949//381 948//381 950//381
f 949//381 950//381 951//381
f 951//381 950//381 952//381
f 951//381 952//381 953//381
f 953//381 952//381 954//381
f 953//381 954//381 955//381
f 955//381 954//381 956//381
f 955//381 956//381 957//381
f 957//411 956//411 958//411
f 957//412 958//412 928//412
f 928//381 958//381 959//381
f 929//381 960//381 961//381
f 961//381 960//381 962//381
f 961//381 962//381 963//381
f 963//381 962//381 964//381
f 963//381 964//381 965//381
f 965//381 964//381 966//381
f 965//381 966//381 967//381
f 967//381 966//381 968//381
f 967//381 968//381 969//381
f 969//381 968//381 970//381
f 969//381 970//381 971//381
f 971//381 970//381 972//381
f 971//381 972//381 973//381
f 973//381 972//381 974//381
f 975//381 976//381 977//381
f 977//413 976//413 978//413
f 978//414 976//414 979//414
f 978//415 979//415 980//415
f 978//416 980//416 981//416
f 981//417 980//417 982//417
f 981//418 982//418 983//418
f 983//419 984//419 981//419
f 981//420 984//420 985//420
f 985//421 984//421 986//421
f 985//422 986//422 987//422
f 988//381 959//381 987//381
f 987//423 959//423 985//423
f 960//381 989//381 990//381
f 990//381 989//381 991//381
f 990//381 991//381 992//381
f 992//381 991//381 993//381
f 992//381 993//381 994//381
f 994//381 993//381 995//381
f 994//381 995//381 996//381
f 996//381 995//381 997//381
f 996//381 997//381 998//381
f 998//381 997//381 999//381
f 998//381 999//381 1000//381
f 1000//381 999//381 1001//381
f 1000//381 1001//381 1002//381
f 1002//381 1001//381 1003//381
f 1004//381 1005//381 1006//381
f 1006//424 1005//424 1007//424
f 1007//425 1005//425 1008//425
f 1007//426 1008//426 1009//426
f 1007//427 1009//427 1010//427
f 1010//428 1009//428 1011//428
f 1010//429 1011//429 1012//429
f 1012//430 1013//430 1010//430
f 1010//431 1013//431 1014//431
f 1014//432 1013//432 1015//432
f 1014//433 1015//433 1016//433
f 1017//381 988//381 1016//381
f 1016//434 988//434 1014//434
f 989//381 1018//381 1019//381
f 1019//381 1018//381 1020//381
f 1019//381 1020//381 1021//381
f 1021//381 1020//381 1022//381
f 1021//381 1022//381 1023//381
f 1023//381 1022//381 1024//381
f 1023//381 1024//381 1025//381
f 1025//381 1024//381 1026//381
f 1025//381 1026//381 1027//381
f 1027//381 1026//381 1028//381
f 1027//381 1028//381 1029//381
f 1029//381 1028//381 1030//381
f 1029//381 1030//381 1031//381
f 1031//381 1030//381 1032//381
f 1017//381 1033//381 1034//381
f 1034//435 1033//435 1035//435
f 1034//436 1035//436 1036//436
f 1037//381 1038//381 1036//381
f 1036//437 1038//437 1034//437
f 1018//381 1039//381 1040//381
f 1040//381 1039//381 1041//381
f 1040//381 1041//381 1042//381
f 1042//381 1041//381 1043//381
f 1042//381 1043//381 1044//381
f 1044//381 1043//381 1045//381
f 1044//381 1045//381 1046//381
f 1046//381 1045//381 1047//381
f 1046//381 1047//381 1048//381
f 1048//381 1047//381 1049//381
f 1048//381 1049//381 1050//381
f 1050//381 1049//381 1051//381
f 1050//381 1051//381 1052//381
f 1052//381 1051//381 1053//381
f 1054//381 1055//381 1056//381
f 1056//438 1055//438 1057//438
f 1057//439 1055//439 1058//439
f 1057//440 1058//440 1059//440
f 1059//441 1060//441 1057//441
f 1057//442 1060//442 1061//442
f 1057//443 1061//443 1062//443
f 1062//381 1039//381 1057//381
f 870//444 877//444 1063//444
f 1063//444 877//444 1064//444
f 1063//445 1064//445 1065//445
f 1065//445 1064//445 1066//445
f 1065//446 1066//446 1067//446
f 1067//446 1066//446 1068//446
f 1067//447 1068//447 1069//447
f 1069//447 1068//447 1070//447
f 1069//448 1070//448 1071//448
f 1071//448 1070//448 1072//448
f 1071//449 1072//449 1073//449
f 1073//449 1072//449 1074//449
f 1073//450 1074//450 1075//450
f 1075//450 1074//450 1076//450
f 1075//451 1076//451 1077//451
f 1077//451 1076//451 1078//451
f 1077//452 1078//452 1079//452
f 1079//452 1078//452 1080//452
f 1079//453 1080//453 1081//453
f 1081//453 1080//453 1082//453
f 1081//454 1082//454 1083//454
f 1083//454 1082//454 1084//454
f 1083//455 1084//455 1057//455
f 1057//455 1084//455 1056//455
f 1034//456 1038//456 1085//456
f 1085//456 1038//456 1086//456
f 1085//457 1086//457 1087//457
f 1087//457 1086//457 1088//457
f 1087//458 1088//458 1089//458
f 1089//458 1088//458 1090//458
f 1089//459 1090//459 1091//459
f 1091//459 1090//459 1092//459
f 1091//460 1092//460 1093//460
f 1093//460 1092//460 1094//460
f 1093//461 1094//461 1095//461
f 1095//461 1094//461 1096//461
f 1095//462 1096//462 1097//462
f 1097//462 1096//462 1098//462
f 1097//463 1098//463 1099//463
f 1099//463 1098//463 1100//463
f 1099//464 1100//464 1101//464
f 1101//464 1100//464 1102//464
f 1101//465 1102//465 1103//465
f 1103//465 1102//465 1104//465
f 1103//466 1104//466 1105//466
f 1105//466 1104//466 1106//466
f 1105//467 1106//467 789//467
f 789//467 1106//467 787//467
f 1107//468 889//468 1108//468
f 1108//469 889//469 890//469
f 1108//470 890//470 1109//470
f 1109//471 890//471 1110//471
f 1110//471 890//471 893//471
f 1110//472 893//472 1111//472
f 1111//472 893//472 897//472
f 1111//473 897//473 1112//473
f 1112//473 897//473 868//473
f 1112//474 868//474 867//474
f 1112//475 867//475 1113//475
f 1113//476 867//476 866//476
f 1113//477 866//477 864//477
f 1113//478 864//478 1114//478
f 1114//479 864//479 863//479
f 1114//480 863//480 862//480
f 862//481 860//481 1114//481
f 1114//482 860//482 1115//482
f 1115//483 860//483 859//483
f 1115//484 859//484 856//484
f 1115//484 856//484 1116//484
f 1116//485 856//485 855//485
f 1116//485 855//485 1117//485
f 1118//486 870//486 1119//486
f 1119//486 870//486 1063//486
f 1119//487 1063//487 1120//487
f 1120//487 1063//487 1065//487
f 1120//488 1065//488 1121//488
f 1121//488 1065//488 1067//488
f 1121//489 1067//489 1122//489
f 1122//489 1067//489 1069//489
f 1122//490 1069//490 1123//490
f 1123//490 1069//490 1071//490
f 1123//491 1071//491 1124//491
f 1124//491 1071//491 1073//491
f 1124//492 1073//492 1125//492
f 1125//492 1073//492 1075//492
f 1125//493 1075//493 1126//493
f 1126//493 1075//493 1077//493
f 1126//494 1077//494 1127//494
f 1127//494 1077//494 1079//494
f 1127//495 1079//495 1128//495
f 1128//495 1079//495 1081//495
f 1128//496 1081//496 1129//496
f 1129//496 1081//496 1083//496
f 1129//497 1083//497 1130//497
f 1130//497 1083//497 1057//497
f 887//498 889//498 1131//498
f 1131//499 889//499 1107//499
f 1131//500 1107//500 854//500
f 854//498 853//498 1131//498
f 827//498 826//498 1053//498
f 1053//498 826//498 1052//498
f 876//501 875//501 1054//501
f 1054//501 875//501 1055//501
f 1055//502 875//502 874//502
f 1055//502 874//502 1058//502
f 1058//503 874//503 1059//503
f 1059//503 874//503 873//503
f 1059//504 873//504 872//504
f 871//505 1061//505 872//505
f 872//505 1061//505 1060//505
f 872//504 1060//504 1059//504
f 871//506 869//506 1061//506
f 1061//506 869//506 1062//506
f 1062//507 869//507 1039//507
f 1039//507 869//507 840//507
f 1039//508 840//508 839//508
f 837//509 1043//509 839//509
f 839//509 1043//509 1041//509
f 839//508 1041//508 1039//508
f 837//510 835//510 1043//510
f 1043//510 835//510 1045//510
f 1045//511 835//511 1047//511
f 1047//511 835//511 833//511
f 1047//512 833//512 831//512
f 829//513 1051//513 831//513
f 831//513 1051//513 1049//513
f 831//512 1049//512 1047//512
f 829//514 827//514 1051//514
f 1051//514 827//514 1053//514
f 1132//485 1037//485 1133//485
f 1133//515 1037//515 1036//515
f 1133//484 1036//484 1134//484
f 1134//516 1036//516 1135//516
f 1135//516 1036//516 1035//516
f 1135//517 1035//517 1136//517
f 1136//517 1035//517 1033//517
f 1136//518 1033//518 1137//518
f 1137//518 1033//518 1017//518
f 1137//519 1017//519 1016//519
f 1137//520 1016//520 1138//520
f 1138//521 1016//521 1015//521
f 1138//522 1015//522 1013//522
f 1138//523 1013//523 1139//523
f 1139//524 1013//524 1012//524
f 1139//525 1012//525 1011//525
f 1011//526 1009//526 1139//526
f 1139//527 1009//527 1140//527
f 1140//528 1009//528 1008//528
f 1140//470 1008//470 1005//470
f 1140//470 1005//470 1141//470
f 1141//468 1005//468 1004//468
f 1141//468 1004//468 1142//468
f 1143//468 857//468 1144//468
f 1144//529 857//529 858//529
f 1144//470 858//470 1145//470
f 1145//471 858//471 1146//471
f 1146//471 858//471 861//471
f 1146//472 861//472 1147//472
f 1147//472 861//472 865//472
f 1147//473 865//473 1148//473
f 1148//473 865//473 796//473
f 1148//474 796//474 795//474
f 1148//530 795//530 1149//530
f 1149//476 795//476 794//476
f 1149//477 794//477 793//477
f 1149//531 793//531 1150//531
f 1150//479 793//479 792//479
f 1150//480 792//480 791//480
f 791//532 790//532 1150//532
f 1150//533 790//533 1151//533
f 1151//483 790//483 788//483
f 1151//484 788//484 786//484
f 1151//484 786//484 1152//484
f 1152//485 786//485 785//485
f 1152//485 785//485 1153//485
f 855//498 857//498 1117//498
f 1117//534 857//534 1143//534
f 1117//535 1143//535 810//535
f 810//498 809//498 1117//498
f 812//498 811//498 1032//498
f 1032//498 811//498 1031//498
f 826//501 828//501 1052//501
f 1052//501 828//501 1050//501
f 1050//502 828//502 830//502
f 1050//502 830//502 1048//502
f 1048//503 830//503 1046//503
f 1046//503 830//503 832//503
f 1046//504 832//504 834//504
f 836//505 1042//505 834//505
f 834//505 1042//505 1044//505
f 834//504 1044//504 1046//504
f 836//506 838//506 1042//506
f 1042//506 838//506 1040//506
f 1040//507 838//507 1018//507
f 1018//507 838//507 825//507
f 1018//508 825//508 824//508
f 822//509 1022//509 824//509
f 824//509 1022//509 1020//509
f 824//508 1020//508 1018//508
f 822//510 820//510 1022//510
f 1022//510 820//510 1024//510
f 1024//511 820//511 1026//511
f 1026//511 820//511 818//511
f 1026//512 818//512 816//512
f 814//513 1030//513 816//513
f 816//513 1030//513 1028//513
f 816//512 1028//512 1026//512
f 814//514 812//514 1030//514
f 1030//514 812//514 1032//514
f 1154//485 1006//485 1155//485
f 1155//536 1006//536 1007//536
f 1155//484 1007//484 1156//484
f 1156//516 1007//516 1157//516
f 1157//516 1007//516 1010//516
f 1157//517 1010//517 1158//517
f 1158//517 1010//517 1014//517
f 1158//518 1014//518 1159//518
f 1159//518 1014//518 988//518
f 1159//519 988//519 987//519
f 1159//537 987//537 1160//537
f 1160//521 987//521 986//521
f 1160//522 986//522 984//522
f 1160//538 984//538 1161//538
f 1161//524 984//524 983//524
f 1161//525 983//525 982//525
f 982//539 980//539 1161//539
f 1161//540 980//540 1162//540
f 1162//528 980//528 979//528
f 1162//470 979//470 976//470
f 1162//470 976//470 1163//470
f 1163//468 976//468 975//468
f 1163//468 975//468 1164//468
f 771//498 770//498 1003//498
f 1003//498 770//498 1002//498
f 811//501 813//501 1031//501
f 1031//501 813//501 1029//501
f 1029//502 813//502 815//502
f 1029//502 815//502 1027//502
f 1027//503 815//503 1025//503
f 1025//503 815//503 817//503
f 1025//504 817//504 819//504
f 821//505 1021//505 819//505
f 819//505 1021//505 1023//505
f 819//504 1023//504 1025//504
f 821//506 823//506 1021//506
f 1021//506 823//506 1019//506
f 1019//507 823//507 989//507
f 989//507 823//507 784//507
f 989//508 784//508 783//508
f 781//509 993//509 783//509
f 783//509 993//509 991//509
f 783//508 991//508 989//508
f 781//510 779//510 993//510
f 993//510 779//510 995//510
f 995//511 779//511 997//511
f 997//511 779//511 777//511
f 997//512 777//512 775//512
f 773//513 1001//513 775//513
f 775//513 1001//513 999//513
f 775//512 999//512 997//512
f 773//514 771//514 1001//514
f 1001//514 771//514 1003//514
f 1165//485 977//485 1166//485
f 1166//541 977//541 978//541
f 1166//484 978//484 1167//484
f 1167//516 978//516 1168//516
f 1168//516 978//516 981//516
f 1168//517 981//517 1169//517
f 1169//517 981//517 985//517
f 1169//518 985//518 1170//518
f 1170//518 985//518 959//518
f 1170//519 959//519 958//519
f 1170//542 958//542 1171//542
f 1171//521 958//521 956//521
f 1171//522 956//522 954//522
f 1171//543 954//543 1172//543
f 1172//524 954//524 952//524
f 1172//525 952//525 950//525
f 950//544 948//544 1172//544
f 1172//545 948//545 1173//545
f 1173//528 948//528 946//528
f 1173//470 946//470 944//470
f 1173//470 944//470 1174//470
f 1174//468 944//468 942//468
f 1174//468 942//468 1175//468
f 61//546 841//546 59//546
f 59//547 841//547 797//547
f 59//547 797//547 753//547
f 63//548 424//548 61//548
f 61//549 424//549 369//549
f 61//549 369//549 841//549
f 841//547 369//547 878//547
f 878//550 369//550 371//550
f 878//547 371//547 868//547
f 868//547 371//547 796//547
f 796//547 371//547 187//547
f 796//547 187//547 789//547
f 789//551 187//551 189//551
f 789//552 189//552 191//552
f 424//548 63//548 422//548
f 422//553 63//553 64//553
f 422//554 64//554 420//554
f 420//555 64//555 66//555
f 420//555 66//555 418//555
f 418//556 66//556 68//556
f 418//556 68//556 416//556
f 416//557 68//557 69//557
f 416//558 69//558 415//558
f 415//559 69//559 71//559
f 415//560 71//560 413//560
f 413//561 71//561 73//561
f 413//562 73//562 411//562
f 411//563 73//563 75//563
f 411//564 75//564 410//564
f 410//565 75//565 76//565
f 410//566 76//566 408//566
f 408//567 76//567 78//567
f 408//567 78//567 406//567
f 406//568 78//568 80//568
f 406//568 80//568 404//568
f 404//569 80//569 82//569
f 404//570 82//570 403//570
f 403//571 82//571 83//571
f 403//572 83//572 401//572
f 401//573 83//573 85//573
f 401//574 85//574 399//574
f 399//575 85//575 87//575
f 399//575 87//575 1176//575
f 1176//547 87//547 1118//547
f 1118//547 87//547 639//547
f 1118//576 639//576 641//576
f 639//547 87//547 637//547
f 637//547 87//547 89//547
f 637//547 89//547 635//547
f 635//547 89//547 91//547
f 635//547 91//547 634//547
f 634//577 91//577 92//577
f 634//578 92//578 632//578
f 632//579 92//579 94//579
f 632//580 94//580 630//580
f 630//581 94//581 96//581
f 630//582 96//582 628//582
f 628//583 96//583 98//583
f 628//583 98//583 627//583
f 627//584 98//584 99//584
f 627//585 99//585 625//585
f 625//586 99//586 101//586
f 625//587 101//587 623//587
f 623//588 101//588 103//588
f 623//588 103//588 621//588
f 621//547 103//547 104//547
f 621//547 104//547 620//547
f 620//589 104//589 106//589
f 620//590 106//590 618//590
f 618//591 106//591 108//591
f 618//592 108//592 616//592
f 616//593 108//593 110//593
f 616//594 110//594 615//594
f 615//595 110//595 112//595
f 615//596 112//596 613//596
f 613//597 112//597 57//597
f 613//597 57//597 611//597
f 611//547 57//547 59//547
f 611//547 59//547 752//547
f 752//547 59//547 751//547
f 751//547 59//547 753//547
f 191//598 192//598 789//598
f 789//599 192//599 194//599
f 789//600 194//600 196//600
f 196//601 197//601 789//601
f 789//602 197//602 199//602
f 789//603 199//603 201//603
f 201//604 203//604 789//604
f 789//605 203//605 1176//605
f 1176//606 203//606 204//606
f 1176//607 204//607 206//607
f 206//608 208//608 1176//608
f 1176//609 208//609 210//609
f 1176//610 210//610 211//610
f 211//611 213//611 1176//611
f 1176//612 213//612 215//612
f 1176//547 215//547 399//547
f 399//547 215//547 397//547
f 397//613 215//613 217//613
f 397//613 217//613 395//613
f 395//547 217//547 219//547
f 395//547 219//547 394//547
f 394//614 219//614 220//614
f 394//614 220//614 392//614
f 392//615 220//615 222//615
f 392//616 222//616 390//616
f 390//617 222//617 224//617
f 390//618 224//618 388//618
f 388//547 224//547 226//547
f 388//547 226//547 387//547
f 387//619 226//619 227//619
f 387//620 227//620 385//620
f 385//547 227//547 229//547
f 385//547 229//547 383//547
f 383//547 229//547 231//547
f 383//547 231//547 381//547
f 381//621 231//621 232//621
f 381//622 232//622 380//622
f 380//547 232//547 234//547
f 380//547 234//547 378//547
f 378//547 234//547 236//547
f 378//547 236//547 376//547
f 376//623 236//623 238//623
f 376//623 238//623 375//623
f 375//547 238//547 240//547
f 375//547 240//547 373//547
f 373//624 240//624 185//624
f 373//624 185//624 371//624
f 371//547 185//547 187//547
f 641//625 643//625 1118//625
f 1118//626 643//626 644//626
f 1118//627 644//627 646//627
f 646//628 648//628 1118//628
f 1118//629 648//629 650//629
f 1118//630 650//630 651//630
f 1118//631 651//631 870//631
f 870//632 651//632 653//632
f 870//633 653//633 655//633
f 655//634 656//634 870//634
f 870//635 656//635 658//635
f 870//636 658//636 660//636
f 660//637 662//637 870//637
f 870//638 662//638 664//638
f 870//639 664//639 609//639
f 609//640 611//640 870//640
f 870//547 611//547 840//547
f 840//547 611//547 825//547
f 825//547 611//547 784//547
f 784//547 611//547 752//547
f 738//498 737//498 974//498
f 974//498 737//498 973//498
f 770//501 772//501 1002//501
f 1002//501 772//501 1000//501
f 1000//502 772//502 774//502
f 1000//502 774//502 998//502
f 998//503 774//503 996//503
f 996//503 774//503 776//503
f 996//504 776//504 778//504
f 780//505 992//505 778//505
f 778//505 992//505 994//505
f 778//504 994//504 996//504
f 780//506 782//506 992//506
f 992//506 782//506 990//506
f 990//507 782//507 960//507
f 960//507 782//507 752//507
f 960//508 752//508 750//508
f 748//509 964//509 750//509
f 750//509 964//509 962//509
f 750//508 962//508 960//508
f 748//510 746//510 964//510
f 964//510 746//510 966//510
f 966//511 746//511 968//511
f 968//511 746//511 744//511
f 968//512 744//512 742//512
f 740//513 972//513 742//513
f 742//513 972//513 970//513
f 742//512 970//512 968//512
f 740//514 738//514 972//514
f 972//514 738//514 974//514
f 1177//641 941//641 1178//641
f 1178//641 941//641 943//641
f 1178//642 943//642 1179//642
f 1179//642 943//642 945//642
f 1179//643 945//643 947//643
f 1179//644 947//644 1180//644
f 1180//645 947//645 949//645
f 1180//646 949//646 951//646
f 951//647 953//647 1180//647
f 1180//648 953//648 1181//648
f 1181//649 953//649 955//649
f 1181//650 955//650 957//650
f 1181//651 957//651 1182//651
f 1182//652 957//652 928//652
f 1182//653 928//653 925//653
f 1182//653 925//653 1183//653
f 1183//654 925//654 921//654
f 1183//654 921//654 1184//654
f 1184//655 921//655 918//655
f 1184//655 918//655 1185//655
f 1185//656 918//656 1186//656
f 1186//657 918//657 916//657
f 1186//658 916//658 1187//658
f 737//501 739//501 973//501
f 973//501 739//501 971//501
f 971//502 739//502 741//502
f 971//502 741//502 969//502
f 969//503 741//503 967//503
f 967//503 741//503 743//503
f 967//504 743//504 745//504
f 747//505 963//505 745//505
f 745//505 963//505 965//505
f 745//504 965//504 967//504
f 747//506 749//506 963//506
f 963//506 749//506 961//506
f 961//507 749//507 929//507
f 929//507 749//507 751//507
f 929//508 751//508 755//508
f 757//509 932//509 755//509
f 755//509 932//509 930//509
f 755//508 930//508 929//508
f 757//510 759//510 932//510
f 932//510 759//510 933//510
f 933//511 759//511 935//511
f 935//511 759//511 760//511
f 935//512 760//512 763//512
f 765//513 938//513 763//513
f 763//513 938//513 936//513
f 763//512 936//512 935//512
f 765//514 769//514 938//514
f 938//514 769//514 940//514
f 1188//641 915//641 1189//641
f 1189//641 915//641 917//641
f 1189//642 917//642 1190//642
f 1190//642 917//642 919//642
f 1190//643 919//643 920//643
f 1190//659 920//659 1191//659
f 1191//660 920//660 922//660
f 1191//646 922//646 923//646
f 923//647 924//647 1191//647
f 1191//661 924//661 1192//661
f 1192//649 924//649 926//649
f 1192//650 926//650 927//650
f 1192//662 927//662 1193//662
f 1193//652 927//652 913//652
f 1193//653 913//653 910//653
f 1193//653 910//653 1194//653
f 1194//654 910//654 906//654
f 1194//654 906//654 1195//654
f 1195//655 906//655 903//655
f 1195//655 903//655 1196//655
f 1196//656 903//656 1197//656
f 1197//663 903//663 901//663
f 1197//658 901//658 1198//658
f 1057//664 1039//664 1130//664
f 1130//664 1039//664 1018//664
f 1130//664 1018//664 989//664
f 989//664 960//664 1130//664
f 1130//664 960//664 929//664
f 1130//664 929//664 914//664
f 914//664 913//664 1130//664
f 1130//664 913//664 928//664
f 1130//664 928//664 959//664
f 1130//664 959//664 1199//664
f 1199//664 959//664 988//664
f 1199//664 988//664 1017//664
f 1017//664 1034//664 1199//664
f 912//652 914//652 1200//652
f 1200//653 914//653 931//653
f 1200//653 931//653 1201//653
f 1201//654 931//654 934//654
f 1201//654 934//654 1202//654
f 1202//655 934//655 937//655
f 1202//655 937//655 1203//655
f 1203//656 937//656 1204//656
f 1204//665 937//665 939//665
f 1204//658 939//658 1205//658
f 1200//666 1206//666 912//666
f 912//650 1206//650 911//650
f 911//649 1206//649 909//649
f 909//667 1206//667 1207//667
f 909//647 1207//647 908//647
f 908//646 1207//646 907//646
f 907//668 1207//668 905//668
f 905//669 1207//669 1208//669
f 905//643 1208//643 904//643
f 904//642 1208//642 902//642
f 902//642 1208//642 1209//642
f 902//641 1209//641 900//641
f 900//641 1209//641 1210//641
f 1064//670 877//670 1211//670
f 1211//498 877//498 876//498
f 1211//671 876//671 1212//671
f 1212//672 876//672 1213//672
f 1212//673 1213//673 1214//673
f 1214//674 1213//674 1215//674
f 1215//675 1213//675 1216//675
f 1215//676 1216//676 1217//676
f 1217//677 1216//677 1218//677
f 1217//678 1218//678 1219//678
f 1054//679 1220//679 876//679
f 876//680 1220//680 1221//680
f 876//681 1221//681 1213//681
f 1056//498 1222//498 1054//498
f 1054//682 1222//682 1223//682
f 1054//683 1223//683 1224//683
f 1224//684 1223//684 1225//684
f 1224//685 1225//685 1226//685
f 1056//686 1084//686 1222//686
f 1222//687 1084//687 1227//687
f 1227//688 1084//688 1082//688
f 1227//689 1082//689 1228//689
f 1228//690 1082//690 1080//690
f 1228//691 1080//691 1229//691
f 1229//692 1080//692 1078//692
f 1229//693 1078//693 1230//693
f 1230//694 1078//694 1076//694
f 1230//695 1076//695 1231//695
f 1231//696 1076//696 1074//696
f 1231//697 1074//697 1232//697
f 1232//697 1074//697 1233//697
f 1233//698 1074//698 1072//698
f 1233//699 1072//699 1234//699
f 1234//700 1072//700 1070//700
f 1234//701 1070//701 1235//701
f 1235//702 1070//702 1068//702
f 1235//703 1068//703 1236//703
f 1236//704 1068//704 1066//704
f 1236//705 1066//705 1237//705
f 1237//706 1066//706 1064//706
f 1237//707 1064//707 1211//707
f 1238//708 1239//708 1220//708
f 1220//709 1239//709 1240//709
f 1220//710 1240//710 1241//710
f 1241//711 1242//711 1220//711
f 1220//712 1242//712 1243//712
f 1220//713 1243//713 1221//713
f 1221//714 1243//714 1244//714
f 1221//715 1244//715 1245//715
f 1245//716 1246//716 1221//716
f 1221//717 1246//717 1247//717
f 1221//718 1247//718 1248//718
f 1217//719 1219//719 1249//719
f 1249//720 1219//720 1250//720
f 1249//721 1250//721 1251//721
f 1251//722 1250//722 1252//722
f 1251//723 1252//723 1253//723
f 1253//724 1252//724 1254//724
f 1253//725 1254//725 1255//725
f 1253//726 1255//726 1256//726
f 1256//727 1255//727 1257//727
f 1256//728 1257//728 1258//728
f 1258//729 1257//729 1259//729
f 1258//730 1259//730 1260//730
f 1260//731 1259//731 1261//731
f 1260//732 1261//732 1262//732
f 1260//733 1262//733 1226//733
f 1226//734 1262//734 1224//734
f 1224//735 1220//735 1054//735
f 1037//498 1263//498 1038//498
f 1038//736 1263//736 1264//736
f 1038//498 1264//498 1265//498
f 1265//498 1264//498 1266//498
f 1266//498 1264//498 1267//498
f 1266//498 1267//498 1268//498
f 1268//498 1267//498 1269//498
f 1268//498 1269//498 1270//498
f 1270//498 1269//498 1271//498
f 1270//498 1271//498 1272//498
f 1272//737 1271//737 1273//737
f 1273//738 1271//738 1274//738
f 1274//739 1271//739 1275//739
f 1275//740 1271//740 1276//740
f 1276//741 1271//741 1277//741
f 1276//742 1277//742 1278//742
f 1278//743 1277//743 1279//743
f 1279//744 1277//744 1280//744
f 1280//745 1277//745 1281//745
f 1281//746 1277//746 1282//746
f 1281//747 1282//747 1283//747
f 1037//748 1132//748 1263//748
f 1263//749 1132//749 1284//749
f 1284//750 1132//750 1285//750
f 1284//736 1285//736 1269//736
f 1132//751 1142//751 1285//751
f 1285//752 1142//752 1286//752
f 1286//753 1142//753 1154//753
f 1286//754 1154//754 1287//754
f 1287//755 1154//755 1164//755
f 1287//756 1164//756 1288//756
f 1288//757 1164//757 1165//757
f 1288//758 1165//758 1289//758
f 1289//759 1165//759 1290//759
f 1290//760 1165//760 1175//760
f 1290//761 1175//761 787//761
f 787//498 1175//498 785//498
f 785//762 1175//762 1153//762
f 1153//763 1175//763 942//763
f 1153//498 942//498 941//498
f 1004//498 1006//498 1142//498
f 1142//764 1006//764 1154//764
f 975//498 977//498 1164//498
f 1164//765 977//765 1165//765
f 941//766 1177//766 1153//766
f 1153//767 1177//767 768//767
f 768//498 1177//498 769//498
f 769//768 1177//768 1187//768
f 769//769 1187//769 1188//769
f 1188//770 1187//770 916//770
f 1188//498 916//498 915//498
f 1188//771 1198//771 769//771
f 769//772 1198//772 940//772
f 940//773 1198//773 1210//773
f 940//774 1210//774 1205//774
f 1198//775 901//775 1210//775
f 1210//498 901//498 900//498
f 1205//498 939//498 940//498
f 1106//776 1291//776 787//776
f 787//498 1291//498 1292//498
f 787//736 1292//736 1290//736
f 1291//777 1106//777 1293//777
f 1293//778 1106//778 1104//778
f 1293//779 1104//779 1294//779
f 1294//780 1104//780 1102//780
f 1294//781 1102//781 1295//781
f 1295//782 1102//782 1100//782
f 1295//783 1100//783 1296//783
f 1296//784 1100//784 1098//784
f 1296//785 1098//785 1297//785
f 1297//786 1098//786 1096//786
f 1297//498 1096//498 1298//498
f 1298//498 1096//498 1299//498
f 1299//787 1096//787 1094//787
f 1299//788 1094//788 1300//788
f 1300//789 1094//789 1092//789
f 1300//790 1092//790 1301//790
f 1301//791 1092//791 1090//791
f 1301//792 1090//792 1302//792
f 1302//793 1090//793 1088//793
f 1302//794 1088//794 1303//794
f 1303//795 1088//795 1086//795
f 1303//796 1086//796 1265//796
f 1265//797 1086//797 1038//797
f 1271//798 1286//798 1277//798
f 1277//799 1286//799 1287//799
f 1289//798 1304//798 1288//798
f 1288//800 1304//800 1305//800
f 1305//498 1304//498 1306//498
f 1305//498 1306//498 1307//498
f 1307//801 1306//801 1308//801
f 1307//802 1308//802 1309//802
f 1306//498 1304//498 1291//498
f 1291//498 1304//498 1292//498
f 1282//746 1277//746 1307//746
f 1307//498 1277//498 1305//498
f 1267//736 1284//736 1269//736
f 1307//803 1309//803 1310//803
f 1310//804 1309//804 1311//804
f 1310//805 1311//805 1312//805
f 1312//806 1311//806 1313//806
f 1313//807 1311//807 1314//807
f 1313//808 1314//808 1315//808
f 1315//809 1314//809 1316//809
f 1315//810 1316//810 1317//810
f 1317//811 1316//811 1318//811
f 1317//498 1318//498 1319//498
f 1319//498 1318//498 1320//498
f 1320//812 1318//812 1321//812
f 1320//722 1321//722 1322//722
f 1322//813 1321//813 1323//813
f 1322//814 1323//814 1324//814
f 1324//815 1323//815 1325//815
f 1324//816 1325//816 1326//816
f 1326//817 1325//817 1327//817
f 1327//818 1325//818 1328//818
f 1327//819 1328//819 1268//819
f 1268//820 1328//820 1329//820
f 1268//821 1329//821 1266//821
f 1272//822 1330//822 1270//822
f 1198//823 1188//823 1197//823
f 1197//824 1188//824 1189//824
f 1197//825 1189//825 1196//825
f 1196//826 1189//826 1190//826
f 1196//827 1190//827 1195//827
f 1195//828 1190//828 1191//828
f 1195//829 1191//829 1194//829
f 1194//830 1191//830 1192//830
f 1194//831 1192//831 1193//831
f 798//832 797//832 1112//832
f 1112//833 797//833 843//833
f 1112//833 843//833 1111//833
f 1111//834 843//834 846//834
f 1111//834 846//834 1110//834
f 1110//835 846//835 850//835
f 1110//835 850//835 1109//835
f 1109//642 850//642 1108//642
f 1108//836 850//836 854//836
f 1108//641 854//641 1107//641
f 1112//837 1113//837 798//837
f 798//838 1113//838 800//838
f 800//839 1113//839 801//839
f 801//840 1113//840 1114//840
f 801//841 1114//841 803//841
f 803//842 1114//842 804//842
f 804//843 1114//843 805//843
f 805//844 1114//844 1115//844
f 805//845 1115//845 807//845
f 807//656 1115//656 808//656
f 808//656 1115//656 1116//656
f 808//658 1116//658 809//658
f 809//658 1116//658 1117//658
f 1175//846 1165//846 1174//846
f 1174//847 1165//847 1166//847
f 1174//848 1166//848 1173//848
f 1173//849 1166//849 1167//849
f 1173//850 1167//850 1172//850
f 1172//851 1167//851 1168//851
f 1172//852 1168//852 1171//852
f 1171//853 1168//853 1169//853
f 1171//854 1169//854 1170//854
f 1142//846 1132//846 1141//846
f 1141//847 1132//847 1133//847
f 1141//848 1133//848 1140//848
f 1140//849 1133//849 1134//849
f 1140//850 1134//850 1139//850
f 1139//851 1134//851 1135//851
f 1139//852 1135//852 1138//852
f 1138//853 1135//853 1136//853
f 1138//854 1136//854 1137//854
f 1164//855 1154//855 1163//855
f 1163//856 1154//856 1155//856
f 1163//848 1155//848 1162//848
f 1162//849 1155//849 1156//849
f 1162//850 1156//850 1161//850
f 1161//851 1156//851 1157//851
f 1161//852 1157//852 1160//852
f 1160//853 1157//853 1158//853
f 1160//854 1158//854 1159//854
f 754//832 753//832 1148//832
f 1148//833 753//833 799//833
f 1148//833 799//833 1147//833
f 1147//834 799//834 802//834
f 1147//834 802//834 1146//834
f 1146//835 802//835 806//835
f 1146//835 806//835 1145//835
f 1145//642 806//642 1144//642
f 1144//857 806//857 810//857
f 1144//641 810//641 1143//641
f 1148//858 1149//858 754//858
f 754//838 1149//838 756//838
f 756//839 1149//839 758//839
f 758//859 1149//859 1150//859
f 758//841 1150//841 761//841
f 761//842 1150//842 762//842
f 762//860 1150//860 764//860
f 764//861 1150//861 1151//861
f 764//845 1151//845 766//845
f 766//656 1151//656 767//656
f 767//656 1151//656 1152//656
f 767//658 1152//658 768//658
f 768//658 1152//658 1153//658
f 842//832 841//832 1331//832
f 1331//833 841//833 879//833
f 1331//833 879//833 1332//833
f 1332//834 879//834 881//834
f 1332//834 881//834 1333//834
f 1333//835 881//835 883//835
f 1333//835 883//835 1334//835
f 1334//642 883//642 1335//642
f 1335//862 883//862 885//862
f 1335//641 885//641 1336//641
f 1331//863 1337//863 842//863
f 842//838 1337//838 844//838
f 844//839 1337//839 845//839
f 845//864 1337//864 1338//864
f 845//841 1338//841 847//841
f 847//842 1338//842 848//842
f 848//865 1338//865 849//865
f 849//866 1338//866 1339//866
f 849//845 1339//845 851//845
f 851//656 1339//656 852//656
f 852//656 1339//656 1340//656
f 852//658 1340//658 853//658
f 853//658 1340//658 1131//658
f 880//473 878//473 1331//473
f 1331//474 878//474 899//474
f 1331//867 899//867 1337//867
f 1337//476 899//476 898//476
f 1337//477 898//477 896//477
f 1337//868 896//868 1338//868
f 1338//479 896//479 895//479
f 1338//480 895//480 894//480
f 894//869 892//869 1338//869
f 1338//870 892//870 1339//870
f 1339//483 892//483 891//483
f 1339//484 891//484 888//484
f 1339//484 888//484 1340//484
f 1340//485 888//485 887//485
f 1340//485 887//485 1131//485
f 1331//473 1332//473 880//473
f 880//472 1332//472 882//472
f 882//472 1332//472 1333//472
f 882//471 1333//471 884//471
f 884//471 1333//471 1334//471
f 884//470 1334//470 1335//470
f 1336//468 886//468 1335//468
f 1335//871 886//871 884//871
f 1187//823 1177//823 1186//823
f 1186//824 1177//824 1178//824
f 1186//825 1178//825 1185//825
f 1185//826 1178//826 1179//826
f 1185//827 1179//827 1184//827
f 1184//828 1179//828 1180//828
f 1184//829 1180//829 1183//829
f 1183//830 1180//830 1181//830
f 1183//831 1181//831 1182//831
f 1205//872 1210//872 1204//872
f 1204//824 1210//824 1209//824
f 1204//825 1209//825 1203//825
f 1203//826 1209//826 1208//826
f 1203//827 1208//827 1202//827
f 1202//828 1208//828 1207//828
f 1202//829 1207//829 1201//829
f 1201//830 1207//830 1206//830
f 1201//831 1206//831 1200//831
f 885//498 886//498 1336//498
f 1237//873 1211//873 1341//873
f 1341//874 1211//874 1342//874
f 1341//875 1342//875 1343//875
f 1344//876 1345//876 1343//876
f 1343//877 1345//877 1346//877
f 1343//878 1346//878 1341//878
f 1341//879 1346//879 1347//879
f 1341//880 1347//880 1237//880
f 1237//881 1347//881 1236//881
f 1236//882 1347//882 1348//882
f 1236//883 1348//883 1235//883
f 1235//884 1348//884 1349//884
f 1235//885 1349//885 1234//885
f 1234//886 1349//886 1350//886
f 1234//887 1350//887 1233//887
f 1233//888 1350//888 1351//888
f 1233//889 1351//889 1232//889
f 1232//890 1351//890 1352//890
f 1232//891 1352//891 1231//891
f 1231//892 1352//892 1353//892
f 1231//893 1353//893 1230//893
f 1230//894 1353//894 1354//894
f 1230//895 1354//895 1229//895
f 1229//896 1354//896 1355//896
f 1229//897 1355//897 1228//897
f 1228//898 1355//898 1356//898
f 1228//899 1356//899 1227//899
f 1227//900 1356//900 1357//900
f 1227//901 1357//901 1222//901
f 1345//902 1344//902 1358//902
f 1358//903 1344//903 1359//903
f 1358//904 1359//904 1360//904
f 1360//905 1359//905 1361//905
f 1360//906 1361//906 1362//906
f 1362//907 1361//907 1363//907
f 1362//908 1363//908 1364//908
f 1364//909 1363//909 1365//909
f 1364//910 1365//910 1366//910
f 1366//911 1365//911 1367//911
f 1366//912 1367//912 1368//912
f 1368//913 1367//913 1214//913
f 1368//914 1214//914 1215//914
f 1367//915 1212//915 1214//915
f 1368//916 1215//916 1369//916
f 1369//917 1215//917 1217//917
f 1369//918 1217//918 1370//918
f 1370//919 1217//919 1249//919
f 1370//920 1249//920 1371//920
f 1371//921 1249//921 1251//921
f 1371//922 1251//922 1372//922
f 1372//923 1251//923 1253//923
f 1372//924 1253//924 1373//924
f 1373//925 1253//925 1256//925
f 1373//926 1256//926 1374//926
f 1374//927 1256//927 1258//927
f 1374//928 1258//928 1375//928
f 1375//929 1258//929 1260//929
f 1375//930 1260//930 1376//930
f 1376//931 1260//931 1226//931
f 1376//932 1226//932 1377//932
f 1377//933 1226//933 1225//933
f 1377//934 1225//934 1378//934
f 1378//935 1225//935 1223//935
f 1378//936 1223//936 1379//936
f 1378//937 1379//937 1380//937
f 1380//938 1379//938 1381//938
f 1380//939 1381//939 1382//939
f 1382//940 1381//940 1383//940
f 1382//941 1383//941 1384//941
f 1384//942 1383//942 1385//942
f 1384//943 1385//943 1386//943
f 1386//944 1385//944 1387//944
f 1386//945 1387//945 1388//945
f 1388//946 1387//946 1389//946
f 1388//947 1389//947 1390//947
f 1390//948 1389//948 1391//948
f 1390//949 1391//949 1392//949
f 1392//950 1391//950 1357//950
f 1392//951 1357//951 1356//951
f 1373//952 1393//952 1372//952
f 1372//953 1393//953 1394//953
f 1372//954 1394//954 1371//954
f 1371//955 1394//955 1395//955
f 1371//956 1395//956 1370//956
f 1370//957 1395//957 1396//957
f 1370//958 1396//958 1369//958
f 1369//959 1396//959 1397//959
f 1369//960 1397//960 1368//960
f 1368//961 1397//961 1366//961
f 1393//962 1398//962 1394//962
f 1394//963 1398//963 1399//963
f 1394//964 1399//964 1395//964
f 1395//965 1399//965 1400//965
f 1395//966 1400//966 1396//966
f 1396//967 1400//967 1401//967
f 1396//968 1401//968 1397//968
f 1397//969 1401//969 1402//969
f 1397//970 1402//970 1364//970
f 1364//971 1402//971 1362//971
f 1393//972 1373//972 1403//972
f 1403//973 1373//973 1374//973
f 1403//974 1374//974 1404//974
f 1404//975 1374//975 1375//975
f 1404//976 1375//976 1405//976
f 1405//977 1375//977 1376//977
f 1405//978 1376//978 1406//978
f 1406//979 1376//979 1377//979
f 1406//980 1377//980 1380//980
f 1380//981 1377//981 1378//981
f 1398//982 1407//982 1399//982
f 1399//983 1407//983 1408//983
f 1399//984 1408//984 1400//984
f 1400//985 1408//985 1409//985
f 1400//986 1409//986 1401//986
f 1401//987 1409//987 1410//987
f 1401//988 1410//988 1402//988
f 1402//989 1410//989 1411//989
f 1402//990 1411//990 1362//990
f 1362//991 1411//991 1360//991
f 1393//992 1403//992 1398//992
f 1398//993 1403//993 1412//993
f 1398//994 1412//994 1407//994
f 1407//995 1412//995 1413//995
f 1407//996 1413//996 1414//996
f 1414//997 1413//997 1415//997
f 1414//998 1415//998 1416//998
f 1416//999 1415//999 1417//999
f 1416//1000 1417//1000 1418//1000
f 1418//1001 1417//1001 1419//1001
f 1418//1002 1419//1002 1420//1002
f 1420//1003 1419//1003 1421//1003
f 1420//1004 1421//1004 1352//1004
f 1352//1005 1421//1005 1353//1005
f 1407//1006 1414//1006 1408//1006
f 1408//1007 1414//1007 1422//1007
f 1408//1008 1422//1008 1409//1008
f 1409//1009 1422//1009 1423//1009
f 1409//1010 1423//1010 1410//1010
f 1410//1011 1423//1011 1424//1011
f 1410//1012 1424//1012 1425//1012
f 1425//1013 1424//1013 1426//1013
f 1425//1014 1426//1014 1358//1014
f 1358//1015 1426//1015 1345//1015
f 1414//1016 1416//1016 1422//1016
f 1422//1017 1416//1017 1427//1017
f 1422//1018 1427//1018 1423//1018
f 1423//1019 1427//1019 1428//1019
f 1423//1020 1428//1020 1424//1020
f 1424//1021 1428//1021 1429//1021
f 1424//1022 1429//1022 1426//1022
f 1426//1023 1429//1023 1430//1023
f 1426//1024 1430//1024 1345//1024
f 1345//1025 1430//1025 1346//1025
f 1416//1026 1418//1026 1427//1026
f 1427//1027 1418//1027 1431//1027
f 1427//1028 1431//1028 1428//1028
f 1428//1029 1431//1029 1432//1029
f 1428//1030 1432//1030 1433//1030
f 1433//1031 1432//1031 1434//1031
f 1433//1032 1434//1032 1435//1032
f 1435//1033 1434//1033 1348//1033
f 1435//1034 1348//1034 1347//1034
f 1418//1035 1420//1035 1431//1035
f 1431//1036 1420//1036 1436//1036
f 1431//1037 1436//1037 1432//1037
f 1432//1038 1436//1038 1437//1038
f 1432//1039 1437//1039 1434//1039
f 1434//1040 1437//1040 1349//1040
f 1434//1041 1349//1041 1348//1041
f 1420//1042 1351//1042 1436//1042
f 1436//1043 1351//1043 1350//1043
f 1436//1044 1350//1044 1437//1044
f 1437//1045 1350//1045 1349//1045
f 1351//1046 1420//1046 1352//1046
f 1397//1047 1364//1047 1366//1047
f 1425//1048 1358//1048 1360//1048
f 1425//1049 1360//1049 1411//1049
f 1435//1050 1347//1050 1346//1050
f 1410//1051 1425//1051 1411//1051
f 1433//1052 1435//1052 1430//1052
f 1430//1053 1435//1053 1346//1053
f 1433//1054 1430//1054 1429//1054
f 1428//1055 1433//1055 1429//1055
f 1412//1056 1403//1056 1438//1056
f 1438//1057 1403//1057 1404//1057
f 1438//1058 1404//1058 1439//1058
f 1439//1059 1404//1059 1405//1059
f 1439//1060 1405//1060 1440//1060
f 1440//1061 1405//1061 1406//1061
f 1440//1062 1406//1062 1382//1062
f 1382//1063 1406//1063 1380//1063
f 1413//1064 1412//1064 1441//1064
f 1441//1065 1412//1065 1438//1065
f 1441//1066 1438//1066 1442//1066
f 1442//1067 1438//1067 1439//1067
f 1442//1068 1439//1068 1443//1068
f 1443//1069 1439//1069 1440//1069
f 1443//1070 1440//1070 1384//1070
f 1384//1071 1440//1071 1382//1071
f 1413//1072 1441//1072 1415//1072
f 1415//1073 1441//1073 1444//1073
f 1415//1074 1444//1074 1417//1074
f 1417//1075 1444//1075 1445//1075
f 1417//1076 1445//1076 1419//1076
f 1419//1077 1445//1077 1446//1077
f 1419//1078 1446//1078 1421//1078
f 1421//1079 1446//1079 1447//1079
f 1421//1080 1447//1080 1353//1080
f 1353//1081 1447//1081 1354//1081
f 1444//1082 1441//1082 1448//1082
f 1448//1083 1441//1083 1442//1083
f 1448//1084 1442//1084 1449//1084
f 1449//1085 1442//1085 1443//1085
f 1449//1086 1443//1086 1386//1086
f 1386//1087 1443//1087 1384//1087
f 1445//1088 1444//1088 1450//1088
f 1450//1089 1444//1089 1448//1089
f 1450//1090 1448//1090 1451//1090
f 1451//1091 1448//1091 1449//1091
f 1451//1092 1449//1092 1388//1092
f 1388//1093 1449//1093 1386//1093
f 1445//1094 1450//1094 1446//1094
f 1446//1095 1450//1095 1452//1095
f 1446//1096 1452//1096 1447//1096
f 1447//1097 1452//1097 1453//1097
f 1447//1098 1453//1098 1354//1098
f 1354//1099 1453//1099 1355//1099
f 1452//1100 1450//1100 1454//1100
f 1454//1101 1450//1101 1451//1101
f 1454//1102 1451//1102 1390//1102
f 1390//1103 1451//1103 1388//1103
f 1453//1104 1452//1104 1455//1104
f 1455//1105 1452//1105 1454//1105
f 1455//1106 1454//1106 1392//1106
f 1392//1107 1454//1107 1390//1107
f 1356//1108 1355//1108 1455//1108
f 1455//1109 1355//1109 1453//1109
f 1356//1110 1455//1110 1392//1110
f 1222//1111 1357//1111 1223//1111
f 1223//1112 1357//1112 1379//1112
f 1379//1112 1357//1112 1381//1112
f 1381//1112 1357//1112 1391//1112
f 1381//1112 1391//1112 1383//1112
f 1383//1112 1391//1112 1389//1112
f 1383//1112 1389//1112 1385//1112
f 1385//1112 1389//1112 1387//1112
f 1211//1113 1212//1113 1342//1113
f 1342//1112 1212//1112 1367//1112
f 1342//1112 1367//1112 1365//1112
f 1342//1112 1365//1112 1343//1112
f 1343//1112 1365//1112 1363//1112
f 1343//1112 1363//1112 1344//1112
f 1344//1112 1363//1112 1361//1112
f 1344//1112 1361//1112 1359//1112
f 1216//1114 1213//1114 1456//1114
f 1456//1115 1213//1115 1457//1115
f 1456//1116 1457//1116 1458//1116
f 1459//1117 1460//1117 1458//1117
f 1458//1118 1460//1118 1461//1118
f 1458//1119 1461//1119 1456//1119
f 1456//1120 1461//1120 1462//1120
f 1456//1121 1462//1121 1216//1121
f 1216//1122 1462//1122 1218//1122
f 1218//1123 1462//1123 1463//1123
f 1218//1124 1463//1124 1219//1124
f 1219//1125 1463//1125 1464//1125
f 1219//1126 1464//1126 1250//1126
f 1250//1127 1464//1127 1465//1127
f 1250//1128 1465//1128 1252//1128
f 1252//1129 1465//1129 1466//1129
f 1252//1130 1466//1130 1254//1130
f 1254//1131 1466//1131 1467//1131
f 1254//1132 1467//1132 1255//1132
f 1255//1133 1467//1133 1468//1133
f 1255//1134 1468//1134 1257//1134
f 1257//1135 1468//1135 1469//1135
f 1257//1136 1469//1136 1259//1136
f 1259//1137 1469//1137 1470//1137
f 1259//1138 1470//1138 1261//1138
f 1261//1139 1470//1139 1471//1139
f 1261//1140 1471//1140 1262//1140
f 1262//1141 1471//1141 1472//1141
f 1262//901 1472//901 1224//901
f 1460//1142 1459//1142 1473//1142
f 1473//1143 1459//1143 1474//1143
f 1473//1144 1474//1144 1475//1144
f 1475//1145 1474//1145 1476//1145
f 1475//1146 1476//1146 1477//1146
f 1477//1147 1476//1147 1478//1147
f 1477//1148 1478//1148 1479//1148
f 1479//1149 1478//1149 1480//1149
f 1479//1150 1480//1150 1481//1150
f 1481//1151 1480//1151 1482//1151
f 1481//1152 1482//1152 1483//1152
f 1483//1153 1482//1153 1248//1153
f 1483//1154 1248//1154 1247//1154
f 1482//915 1221//915 1248//915
f 1483//1155 1247//1155 1484//1155
f 1484//1156 1247//1156 1246//1156
f 1484//1157 1246//1157 1485//1157
f 1485//1158 1246//1158 1245//1158
f 1485//1159 1245//1159 1486//1159
f 1486//1160 1245//1160 1244//1160
f 1486//1161 1244//1161 1487//1161
f 1487//1162 1244//1162 1243//1162
f 1487//1163 1243//1163 1488//1163
f 1488//1164 1243//1164 1242//1164
f 1488//1165 1242//1165 1489//1165
f 1489//1166 1242//1166 1241//1166
f 1489//1167 1241//1167 1490//1167
f 1490//1168 1241//1168 1240//1168
f 1490//1169 1240//1169 1491//1169
f 1491//1170 1240//1170 1239//1170
f 1491//1171 1239//1171 1492//1171
f 1492//1172 1239//1172 1238//1172
f 1492//1173 1238//1173 1493//1173
f 1493//1174 1238//1174 1220//1174
f 1493//1175 1220//1175 1494//1175
f 1493//1176 1494//1176 1495//1176
f 1495//1177 1494//1177 1496//1177
f 1495//1178 1496//1178 1497//1178
f 1497//1179 1496//1179 1498//1179
f 1497//1180 1498//1180 1499//1180
f 1499//1181 1498//1181 1500//1181
f 1499//1182 1500//1182 1501//1182
f 1501//1183 1500//1183 1502//1183
f 1501//1184 1502//1184 1503//1184
f 1503//1185 1502//1185 1504//1185
f 1503//1186 1504//1186 1505//1186
f 1505//1187 1504//1187 1506//1187
f 1505//1188 1506//1188 1507//1188
f 1507//1189 1506//1189 1472//1189
f 1507//1190 1472//1190 1471//1190
f 1488//1191 1508//1191 1487//1191
f 1487//1192 1508//1192 1509//1192
f 1487//1193 1509//1193 1486//1193
f 1486//1194 1509//1194 1510//1194
f 1486//1195 1510//1195 1485//1195
f 1485//1196 1510//1196 1511//1196
f 1485//1197 1511//1197 1484//1197
f 1484//1198 1511//1198 1512//1198
f 1484//1199 1512//1199 1483//1199
f 1483//1200 1512//1200 1481//1200
f 1508//1201 1513//1201 1509//1201
f 1509//1202 1513//1202 1514//1202
f 1509//1203 1514//1203 1510//1203
f 1510//1204 1514//1204 1515//1204
f 1510//1205 1515//1205 1511//1205
f 1511//1206 1515//1206 1516//1206
f 1511//1207 1516//1207 1512//1207
f 1512//1208 1516//1208 1517//1208
f 1512//1209 1517//1209 1479//1209
f 1479//1210 1517//1210 1477//1210
f 1508//1211 1488//1211 1518//1211
f 1518//1212 1488//1212 1489//1212
f 1518//1213 1489//1213 1519//1213
f 1519//1214 1489//1214 1490//1214
f 1519//1215 1490//1215 1520//1215
f 1520//1216 1490//1216 1491//1216
f 1520//1217 1491//1217 1521//1217
f 1521//1218 1491//1218 1492//1218
f 1521//1219 1492//1219 1495//1219
f 1495//1220 1492//1220 1493//1220
f 1513//1221 1522//1221 1514//1221
f 1514//1222 1522//1222 1523//1222
f 1514//1223 1523//1223 1515//1223
f 1515//1224 1523//1224 1524//1224
f 1515//1225 1524//1225 1516//1225
f 1516//1226 1524//1226 1525//1226
f 1516//1227 1525//1227 1517//1227
f 1517//1228 1525//1228 1526//1228
f 1517//1229 1526//1229 1477//1229
f 1477//1230 1526//1230 1475//1230
f 1508//1231 1518//1231 1513//1231
f 1513//1232 1518//1232 1527//1232
f 1513//1233 1527//1233 1522//1233
f 1522//1234 1527//1234 1528//1234
f 1522//1235 1528//1235 1529//1235
f 1529//1236 1528//1236 1530//1236
f 1529//1237 1530//1237 1531//1237
f 1531//1238 1530//1238 1532//1238
f 1531//1239 1532//1239 1533//1239
f 1533//1240 1532//1240 1534//1240
f 1533//1241 1534//1241 1535//1241
f 1535//1242 1534//1242 1536//1242
f 1535//1243 1536//1243 1467//1243
f 1467//1244 1536//1244 1468//1244
f 1522//1245 1529//1245 1523//1245
f 1523//1246 1529//1246 1537//1246
f 1523//1247 1537//1247 1524//1247
f 1524//1248 1537//1248 1538//1248
f 1524//1249 1538//1249 1525//1249
f 1525//1250 1538//1250 1539//1250
f 1525//1251 1539//1251 1540//1251
f 1540//1252 1539//1252 1541//1252
f 1540//1253 1541//1253 1473//1253
f 1473//1254 1541//1254 1460//1254
f 1529//1255 1531//1255 1537//1255
f 1537//1256 1531//1256 1542//1256
f 1537//1257 1542//1257 1538//1257
f 1538//1258 1542//1258 1543//1258
f 1538//1259 1543//1259 1539//1259
f 1539//1260 1543//1260 1544//1260
f 1539//1261 1544//1261 1541//1261
f 1541//1262 1544//1262 1545//1262
f 1541//1263 1545//1263 1460//1263
f 1460//1264 1545//1264 1461//1264
f 1531//1265 1533//1265 1542//1265
f 1542//1266 1533//1266 1546//1266
f 1542//1267 1546//1267 1543//1267
f 1543//1268 1546//1268 1547//1268
f 1543//1269 1547//1269 1548//1269
f 1548//1270 1547//1270 1549//1270
f 1548//1271 1549//1271 1550//1271
f 1550//1272 1549//1272 1463//1272
f 1550//1273 1463//1273 1462//1273
f 1533//1274 1535//1274 1546//1274
f 1546//1275 1535//1275 1551//1275
f 1546//1276 1551//1276 1547//1276
f 1547//1277 1551//1277 1552//1277
f 1547//1278 1552//1278 1549//1278
f 1549//1279 1552//1279 1464//1279
f 1549//1280 1464//1280 1463//1280
f 1535//1281 1466//1281 1551//1281
f 1551//1282 1466//1282 1465//1282
f 1551//1283 1465//1283 1552//1283
f 1552//1284 1465//1284 1464//1284
f 1466//1285 1535//1285 1467//1285
f 1512//1286 1479//1286 1481//1286
f 1540//1287 1473//1287 1475//1287
f 1540//1288 1475//1288 1526//1288
f 1550//1289 1462//1289 1461//1289
f 1525//1290 1540//1290 1526//1290
f 1548//1291 1550//1291 1545//1291
f 1545//1292 1550//1292 1461//1292
f 1548//1293 1545//1293 1544//1293
f 1543//1294 1548//1294 1544//1294
f 1527//1295 1518//1295 1553//1295
f 1553//1296 1518//1296 1519//1296
f 1553//1297 1519//1297 1554//1297
f 1554//1298 1519//1298 1520//1298
f 1554//1299 1520//1299 1555//1299
f 1555//1300 1520//1300 1521//1300
f 1555//1301 1521//1301 1497//1301
f 1497//1302 1521//1302 1495//1302
f 1528//1303 1527//1303 1556//1303
f 1556//1304 1527//1304 1553//1304
f 1556//1305 1553//1305 1557//1305
f 1557//1306 1553//1306 1554//1306
f 1557//1307 1554//1307 1558//1307
f 1558//1308 1554//1308 1555//1308
f 1558//1309 1555//1309 1499//1309
f 1499//1310 1555//1310 1497//1310
f 1528//1311 1556//1311 1530//1311
f 1530//1312 1556//1312 1559//1312
f 1530//1313 1559//1313 1532//1313
f 1532//1314 1559//1314 1560//1314
f 1532//1315 1560//1315 1534//1315
f 1534//1316 1560//1316 1561//1316
f 1534//1317 1561//1317 1536//1317
f 1536//1318 1561//1318 1562//1318
f 1536//1319 1562//1319 1468//1319
f 1468//1320 1562//1320 1469//1320
f 1559//1321 1556//1321 1563//1321
f 1563//1322 1556//1322 1557//1322
f 1563//1323 1557//1323 1564//1323
f 1564//1324 1557//1324 1558//1324
f 1564//1325 1558//1325 1501//1325
f 1501//1326 1558//1326 1499//1326
f 1560//1327 1559//1327 1565//1327
f 1565//1328 1559//1328 1563//1328
f 1565//1329 1563//1329 1566//1329
f 1566//1330 1563//1330 1564//1330
f 1566//1331 1564//1331 1503//1331
f 1503//1332 1564//1332 1501//1332
f 1560//1333 1565//1333 1561//1333
f 1561//1334 1565//1334 1567//1334
f 1561//1335 1567//1335 1562//1335
f 1562//1336 1567//1336 1568//1336
f 1562//1337 1568//1337 1469//1337
f 1469//1338 1568//1338 1470//1338
f 1567//1339 1565//1339 1569//1339
f 1569//1340 1565//1340 1566//1340
f 1569//1341 1566//1341 1505//1341
f 1505//1342 1566//1342 1503//1342
f 1568//1343 1567//1343 1570//1343
f 1570//1344 1567//1344 1569//1344
f 1570//1345 1569//1345 1507//1345
f 1507//1346 1569//1346 1505//1346
f 1471//1347 1470//1347 1570//1347
f 1570//1348 1470//1348 1568//1348
f 1471//1349 1570//1349 1507//1349
f 1224//1111 1472//1111 1220//1111
f 1220//1112 1472//1112 1494//1112
f 1494//1112 1472//1112 1496//1112
f 1496//1112 1472//1112 1506//1112
f 1496//1112 1506//1112 1498//1112
f 1498//1112 1506//1112 1504//1112
f 1498//1112 1504//1112 1500//1112
f 1500//1112 1504//1112 1502//1112
f 1213//1113 1221//1113 1457//1113
f 1457//1112 1221//1112 1482//1112
f 1457//1112 1482//1112 1480//1112
f 1457//1112 1480//1112 1458//1112
f 1458//1112 1480//1112 1478//1112
f 1458//1112 1478//1112 1459//1112
f 1459//1112 1478//1112 1476//1112
f 1459//1112 1476//1112 1474//1112
f 1286//1350 1271//1350 1571//1350
f 1571//1351 1271//1351 1572//1351
f 1571//1352 1572//1352 1573//1352
f 1571//1352 1573//1352 1574//1352
f 1574//1353 1573//1353 1575//1353
f 1574//1353 1575//1353 1576//1353
f 1576//1354 1575//1354 1577//1354
f 1576//1355 1577//1355 1578//1355
f 1578//1356 1577//1356 1579//1356
f 1578//736 1579//736 1580//736
f 1580//1357 1579//1357 1581//1357
f 1580//1357 1581//1357 1582//1357
f 1582//1358 1581//1358 1583//1358
f 1582//1359 1583//1359 1584//1359
f 1584//1360 1583//1360 1585//1360
f 1584//1360 1585//1360 1586//1360
f 1586//1361 1585//1361 1269//1361
f 1586//1362 1269//1362 1285//1362
f 1286//1363 1571//1363 1285//1363
f 1285//1363 1571//1363 1586//1363
f 1586//1363 1571//1363 1584//1363
f 1584//1363 1571//1363 1574//1363
f 1584//1363 1574//1363 1582//1363
f 1582//1363 1574//1363 1576//1363
f 1582//1363 1576//1363 1580//1363
f 1580//1363 1576//1363 1578//1363
f 1271//1112 1269//1112 1572//1112
f 1572//1112 1269//1112 1585//1112
f 1572//1112 1585//1112 1583//1112
f 1572//1112 1583//1112 1573//1112
f 1573//1112 1583//1112 1581//1112
f 1573//1112 1581//1112 1575//1112
f 1575//1112 1581//1112 1579//1112
f 1575//1112 1579//1112 1577//1112
f 1290//1364 1292//1364 1587//1364
f 1587//1365 1292//1365 1588//1365
f 1587//1366 1588//1366 1589//1366
f 1587//1366 1589//1366 1590//1366
f 1590//1367 1589//1367 1591//1367
f 1590//1353 1591//1353 1592//1353
f 1592//1354 1591//1354 1593//1354
f 1592//1354 1593//1354 1594//1354
f 1594//736 1593//736 1595//736
f 1594//1356 1595//1356 1596//1356
f 1596//1368 1595//1368 1597//1368
f 1596//1357 1597//1357 1598//1357
f 1598//1358 1597//1358 1599//1358
f 1598//1358 1599//1358 1600//1358
f 1600//1369 1599//1369 1601//1369
f 1600//1369 1601//1369 1602//1369
f 1602//1362 1601//1362 1304//1362
f 1602//1370 1304//1370 1289//1370
f 1290//1363 1587//1363 1289//1363
f 1289//1363 1587//1363 1602//1363
f 1602//1363 1587//1363 1600//1363
f 1600//1363 1587//1363 1590//1363
f 1600//1363 1590//1363 1598//1363
f 1598//1363 1590//1363 1592//1363
f 1598//1363 1592//1363 1596//1363
f 1596//1363 1592//1363 1594//1363
f 1292//1112 1304//1112 1588//1112
f 1588//1112 1304//1112 1601//1112
f 1588//1112 1601//1112 1599//1112
f 1588//1112 1599//1112 1589//1112
f 1589//1112 1599//1112 1597//1112
f 1589//1112 1597//1112 1591//1112
f 1591//1112 1597//1112 1595//1112
f 1591//1112 1595//1112 1593//1112
f 1288//1364 1305//1364 1603//1364
f 1603//1351 1305//1351 1604//1351
f 1603//1352 1604//1352 1605//1352
f 1603//1352 1605//1352 1606//1352
f 1606//1353 1605//1353 1607//1353
f 1606//1353 1607//1353 1608//1353
f 1608//1354 1607//1354 1609//1354
f 1608//1355 1609//1355 1610//1355
f 1610//1356 1609//1356 1611//1356
f 1610//736 1611//736 1612//736
f 1612//1357 1611//1357 1613//1357
f 1612//1357 1613//1357 1614//1357
f 1614//1358 1613//1358 1615//1358
f 1614//1359 1615//1359 1616//1359
f 1616//1360 1615//1360 1617//1360
f 1616//1360 1617//1360 1618//1360
f 1618//1361 1617//1361 1277//1361
f 1618//1362 1277//1362 1287//1362
f 1288//1363 1603//1363 1287//1363
f 1287//1363 1603//1363 1618//1363
f 1618//1363 1603//1363 1616//1363
f 1616//1363 1603//1363 1606//1363
f 1616//1363 1606//1363 1614//1363
f 1614//1363 1606//1363 1608//1363
f 1614//1363 1608//1363 1612//1363
f 1612//1363 1608//1363 1610//1363
f 1305//1112 1277//1112 1604//1112
f 1604//1112 1277//1112 1617//1112
f 1604//1112 1617//1112 1615//1112
f 1604//1112 1615//1112 1605//1112
f 1605//1112 1615//1112 1613//1112
f 1605//1112 1613//1112 1607//1112
f 1607//1112 1613//1112 1611//1112
f 1607//1112 1611//1112 1609//1112
f 1284//1364 1267//1364 1619//1364
f 1619//1351 1267//1351 1620//1351
f 1619//1352 1620//1352 1621//1352
f 1619//1352 1621//1352 1622//1352
f 1622//1353 1621//1353 1623//1353
f 1622//1367 1623//1367 1624//1367
f 1624//1355 1623//1355 1625//1355
f 1624//1354 1625//1354 1626//1354
f 1626//736 1625//736 1627//736
f 1626//736 1627//736 1628//736
f 1628//1357 1627//1357 1629//1357
f 1628//1368 1629//1368 1630//1368
f 1630//1359 1629//1359 1631//1359
f 1630//1358 1631//1358 1632//1358
f 1632//1369 1631//1369 1633//1369
f 1632//1360 1633//1360 1634//1360
f 1634//1361 1633//1361 1264//1361
f 1634//1362 1264//1362 1263//1362
f 1284//1363 1619//1363 1263//1363
f 1263//1363 1619//1363 1634//1363
f 1634//1363 1619//1363 1632//1363
f 1632//1363 1619//1363 1622//1363
f 1632//1363 1622//1363 1630//1363
f 1630//1363 1622//1363 1624//1363
f 1630//1363 1624//1363 1628//1363
f 1628//1363 1624//1363 1626//1363
f 1267//1112 1264//1112 1620//1112
f 1620//1112 1264//1112 1633//1112
f 1620//1112 1633//1112 1631//1112
f 1620//1112 1631//1112 1621//1112
f 1621//1112 1631//1112 1629//1112
f 1621//1112 1629//1112 1623//1112
f 1623//1112 1629//1112 1627//1112
f 1623//1112 1627//1112 1625//1112
f 1303//1371 1265//1371 1635//1371
f 1635//1372 1265//1372 1636//1372
f 1635//1373 1636//1373 1637//1373
f 1638//1374 1639//1374 1637//1374
f 1637//1375 1639//1375 1640//1375
f 1637//1376 1640//1376 1635//1376
f 1635//1377 1640//1377 1641//1377
f 1635//1378 1641//1378 1303//1378
f 1303//1379 1641//1379 1302//1379
f 1302//1380 1641//1380 1642//1380
f 1302//1381 1642//1381 1301//1381
f 1301//1382 1642//1382 1643//1382
f 1301//1383 1643//1383 1300//1383
f 1300//1384 1643//1384 1644//1384
f 1300//1385 1644//1385 1299//1385
f 1299//1386 1644//1386 1645//1386
f 1299//1387 1645//1387 1298//1387
f 1298//1388 1645//1388 1646//1388
f 1298//1389 1646//1389 1297//1389
f 1297//1390 1646//1390 1647//1390
f 1297//1391 1647//1391 1296//1391
f 1296//1392 1647//1392 1648//1392
f 1296//1393 1648//1393 1295//1393
f 1295//1394 1648//1394 1649//1394
f 1295//1395 1649//1395 1294//1395
f 1294//1396 1649//1396 1650//1396
f 1294//1397 1650//1397 1293//1397
f 1293//1398 1650//1398 1651//1398
f 1293//1399 1651//1399 1291//1399
f 1639//1400 1638//1400 1652//1400
f 1652//1401 1638//1401 1653//1401
f 1652//1402 1653//1402 1654//1402
f 1654//1403 1653//1403 1655//1403
f 1654//1404 1655//1404 1656//1404
f 1656//1405 1655//1405 1657//1405
f 1656//1406 1657//1406 1658//1406
f 1658//1407 1657//1407 1659//1407
f 1658//1408 1659//1408 1660//1408
f 1660//1409 1659//1409 1661//1409
f 1660//1410 1661//1410 1662//1410
f 1662//1411 1661//1411 1329//1411
f 1662//1412 1329//1412 1328//1412
f 1661//1413 1266//1413 1329//1413
f 1662//1414 1328//1414 1663//1414
f 1663//1415 1328//1415 1325//1415
f 1663//1416 1325//1416 1664//1416
f 1664//1417 1325//1417 1323//1417
f 1664//1418 1323//1418 1665//1418
f 1665//1419 1323//1419 1321//1419
f 1665//1420 1321//1420 1666//1420
f 1666//1421 1321//1421 1318//1421
f 1666//1422 1318//1422 1667//1422
f 1667//1423 1318//1423 1316//1423
f 1667//1424 1316//1424 1668//1424
f 1668//1425 1316//1425 1314//1425
f 1668//1426 1314//1426 1669//1426
f 1669//1427 1314//1427 1311//1427
f 1669//1428 1311//1428 1670//1428
f 1670//1429 1311//1429 1309//1429
f 1670//1430 1309//1430 1671//1430
f 1671//1431 1309//1431 1308//1431
f 1671//1432 1308//1432 1672//1432
f 1672//1433 1308//1433 1306//1433
f 1672//1434 1306//1434 1673//1434
f 1672//1435 1673//1435 1674//1435
f 1674//1436 1673//1436 1675//1436
f 1674//1437 1675//1437 1676//1437
f 1676//1438 1675//1438 1677//1438
f 1676//1439 1677//1439 1678//1439
f 1678//1440 1677//1440 1679//1440
f 1678//1441 1679//1441 1680//1441
f 1680//1442 1679//1442 1681//1442
f 1680//1443 1681//1443 1682//1443
f 1682//1444 1681//1444 1683//1444
f 1682//1445 1683//1445 1684//1445
f 1684//1446 1683//1446 1685//1446
f 1684//1447 1685//1447 1686//1447
f 1686//1448 1685//1448 1651//1448
f 1686//1449 1651//1449 1650//1449
f 1660//1450 1662//1450 1687//1450
f 1687//1451 1662//1451 1663//1451
f 1687//1452 1663//1452 1688//1452
f 1688//1453 1663//1453 1664//1453
f 1688//1454 1664//1454 1689//1454
f 1689//1455 1664//1455 1665//1455
f 1689//1456 1665//1456 1690//1456
f 1690//1457 1665//1457 1666//1457
f 1690//1458 1666//1458 1691//1458
f 1691//1459 1666//1459 1667//1459
f 1691//1460 1667//1460 1692//1460
f 1692//1461 1667//1461 1668//1461
f 1692//1462 1668//1462 1693//1462
f 1693//1463 1668//1463 1669//1463
f 1693//1464 1669//1464 1694//1464
f 1694//1465 1669//1465 1670//1465
f 1694//1466 1670//1466 1695//1466
f 1695//1467 1670//1467 1671//1467
f 1695//1468 1671//1468 1674//1468
f 1674//1469 1671//1469 1672//1469
f 1660//1470 1687//1470 1658//1470
f 1658//1471 1687//1471 1696//1471
f 1658//1472 1696//1472 1656//1472
f 1656//1473 1696//1473 1697//1473
f 1656//1474 1697//1474 1654//1474
f 1654//1475 1697//1475 1698//1475
f 1654//1476 1698//1476 1652//1476
f 1652//1477 1698//1477 1699//1477
f 1652//1478 1699//1478 1639//1478
f 1639//1479 1699//1479 1700//1479
f 1639//1480 1700//1480 1640//1480
f 1640//1481 1700//1481 1701//1481
f 1640//1482 1701//1482 1641//1482
f 1641//1483 1701//1483 1642//1483
f 1696//1484 1687//1484 1702//1484
f 1702//1485 1687//1485 1688//1485
f 1702//1486 1688//1486 1703//1486
f 1703//1487 1688//1487 1689//1487
f 1703//1488 1689//1488 1704//1488
f 1704//1489 1689//1489 1690//1489
f 1704//1490 1690//1490 1705//1490
f 1705//1491 1690//1491 1691//1491
f 1705//1492 1691//1492 1706//1492
f 1706//1493 1691//1493 1692//1493
f 1706//1494 1692//1494 1707//1494
f 1707//1495 1692//1495 1693//1495
f 1707//1496 1693//1496 1708//1496
f 1708//1497 1693//1497 1694//1497
f 1708//1498 1694//1498 1709//1498
f 1709//1499 1694//1499 1695//1499
f 1709//1500 1695//1500 1676//1500
f 1676//1501 1695//1501 1674//1501
f 1697//1502 1696//1502 1710//1502
f 1710//1503 1696//1503 1702//1503
f 1710//1504 1702//1504 1711//1504
f 1711//1505 1702//1505 1703//1505
f 1711//1506 1703//1506 1712//1506
f 1712//1507 1703//1507 1704//1507
f 1712//1508 1704//1508 1713//1508
f 1713//1509 1704//1509 1705//1509
f 1713//1510 1705//1510 1714//1510
f 1714//1511 1705//1511 1706//1511
f 1714//1512 1706//1512 1715//1512
f 1715//1513 1706//1513 1707//1513
f 1715//1514 1707//1514 1716//1514
f 1716//1515 1707//1515 1708//1515
f 1716//1516 1708//1516 1717//1516
f 1717//1517 1708//1517 1709//1517
f 1717//1518 1709//1518 1678//1518
f 1678//1519 1709//1519 1676//1519
f 1697//1520 1710//1520 1698//1520
f 1698//1521 1710//1521 1718//1521
f 1698//1522 1718//1522 1699//1522
f 1699//1523 1718//1523 1719//1523
f 1699//1524 1719//1524 1700//1524
f 1700//1525 1719//1525 1720//1525
f 1700//1526 1720//1526 1701//1526
f 1701//1527 1720//1527 1721//1527
f 1701//1528 1721//1528 1642//1528
f 1642//1529 1721//1529 1643//1529
f 1718//1530 1710//1530 1722//1530
f 1722//1531 1710//1531 1711//1531
f 1722//1532 1711//1532 1723//1532
f 1723//1533 1711//1533 1712//1533
f 1723//1534 1712//1534 1724//1534
f 1724//1535 1712//1535 1713//1535
f 1724//1536 1713//1536 1725//1536
f 1725//1537 1713//1537 1714//1537
f 1725//1538 1714//1538 1726//1538
f 1726//1539 1714//1539 1715//1539
f 1726//1540 1715//1540 1727//1540
f 1727//1541 1715//1541 1716//1541
f 1727//1542 1716//1542 1728//1542
f 1728//1543 1716//1543 1717//1543
f 1728//1544 1717//1544 1680//1544
f 1680//1545 1717//1545 1678//1545
f 1719//1546 1718//1546 1729//1546
f 1729//1547 1718//1547 1722//1547
f 1729//1548 1722//1548 1730//1548
f 1730//1549 1722//1549 1723//1549
f 1730//1550 1723//1550 1731//1550
f 1731//1551 1723//1551 1724//1551
f 1731//1552 1724//1552 1732//1552
f 1732//1553 1724//1553 1725//1553
f 1732//1554 1725//1554 1733//1554
f 1733//1555 1725//1555 1726//1555
f 1733//1556 1726//1556 1734//1556
f 1734//1557 1726//1557 1727//1557
f 1734//1558 1727//1558 1735//1558
f 1735//1559 1727//1559 1728//1559
f 1735//1560 1728//1560 1682//1560
f 1682//1561 1728//1561 1680//1561
f 1719//1562 1729//1562 1720//1562
f 1720//1563 1729//1563 1736//1563
f 1720//1564 1736//1564 1721//1564
f 1721//1565 1736//1565 1737//1565
f 1721//1566 1737//1566 1643//1566
f 1643//1567 1737//1567 1644//1567
f 1736//1568 1729//1568 1738//1568
f 1738//1569 1729//1569 1730//1569
f 1738//1570 1730//1570 1739//1570
f 1739//1571 1730//1571 1731//1571
f 1739//1572 1731//1572 1740//1572
f 1740//1573 1731//1573 1732//1573
f 1740//1574 1732//1574 1741//1574
f 1741//1575 1732//1575 1733//1575
f 1741//1576 1733//1576 1742//1576
f 1742//1577 1733//1577 1734//1577
f 1742//1578 1734//1578 1743//1578
f 1743//1579 1734//1579 1735//1579
f 1743//1580 1735//1580 1684//1580
f 1684//1581 1735//1581 1682//1581
f 1737//1582 1736//1582 1744//1582
f 1744//1583 1736//1583 1738//1583
f 1744//1584 1738//1584 1745//1584
f 1745//1585 1738//1585 1739//1585
f 1745//1586 1739//1586 1746//1586
f 1746//1587 1739//1587 1740//1587
f 1746//1588 1740//1588 1747//1588
f 1747//1589 1740//1589 1741//1589
f 1747//1590 1741//1590 1748//1590
f 1748//1591 1741//1591 1742//1591
f 1748//1592 1742//1592 1749//1592
f 1749//1593 1742//1593 1743//1593
f 1749//1594 1743//1594 1686//1594
f 1686//1595 1743//1595 1684//1595
f 1645//1596 1644//1596 1744//1596
f 1744//1597 1644//1597 1737//1597
f 1645//1598 1744//1598 1745//1598
f 1646//1599 1645//1599 1745//1599
f 1646//1600 1745//1600 1746//1600
f 1647//1601 1646//1601 1746//1601
f 1647//1602 1746//1602 1747//1602
f 1648//1603 1647//1603 1747//1603
f 1648//1604 1747//1604 1748//1604
f 1649//1605 1648//1605 1748//1605
f 1649//1606 1748//1606 1749//1606
f 1650//1607 1649//1607 1749//1607
f 1650//1608 1749//1608 1686//1608
f 1306//1609 1291//1609 1673//1609
f 1673//1609 1291//1609 1651//1609
f 1673//1363 1651//1363 1685//1363
f 1673//1363 1685//1363 1675//1363
f 1675//1363 1685//1363 1683//1363
f 1675//1363 1683//1363 1677//1363
f 1677//1363 1683//1363 1681//1363
f 1677//1363 1681//1363 1679//1363
f 1266//1363 1661//1363 1265//1363
f 1265//1363 1661//1363 1636//1363
f 1636//1363 1661//1363 1637//1363
f 1637//1363 1661//1363 1659//1363
f 1637//1363 1659//1363 1638//1363
f 1638//1363 1659//1363 1657//1363
f 1638//1363 1657//1363 1653//1363
f 1653//1363 1657//1363 1655//1363
f 1327//1610 1268//1610 1750//1610
f 1750//1611 1268//1611 1751//1611
f 1750//1612 1751//1612 1752//1612
f 1753//1613 1754//1613 1752//1613
f 1752//1614 1754//1614 1755//1614
f 1752//1615 1755//1615 1750//1615
f 1750//1616 1755//1616 1756//1616
f 1750//1617 1756//1617 1327//1617
f 1327//1618 1756//1618 1326//1618
f 1326//1619 1756//1619 1757//1619
f 1326//1620 1757//1620 1324//1620
f 1324//1621 1757//1621 1758//1621
f 1324//1622 1758//1622 1322//1622
f 1322//1623 1758//1623 1759//1623
f 1322//1624 1759//1624 1320//1624
f 1320//1625 1759//1625 1760//1625
f 1320//1626 1760//1626 1319//1626
f 1319//1627 1760//1627 1761//1627
f 1319//1628 1761//1628 1317//1628
f 1317//1629 1761//1629 1762//1629
f 1317//1630 1762//1630 1315//1630
f 1315//1631 1762//1631 1763//1631
f 1315//1632 1763//1632 1313//1632
f 1313//1633 1763//1633 1764//1633
f 1313//1634 1764//1634 1312//1634
f 1312//1635 1764//1635 1765//1635
f 1312//1636 1765//1636 1310//1636
f 1310//1637 1765//1637 1766//1637
f 1310//1399 1766//1399 1307//1399
f 1754//1638 1753//1638 1767//1638
f 1767//1639 1753//1639 1768//1639
f 1767//1640 1768//1640 1769//1640
f 1769//1641 1768//1641 1770//1641
f 1769//1642 1770//1642 1771//1642
f 1771//1643 1770//1643 1772//1643
f 1771//1644 1772//1644 1773//1644
f 1773//1645 1772//1645 1774//1645
f 1773//1646 1774//1646 1775//1646
f 1775//1647 1774//1647 1776//1647
f 1775//1648 1776//1648 1777//1648
f 1777//1649 1776//1649 1330//1649
f 1777//1650 1330//1650 1272//1650
f 1776//1413 1270//1413 1330//1413
f 1777//1651 1272//1651 1778//1651
f 1778//1652 1272//1652 1273//1652
f 1778//1653 1273//1653 1779//1653
f 1779//1654 1273//1654 1274//1654
f 1779//1655 1274//1655 1780//1655
f 1780//1656 1274//1656 1275//1656
f 1780//1657 1275//1657 1781//1657
f 1781//1658 1275//1658 1276//1658
f 1781//1659 1276//1659 1782//1659
f 1782//1660 1276//1660 1278//1660
f 1782//1661 1278//1661 1783//1661
f 1783//1662 1278//1662 1279//1662
f 1783//1663 1279//1663 1784//1663
f 1784//1664 1279//1664 1280//1664
f 1784//1665 1280//1665 1785//1665
f 1785//1666 1280//1666 1281//1666
f 1785//1667 1281//1667 1786//1667
f 1786//1668 1281//1668 1283//1668
f 1786//1669 1283//1669 1787//1669
f 1787//1670 1283//1670 1282//1670
f 1787//1671 1282//1671 1788//1671
f 1787//1672 1788//1672 1789//1672
f 1789//1673 1788//1673 1790//1673
f 1789//1674 1790//1674 1791//1674
f 1791//1675 1790//1675 1792//1675
f 1791//1676 1792//1676 1793//1676
f 1793//1677 1792//1677 1794//1677
f 1793//1678 1794//1678 1795//1678
f 1795//1679 1794//1679 1796//1679
f 1795//1680 1796//1680 1797//1680
f 1797//1681 1796//1681 1798//1681
f 1797//1682 1798//1682 1799//1682
f 1799//1683 1798//1683 1800//1683
f 1799//1684 1800//1684 1801//1684
f 1801//1685 1800//1685 1766//1685
f 1801//1686 1766//1686 1765//1686
f 1775//1687 1777//1687 1802//1687
f 1802//1688 1777//1688 1778//1688
f 1802//1689 1778//1689 1803//1689
f 1803//1690 1778//1690 1779//1690
f 1803//1691 1779//1691 1804//1691
f 1804//1692 1779//1692 1780//1692
f 1804//1693 1780//1693 1805//1693
f 1805//1694 1780//1694 1781//1694
f 1805//1695 1781//1695 1806//1695
f 1806//1696 1781//1696 1782//1696
f 1806//1697 1782//1697 1807//1697
f 1807//1698 1782//1698 1783//1698
f 1807//1699 1783//1699 1808//1699
f 1808//1700 1783//1700 1784//1700
f 1808//1701 1784//1701 1809//1701
f 1809//1702 1784//1702 1785//1702
f 1809//1703 1785//1703 1810//1703
f 1810//1704 1785//1704 1786//1704
f 1810//1705 1786//1705 1789//1705
f 1789//1706 1786//1706 1787//1706
f 1775//1707 1802//1707 1773//1707
f 1773//1708 1802//1708 1811//1708
f 1773//1709 1811//1709 1771//1709
f 1771//1710 1811//1710 1812//1710
f 1771//1711 1812//1711 1769//1711
f 1769//1712 1812//1712 1813//1712
f 1769//1713 1813//1713 1767//1713
f 1767//1714 1813//1714 1814//1714
f 1767//1715 1814//1715 1754//1715
f 1754//1716 1814//1716 1815//1716
f 1754//1717 1815//1717 1755//1717
f 1755//1718 1815//1718 1816//1718
f 1755//1719 1816//1719 1756//1719
f 1756//1720 1816//1720 1757//1720
f 1811//1721 1802//1721 1817//1721
f 1817//1722 1802//1722 1803//1722
f 1817//1723 1803//1723 1818//1723
f 1818//1724 1803//1724 1804//1724
f 1818//1725 1804//1725 1819//1725
f 1819//1726 1804//1726 1805//1726
f 1819//1727 1805//1727 1820//1727
f 1820//1728 1805//1728 1806//1728
f 1820//1729 1806//1729 1821//1729
f 1821//1730 1806//1730 1807//1730
f 1821//1731 1807//1731 1822//1731
f 1822//1732 1807//1732 1808//1732
f 1822//1733 1808//1733 1823//1733
f 1823//1734 1808//1734 1809//1734
f 1823//1735 1809//1735 1824//1735
f 1824//1736 1809//1736 1810//1736
f 1824//1737 1810//1737 1791//1737
f 1791//1738 1810//1738 1789//1738
f 1812//1739 1811//1739 1825//1739
f 1825//1740 1811//1740 1817//1740
f 1825//1741 1817//1741 1826//1741
f 1826//1742 1817//1742 1818//1742
f 1826//1743 1818//1743 1827//1743
f 1827//1744 1818//1744 1819//1744
f 1827//1745 1819//1745 1828//1745
f 1828//1746 1819//1746 1820//1746
f 1828//1747 1820//1747 1829//1747
f 1829//1748 1820//1748 1821//1748
f 1829//1749 1821//1749 1830//1749
f 1830//1750 1821//1750 1822//1750
f 1830//1751 1822//1751 1831//1751
f 1831//1752 1822//1752 1823//1752
f 1831//1753 1823//1753 1832//1753
f 1832//1754 1823//1754 1824//1754
f 1832//1755 1824//1755 1793//1755
f 1793//1756 1824//1756 1791//1756
f 1812//1757 1825//1757 1813//1757
f 1813//1758 1825//1758 1833//1758
f 1813//1759 1833//1759 1814//1759
f 1814//1760 1833//1760 1834//1760
f 1814//1761 1834//1761 1815//1761
f 1815//1762 1834//1762 1835//1762
f 1815//1763 1835//1763 1816//1763
f 1816//1764 1835//1764 1836//1764
f 1816//1765 1836//1765 1757//1765
f 1757//1766 1836//1766 1758//1766
f 1833//1767 1825//1767 1837//1767
f 1837//1768 1825//1768 1826//1768
f 1837//1769 1826//1769 1838//1769
f 1838//1770 1826//1770 1827//1770
f 1838//1771 1827//1771 1839//1771
f 1839//1772 1827//1772 1828//1772
f 1839//1773 1828//1773 1840//1773
f 1840//1774 1828//1774 1829//1774
f 1840//1775 1829//1775 1841//1775
f 1841//1776 1829//1776 1830//1776
f 1841//1777 1830//1777 1842//1777
f 1842//1778 1830//1778 1831//1778
f 1842//1779 1831//1779 1843//1779
f 1843//1780 1831//1780 1832//1780
f 1843//1781 1832//1781 1795//1781
f 1795//1782 1832//1782 1793//1782
f 1834//1783 1833//1783 1844//1783
f 1844//1784 1833//1784 1837//1784
f 1844//1785 1837//1785 1845//1785
f 1845//1786 1837//1786 1838//1786
f 1845//1787 1838//1787 1846//1787
f 1846//1788 1838//1788 1839//1788
f 1846//1789 1839//1789 1847//1789
f 1847//1790 1839//1790 1840//1790
f 1847//1791 1840//1791 1848//1791
f 1848//1792 1840//1792 1841//1792
f 1848//1793 1841//1793 1849//1793
f 1849//1794 1841//1794 1842//1794
f 1849//1795 1842//1795 1850//1795
f 1850//1796 1842//1796 1843//1796
f 1850//1797 1843//1797 1797//1797
f 1797//1798 1843//1798 1795//1798
f 1834//1799 1844//1799 1835//1799
f 1835//1800 1844//1800 1851//1800
f 1835//1801 1851//1801 1836//1801
f 1836//1802 1851//1802 1852//1802
f 1836//1803 1852//1803 1758//1803
f 1758//1804 1852//1804 1759//1804
f 1851//1805 1844//1805 1853//1805
f 1853//1806 1844//1806 1845//1806
f 1853//1807 1845//1807 1854//1807
f 1854//1808 1845//1808 1846//1808
f 1854//1809 1846//1809 1855//1809
f 1855//1810 1846//1810 1847//1810
f 1855//1811 1847//1811 1856//1811
f 1856//1812 1847//1812 1848//1812
f 1856//1813 1848//1813 1857//1813
f 1857//1814 1848//1814 1849//1814
f 1857//1815 1849//1815 1858//1815
f 1858//1816 1849//1816 1850//1816
f 1858//1817 1850//1817 1799//1817
f 1799//1818 1850//1818 1797//1818
f 1852//1819 1851//1819 1859//1819
f 1859//1820 1851//1820 1853//1820
f 1859//1821 1853//1821 1860//1821
f 1860//1822 1853//1822 1854//1822
f 1860//1823 1854//1823 1861//1823
f 1861//1824 1854//1824 1855//1824
f 1861//1825 1855//1825 1862//1825
f 1862//1826 1855//1826 1856//1826
f 1862//1827 1856//1827 1863//1827
f 1863//1828 1856//1828 1857//1828
f 1863//1829 1857//1829 1864//1829
f 1864//1830 1857//1830 1858//1830
f 1864//1831 1858//1831 1801//1831
f 1801//1832 1858//1832 1799//1832
f 1760//1833 1759//1833 1859//1833
f 1859//1834 1759//1834 1852//1834
f 1760//1835 1859//1835 1860//1835
f 1761//1836 1760//1836 1860//1836
f 1761//1837 1860//1837 1861//1837
f 1762//1838 1761//1838 1861//1838
f 1762//1839 1861//1839 1862//1839
f 1763//1840 1762//1840 1862//1840
f 1763//1841 1862//1841 1863//1841
f 1764//1842 1763//1842 1863//1842
f 1764//1843 1863//1843 1864//1843
f 1765//1844 1764//1844 1864//1844
f 1765//1845 1864//1845 1801//1845
f 1282//1609 1307//1609 1788//1609
f 1788//1609 1307//1609 1766//1609
f 1788//1363 1766//1363 1800//1363
f 1788//1363 1800//1363 1790//1363
f 1790//1363 1800//1363 1798//1363
f 1790//1363 1798//1363 1792//1363
f 1792//1363 1798//1363 1796//1363
f 1792//1363 1796//1363 1794//1363
f 1270//1363 1776//1363 1268//1363
f 1268//1363 1776//1363 1751//1363
f 1751//1363 1776//1363 1752//1363
f 1752//1363 1776//1363 1774//1363
f 1752//1363 1774//1363 1753//1363
f 1753//1363 1774//1363 1772//1363
f 1753//1363 1772//1363 1768//1363
f 1768//1363 1772//1363 1770//1363
f 1865//1846 1866//1846 1867//1846
f 1867//1847 1866//1847 1868//1847
f 1867//1848 1868//1848 1869//1848
f 1869//1849 1868//1849 1870//1849
f 1869//1850 1870//1850 1871//1850
f 1871//1851 1870//1851 1872//1851
f 1871//1852 1872//1852 1873//1852
f 1873//1853 1872//1853 1874//1853
f 1873//1854 1874//1854 1875//1854
f 1875//1855 1874//1855 1876//1855
f 1875//1856 1876//1856 1877//1856
f 1877//1857 1876//1857 1878//1857
f 1877//1858 1878//1858 1879//1858
f 1879//1859 1878//1859 1880//1859
f 1879//1860 1880//1860 1881//1860
f 1881//1861 1880//1861 1882//1861
f 1881//1862 1882//1862 1883//1862
f 1883//1863 1882//1863 1884//1863
f 1883//1864 1884//1864 1885//1864
f 1885//1865 1884//1865 1886//1865
f 1885//1866 1886//1866 1887//1866
f 1887//1867 1886//1867 1888//1867
f 1887//1868 1888//1868 1889//1868
f 1889//1869 1888//1869 1890//1869
f 1889//1870 1890//1870 1891//1870
f 1891//1871 1890//1871 1892//1871
f 1891//1872 1892//1872 1893//1872
f 1893//1873 1892//1873 1894//1873
f 1893//1874 1894//1874 1895//1874
f 1895//1875 1894//1875 1896//1875
f 1895//1876 1896//1876 1897//1876
f 1897//1877 1896//1877 1898//1877
f 1897//1878 1898//1878 1899//1878
f 1899//1879 1898//1879 1900//1879
f 1899//1880 1900//1880 1901//1880
f 1901//1881 1900//1881 1902//1881
f 1901//1882 1902//1882 1903//1882
f 1903//1883 1902//1883 1904//1883
f 1903//1884 1904//1884 1905//1884
f 1905//1885 1904//1885 1906//1885
f 1905//1886 1906//1886 1907//1886
f 1907//1887 1906//1887 1908//1887
f 1907//1888 1908//1888 1909//1888
f 1909//1889 1908//1889 1910//1889
f 1909//1890 1910//1890 1911//1890
f 1911//1891 1910//1891 1912//1891
f 1911//1892 1912//1892 1865//1892
f 1865//1893 1912//1893 1866//1893
f 1913//1894 1914//1894 1915//1894
f 1915//1895 1914//1895 1916//1895
f 1915//1896 1916//1896 1917//1896
f 1917//1897 1916//1897 1918//1897
f 1917//1898 1918//1898 1919//1898
f 1919//1899 1918//1899 1920//1899
f 1919//1900 1920//1900 1921//1900
f 1921//1901 1920//1901 1922//1901
f 1921//1902 1922//1902 1923//1902
f 1923//1903 1922//1903 1924//1903
f 1923//1904 1924//1904 1925//1904
f 1925//1905 1924//1905 1926//1905
f 1925//1906 1926//1906 1927//1906
f 1927//1907 1926//1907 1928//1907
f 1927//1908 1928//1908 1929//1908
f 1929//1909 1928//1909 1930//1909
f 1929//1910 1930//1910 1931//1910
f 1931//1911 1930//1911 1932//1911
f 1931//1912 1932//1912 1933//1912
f 1933//1913 1932//1913 1934//1913
f 1933//1914 1934//1914 1935//1914
f 1935//1915 1934//1915 1936//1915
f 1935//1916 1936//1916 1937//1916
f 1937//1917 1936//1917 1938//1917
f 1937//1918 1938//1918 1939//1918
f 1939//1919 1938//1919 1940//1919
f 1939//1920 1940//1920 1941//1920
f 1941//1921 1940//1921 1942//1921
f 1941//1922 1942//1922 1943//1922
f 1943//1923 1942//1923 1944//1923
f 1943//1924 1944//1924 1945//1924
f 1945//1925 1944//1925 1946//1925
f 1945//1926 1946//1926 1947//1926
f 1947//1927 1946//1927 1948//1927
f 1947//1928 1948//1928 1949//1928
f 1949//1929 1948//1929 1950//1929
f 1949//1930 1950//1930 1951//1930
f 1951//1931 1950//1931 1952//1931
f 1951//1932 1952//1932 1953//1932
f 1953//1933 1952//1933 1954//1933
f 1953//1934 1954//1934 1955//1934
f 1955//1935 1954//1935 1956//1935
f 1955//1936 1956//1936 1957//1936
f 1957//1937 1956//1937 1958//1937
f 1957//1938 1958//1938 1959//1938
f 1959//1939 1958//1939 1960//1939
f 1959//1940 1960//1940 1914//1940
f 1914//1941 1960//1941 1961//1941
f 1914//1942 1961//1942 1916//1942
f 1916//1943 1961//1943 1866//1943
f 1916//1944 1866//1944 1912//1944
f 1914//1945 1913//1945 1959//1945
f 1959//1946 1913//1946 1957//1946
f 1957//1947 1913//1947 1955//1947
f 1955//1948 1913//1948 1953//1948
f 1953//1949 1913//1949 1951//1949
f 1951//1950 1913//1950 1949//1950
f 1949//1951 1913//1951 1947//1951
f 1947//1952 1913//1952 1945//1952
f 1943//1953 1913//1953 1941//1953
f 1941//1954 1913//1954 1939//1954
f 1939//1955 1913//1955 1937//1955
f 1937//1956 1913//1956 1935//1956
f 1935//1957 1913//1957 1933//1957
f 1933//1958 1913//1958 1931//1958
f 1931//1959 1913//1959 1929//1959
f 1927//1960 1913//1960 1925//1960
f 1925//1961 1913//1961 1923//1961
f 1923//1962 1913//1962 1921//1962
f 1921//1963 1913//1963 1919//1963
f 1919//1964 1913//1964 1917//1964
f 1917//1965 1913//1965 1915//1965
f 1866//1966 1961//1966 1868//1966
f 1868//1967 1961//1967 1960//1967
f 1868//1968 1960//1968 1870//1968
f 1870//1969 1960//1969 1958//1969
f 1870//1970 1958//1970 1872//1970
f 1872//1971 1958//1971 1956//1971
f 1872//1972 1956//1972 1874//1972
f 1874//1973 1956//1973 1954//1973
f 1874//1974 1954//1974 1876//1974
f 1876//1975 1954//1975 1952//1975
f 1876//1976 1952//1976 1878//1976
f 1878//1977 1952//1977 1950//1977
f 1878//1978 1950//1978 1880//1978
f 1880//1979 1950//1979 1948//1979
f 1880//1980 1948//1980 1882//1980
f 1882//1981 1948//1981 1946//1981
f 1882//1982 1946//1982 1884//1982
f 1884//1983 1946//1983 1944//1983
f 1884//1984 1944//1984 1886//1984
f 1886//1985 1944//1985 1942//1985
f 1886//1986 1942//1986 1888//1986
f 1888//1987 1942//1987 1940//1987
f 1888//1988 1940//1988 1890//1988
f 1890//1989 1940//1989 1938//1989
f 1890//1990 1938//1990 1892//1990
f 1892//1991 1938//1991 1936//1991
f 1892//1992 1936//1992 1894//1992
f 1894//1993 1936//1993 1934//1993
f 1894//1994 1934//1994 1896//1994
f 1896//1995 1934//1995 1932//1995
f 1896//1996 1932//1996 1898//1996
f 1898//1997 1932//1997 1930//1997
f 1898//1998 1930//1998 1900//1998
f 1900//1999 1930//1999 1928//1999
f 1900//2000 1928//2000 1902//2000
f 1902//2001 1928//2001 1926//2001
f 1902//2002 1926//2002 1904//2002
f 1904//2003 1926//2003 1924//2003
f 1904//2004 1924//2004 1906//2004
f 1906//2005 1924//2005 1922//2005
f 1906//2006 1922//2006 1908//2006
f 1908//2007 1922//2007 1920//2007
f 1908//2008 1920//2008 1910//2008
f 1910//2009 1920//2009 1918//2009
f 1910//2010 1918//2010 1912//2010
f 1912//2011 1918//2011 1916//2011
f 1929//2012 1913//2012 1927//2012
f 1945//2013 1913//2013 1943//2013
f 1962//1846 1963//1846 1964//1846
f 1964//1847 1963//1847 1965//1847
f 1964//1848 1965//1848 1966//1848
f 1966//1849 1965//1849 1967//1849
f 1966//1850 1967//1850 1968//1850
f 1968//1851 1967//1851 1969//1851
f 1968//1852 1969//1852 1970//1852
f 1970//1853 1969//1853 1971//1853
f 1970//1854 1971//1854 1972//1854
f 1972//1855 1971//1855 1973//1855
f 1972//1856 1973//1856 1974//1856
f 1974//1857 1973//1857 1975//1857
f 1974//1858 1975//1858 1976//1858
f 1976//1859 1975//1859 1977//1859
f 1976//1860 1977//1860 1978//1860
f 1978//1861 1977//1861 1979//1861
f 1978//1862 1979//1862 1980//1862
f 1980//1863 1979//1863 1981//1863
f 1980//1864 1981//1864 1982//1864
f 1982//1865 1981//1865 1983//1865
f 1982//1866 1983//1866 1984//1866
f 1984//1867 1983//1867 1985//1867
f 1984//1868 1985//1868 1986//1868
f 1986//1869 1985//1869 1987//1869
f 1986//1870 1987//1870 1988//1870
f 1988//1871 1987//1871 1989//1871
f 1988//1872 1989//1872 1990//1872
f 1990//1873 1989//1873 1991//1873
f 1990//1874 1991//1874 1992//1874
f 1992//1875 1991//1875 1993//1875
f 1992//1876 1993//1876 1994//1876
f 1994//1877 1993//1877 1995//1877
f 1994//1878 1995//1878 1996//1878
f 1996//1879 1995//1879 1997//1879
f 1996//1880 1997//1880 1998//1880
f 1998//1881 1997//1881 1999//1881
f 1998//1882 1999//1882 2000//1882
f 2000//1883 1999//1883 2001//1883
f 2000//1884 2001//1884 2002//1884
f 2002//1885 2001//1885 2003//1885
f 2002//1886 2003//1886 2004//1886
f 2004//1887 2003//1887 2005//1887
f 2004//1888 2005//1888 2006//1888
f 2006//1889 2005//1889 2007//1889
f 2006//1890 2007//1890 2008//1890
f 2008//1891 2007//1891 2009//1891
f 2008//1892 2009//1892 1962//1892
f 1962//1893 2009//1893 1963//1893
f 2010//1894 2011//1894 2012//1894
f 2012//1895 2011//1895 2013//1895
f 2012//1896 2013//1896 2014//1896
f 2014//1897 2013//1897 2015//1897
f 2014//1898 2015//1898 2016//1898
f 2016//1899 2015//1899 2017//1899
f 2016//1900 2017//1900 2018//1900
f 2018//1901 2017//1901 2019//1901
f 2018//1902 2019//1902 2020//1902
f 2020//1903 2019//1903 2021//1903
f 2020//1904 2021//1904 2022//1904
f 2022//1905 2021//1905 2023//1905
f 2022//1906 2023//1906 2024//1906
f 2024//1907 2023//1907 2025//1907
f 2024//1908 2025//1908 2026//1908
f 2026//1909 2025//1909 2027//1909
f 2026//1910 2027//1910 2028//1910
f 2028//1911 2027//1911 2029//1911
f 2028//1912 2029//1912 2030//1912
f 2030//1913 2029//1913 2031//1913
f 2030//1914 2031//1914 2032//1914
f 2032//1915 2031//1915 2033//1915
f 2032//1916 2033//1916 2034//1916
f 2034//1917 2033//1917 2035//1917
f 2034//1918 2035//1918 2036//1918
f 2036//1919 2035//1919 2037//1919
f 2036//1920 2037//1920 2038//1920
f 2038//1921 2037//1921 2039//1921
f 2038//1922 2039//1922 2040//1922
f 2040//1923 2039//1923 2041//1923
f 2040//1924 2041//1924 2042//1924
f 2042//1925 2041//1925 2043//1925
f 2042//1926 2043//1926 2044//1926
f 2044//1927 2043//1927 2045//1927
f 2044//1928 2045//1928 2046//1928
f 2046//1929 2045//1929 2047//1929
f 2046//1930 2047//1930 2048//1930
f 2048//1931 2047//1931 2049//1931
f 2048//1932 2049//1932 2050//1932
f 2050//1933 2049//1933 2051//1933
f 2050//1934 2051//1934 2052//1934
f 2052//1935 2051//1935 2053//1935
f 2052//1936 2053//1936 2054//1936
f 2054//1937 2053//1937 2055//1937
f 2054//1938 2055//1938 2056//1938
f 2056//1939 2055//1939 2057//1939
f 2056//1940 2057//1940 2011//1940
f 2011//1941 2057//1941 2058//1941
f 2011//1942 2058//1942 2013//1942
f 2013//1943 2058//1943 1963//1943
f 2013//1944 1963//1944 2009//1944
f 2011//1945 2010//1945 2056//1945
f 2056//1946 2010//1946 2054//1946
f 2054//1947 2010//1947 2052//1947
f 2052//1948 2010//1948 2050//1948
f 2050//1949 2010//1949 2048//1949
f 2048//1950 2010//1950 2046//1950
f 2046//1951 2010//1951 2044//1951
f 2044//1952 2010//1952 2042//1952
f 2040//1953 2010//1953 2038//1953
f 2038//1954 2010//1954 2036//1954
f 2036//1955 2010//1955 2034//1955
f 2034//1956 2010//1956 2032//1956
f 2032//1957 2010//1957 2030//1957
f 2030//1958 2010//1958 2028//1958
f 2028//1959 2010//1959 2026//1959
f 2024//1960 2010//1960 2022//1960
f 2022//1961 2010//1961 2020//1961
f 2020//1962 2010//1962 2018//1962
f 2018//1963 2010//1963 2016//1963
f 2016//1964 2010//1964 2014//1964
f 2014//1965 2010//1965 2012//1965
f 1963//1966 2058//1966 1965//1966
f 1965//1967 2058//1967 2057//1967
f 1965//1968 2057//1968 1967//1968
f 1967//1969 2057//1969 2055//1969
f 1967//1970 2055//1970 1969//1970
f 1969//1971 2055//1971 2053//1971
f 1969//1972 2053//1972 1971//1972
f 1971//1973 2053//1973 2051//1973
f 1971//1974 2051//1974 1973//1974
f 1973//1975 2051//1975 2049//1975
f 1973//1976 2049//1976 1975//1976
f 1975//1977 2049//1977 2047//1977
f 1975//1978 2047//1978 1977//1978
f 1977//1979 2047//1979 2045//1979
f 1977//1980 2045//1980 1979//1980
f 1979//1981 2045//1981 2043//1981
f 1979//1982 2043//1982 1981//1982
f 1981//1983 2043//1983 2041//1983
f 1981//1984 2041//1984 1983//1984
f 1983//1985 2041//1985 2039//1985
f 1983//1986 2039//1986 1985//1986
f 1985//1987 2039//1987 2037//1987
f 1985//1988 2037//1988 1987//1988
f 1987//1989 2037//1989 2035//1989
f 1987//1990 2035//1990 1989//1990
f 1989//1991 2035//1991 2033//1991
f 1989//1992 2033//1992 1991//1992
f 1991//1993 2033//1993 2031//1993
f 1991//1994 2031//1994 1993//1994
f 1993//1995 2031//1995 2029//1995
f 1993//1996 2029//1996 1995//1996
f 1995//1997 2029//1997 2027//1997
f 1995//1998 2027//1998 1997//1998
f 1997//1999 2027//1999 2025//1999
f 1997//2000 2025//2000 1999//2000
f 1999//2001 2025//2001 2023//2001
f 1999//2002 2023//2002 2001//2002
f 2001//2003 2023//2003 2021//2003
f 2001//2004 2021//2004 2003//2004
f 2003//2005 2021//2005 2019//2005
f 2003//2006 2019//2006 2005//2006
f 2005//2007 2019//2007 2017//2007
f 2005//2008 2017//2008 2007//2008
f 2007//2009 2017//2009 2015//2009
f 2007//2010 2015//2010 2009//2010
f 2009//2011 2015//2011 2013//2011
f 2026//2012 2010//2012 2024//2012
f 2042//2013 2010//2013 2040//2013
f 2059//1846 2060//1846 2061//1846
f 2061//1847 2060//1847 2062//1847
f 2061//1848 2062//1848 2063//1848
f 2063//1849 2062//1849 2064//1849
f 2063//1850 2064//1850 2065//1850
f 2065//1851 2064//1851 2066//1851
f 2065//1852 2066//1852 2067//1852
f 2067//1853 2066//1853 2068//1853
f 2067//1854 2068//1854 2069//1854
f 2069//1855 2068//1855 2070//1855
f 2069//1856 2070//1856 2071//1856
f 2071//1857 2070//1857 2072//1857
f 2071//1858 2072//1858 2073//1858
f 2073//1859 2072//1859 2074//1859
f 2073//1860 2074//1860 2075//1860
f 2075//1861 2074//1861 2076//1861
f 2075//1862 2076//1862 2077//1862
f 2077//1863 2076//1863 2078//1863
f 2077//1864 2078//1864 2079//1864
f 2079//1865 2078//1865 2080//1865
f 2079//1866 2080//1866 2081//1866
f 2081//1867 2080//1867 2082//1867
f 2081//1868 2082//1868 2083//1868
f 2083//1869 2082//1869 2084//1869
f 2083//1870 2084//1870 2085//1870
f 2085//1871 2084//1871 2086//1871
f 2085//1872 2086//1872 2087//1872
f 2087//1873 2086//1873 2088//1873
f 2087//1874 2088//1874 2089//1874
f 2089//1875 2088//1875 2090//1875
f 2089//1876 2090//1876 2091//1876
f 2091//1877 2090//1877 2092//1877
f 2091//1878 2092//1878 2093//1878
f 2093//1879 2092//1879 2094//1879
f 2093//1880 2094//1880 2095//1880
f 2095//1881 2094//1881 2096//1881
f 2095//1882 2096//1882 2097//1882
f 2097//1883 2096//1883 2098//1883
f 2097//1884 2098//1884 2099//1884
f 2099//1885 2098//1885 2100//1885
f 2099//1886 2100//1886 2101//1886
f 2101//1887 2100//1887 2102//1887
f 2101//1888 2102//1888 2103//1888
f 2103//1889 2102//1889 2104//1889
f 2103//1890 2104//1890 2105//1890
f 2105//1891 2104//1891 2106//1891
f 2105//1892 2106//1892 2059//1892
f 2059//1893 2106//1893 2060//1893
f 2107//1894 2108//1894 2109//1894
f 2109//1895 2108//1895 2110//1895
f 2109//1896 2110//1896 2111//1896
f 2111//1897 2110//1897 2112//1897
f 2111//1898 2112//1898 2113//1898
f 2113//1899 2112//1899 2114//1899
f 2113//1900 2114//1900 2115//1900
f 2115//1901 2114//1901 2116//1901
f 2115//1902 2116//1902 2117//1902
f 2117//1903 2116//1903 2118//1903
f 2117//1904 2118//1904 2119//1904
f 2119//1905 2118//1905 2120//1905
f 2119//1906 2120//1906 2121//1906
f 2121//1907 2120//1907 2122//1907
f 2121//1908 2122//1908 2123//1908
f 2123//1909 2122//1909 2124//1909
f 2123//1910 2124//1910 2125//1910
f 2125//1911 2124//1911 2126//1911
f 2125//1912 2126//1912 2127//1912
f 2127//1913 2126//1913 2128//1913
f 2127//1914 2128//1914 2129//1914
f 2129//1915 2128//1915 2130//1915
f 2129//1916 2130//1916 2131//1916
f 2131//1917 2130//1917 2132//1917
f 2131//1918 2132//1918 2133//1918
f 2133//1919 2132//1919 2134//1919
f 2133//1920 2134//1920 2135//1920
f 2135//1921 2134//1921 2136//1921
f 2135//1922 2136//1922 2137//1922
f 2137//1923 2136//1923 2138//1923
f 2137//1924 2138//1924 2139//1924
f 2139//1925 2138//1925 2140//1925
f 2139//1926 2140//1926 2141//1926
f 2141//1927 2140//1927 2142//1927
f 2141//1928 2142//1928 2143//1928
f 2143//1929 2142//1929 2144//1929
f 2143//1930 2144//1930 2145//1930
f 2145//1931 2144//1931 2146//1931
f 2145//1932 2146//1932 2147//1932
f 2147//1933 2146//1933 2148//1933
f 2147//1934 2148//1934 2149//1934
f 2149//1935 2148//1935 2150//1935
f 2149//1936 2150//1936 2151//1936
f 2151//1937 2150//1937 2152//1937
f 2151//1938 2152//1938 2153//1938
f 2153//1939 2152//1939 2154//1939
f 2153//1940 2154//1940 2108//1940
f 2108//1941 2154//1941 2155//1941
f 2108//1942 2155//1942 2110//1942
f 2110//1943 2155//1943 2060//1943
f 2110//1944 2060//1944 2106//1944
f 2108//1945 2107//1945 2153//1945
f 2153//1946 2107//1946 2151//1946
f 2151//1947 2107//1947 2149//1947
f 2149//1948 2107//1948 2147//1948
f 2147//1949 2107//1949 2145//1949
f 2145//1950 2107//1950 2143//1950
f 2143//1951 2107//1951 2141//1951
f 2141//1952 2107//1952 2139//1952
f 2137//1953 2107//1953 2135//1953
f 2135//1954 2107//1954 2133//1954
f 2133//1955 2107//1955 2131//1955
f 2131//1956 2107//1956 2129//1956
f 2129//1957 2107//1957 2127//1957
f 2127//1958 2107//1958 2125//1958
f 2125//1959 2107//1959 2123//1959
f 2121//1960 2107//1960 2119//1960
f 2119//1961 2107//1961 2117//1961
f 2117//1962 2107//1962 2115//1962
f 2115//1963 2107//1963 2113//1963
f 2113//1964 2107//1964 2111//1964
f 2111//1965 2107//1965 2109//1965
f 2060//1966 2155//1966 2062//1966
f 2062//1967 2155//1967 2154//1967
f 2062//1968 2154//1968 2064//1968
f 2064//1969 2154//1969 2152//1969
f 2064//1970 2152//1970 2066//1970
f 2066//1971 2152//1971 2150//1971
f 2066//1972 2150//1972 2068//1972
f 2068//1973 2150//1973 2148//1973
f 2068//1974 2148//1974 2070//1974
f 2070//1975 2148//1975 2146//1975
f 2070//1976 2146//1976 2072//1976
f 2072//1977 2146//1977 2144//1977
f 2072//1978 2144//1978 2074//1978
f 2074//1979 2144//1979 2142//1979
f 2074//1980 2142//1980 2076//1980
f 2076//1981 2142//1981 2140//1981
f 2076//1982 2140//1982 2078//1982
f 2078//1983 2140//1983 2138//1983
f 2078//1984 2138//1984 2080//1984
f 2080//1985 2138//1985 2136//1985
f 2080//1986 2136//1986 2082//1986
f 2082//1987 2136//1987 2134//1987
f 2082//1988 2134//1988 2084//1988
f 2084//1989 2134//1989 2132//1989
f 2084//1990 2132//1990 2086//1990
f 2086//1991 2132//1991 2130//1991
f 2086//1992 2130//1992 2088//1992
f 2088//1993 2130//1993 2128//1993
f 2088//1994 2128//1994 2090//1994
f 2090//1995 2128//1995 2126//1995
f 2090//1996 2126//1996 2092//1996
f 2092//1997 2126//1997 2124//1997
f 2092//1998 2124//1998 2094//1998
f 2094//1999 2124//1999 2122//1999
f 2094//2000 2122//2000 2096//2000
f 2096//2001 2122//2001 2120//2001
f 2096//2002 2120//2002 2098//2002
f 2098//2003 2120//2003 2118//2003
f 2098//2004 2118//2004 2100//2004
f 2100//2005 2118//2005 2116//2005
f 2100//2006 2116//2006 2102//2006
f 2102//2007 2116//2007 2114//2007
f 2102//2008 2114//2008 2104//2008
f 2104//2009 2114//2009 2112//2009
f 2104//2010 2112//2010 2106//2010
f 2106//2011 2112//2011 2110//2011
f 2123//2012 2107//2012 2121//2012
f 2139//2013 2107//2013 2137//2013
f 2156//1846 2157//1846 2158//1846
f 2158//1847 2157//1847 2159//1847
f 2158//1848 2159//1848 2160//1848
f 2160//1849 2159//1849 2161//1849
f 2160//1850 2161//1850 2162//1850
f 2162//1851 2161//1851 2163//1851
f 2162//1852 2163//1852 2164//1852
f 2164//1853 2163//1853 2165//1853
f 2164//1854 2165//1854 2166//1854
f 2166//1855 2165//1855 2167//1855
f 2166//1856 2167//1856 2168//1856
f 2168//1857 2167//1857 2169//1857
f 2168//1858 2169//1858 2170//1858
f 2170//1859 2169//1859 2171//1859
f 2170//1860 2171//1860 2172//1860
f 2172//1861 2171//1861 2173//1861
f 2172//1862 2173//1862 2174//1862
f 2174//1863 2173//1863 2175//1863
f 2174//1864 2175//1864 2176//1864
f 2176//1865 2175//1865 2177//1865
f 2176//1866 2177//1866 2178//1866
f 2178//1867 2177//1867 2179//1867
f 2178//1868 2179//1868 2180//1868
f 2180//1869 2179//1869 2181//1869
f 2180//1870 2181//1870 2182//1870
f 2182//1871 2181//1871 2183//1871
f 2182//1872 2183//1872 2184//1872
f 2184//1873 2183//1873 2185//1873
f 2184//1874 2185//1874 2186//1874
f 2186//1875 2185//1875 2187//1875
f 2186//1876 2187//1876 2188//1876
f 2188//1877 2187//1877 2189//1877
f 2188//1878 2189//1878 2190//1878
f 2190//1879 2189//1879 2191//1879
f 2190//1880 2191//1880 2192//1880
f 2192//1881 2191//1881 2193//1881
f 2192//1882 2193//1882 2194//1882
f 2194//1883 2193//1883 2195//1883
f 2194//1884 2195//1884 2196//1884
f 2196//1885 2195//1885 2197//1885
f 2196//1886 2197//1886 2198//1886
f 2198//1887 2197//1887 2199//1887
f 2198//1888 2199//1888 2200//1888
f 2200//1889 2199//1889 2201//1889
f 2200//1890 2201//1890 2202//1890
f 2202//1891 2201//1891 2203//1891
f 2202//1892 2203//1892 2156//1892
f 2156//1893 2203//1893 2157//1893
f 2204//1894 2205//1894 2206//1894
f 2206//1895 2205//1895 2207//1895
f 2206//1896 2207//1896 2208//1896
f 2208//1897 2207//1897 2209//1897
f 2208//1898 2209//1898 2210//1898
f 2210//1899 2209//1899 2211//1899
f 2210//1900 2211//1900 2212//1900
f 2212//1901 2211//1901 2213//1901
f 2212//1902 2213//1902 2214//1902
f 2214//1903 2213//1903 2215//1903
f 2214//1904 2215//1904 2216//1904
f 2216//1905 2215//1905 2217//1905
f 2216//1906 2217//1906 2218//1906
f 2218//1907 2217//1907 2219//1907
f 2218//1908 2219//1908 2220//1908
f 2220//1909 2219//1909 2221//1909
f 2220//1910 2221//1910 2222//1910
f 2222//1911 2221//1911 2223//1911
f 2222//1912 2223//1912 2224//1912
f 2224//1913 2223//1913 2225//1913
f 2224//1914 2225//1914 2226//1914
f 2226//1915 2225//1915 2227//1915
f 2226//1916 2227//1916 2228//1916
f 2228//1917 2227//1917 2229//1917
f 2228//1918 2229//1918 2230//1918
f 2230//1919 2229//1919 2231//1919
f 2230//1920 2231//1920 2232//1920
f 2232//1921 2231//1921 2233//1921
f 2232//1922 2233//1922 2234//1922
f 2234//1923 2233//1923 2235//1923
f 2234//1924 2235//1924 2236//1924
f 2236//1925 2235//1925 2237//1925
f 2236//1926 2237//1926 2238//1926
f 2238//1927 2237//1927 2239//1927
f 2238//1928 2239//1928 2240//1928
f 2240//1929 2239//1929 2241//1929
f 2240//1930 2241//1930 2242//1930
f 2242//1931 2241//1931 2243//1931
f 2242//1932 2243//1932 2244//1932
f 2244//1933 2243//1933 2245//1933
f 2244//1934 2245//1934 2246//1934
f 2246//1935 2245//1935 2247//1935
f 2246//1936 2247//1936 2248//1936
f 2248//1937 2247//1937 2249//1937
f 2248//1938 2249//1938 2250//1938
f 2250//1939 2249//1939 2251//1939
f 2250//1940 2251//1940 2205//1940
f 2205//1941 2251//1941 2252//1941
f 2205//1942 2252//1942 2207//1942
f 2207//1943 2252//1943 2157//1943
f 2207//1944 2157//1944 2203//1944
f 2205//1945 2204//1945 2250//1945
f 2250//1946 2204//1946 2248//1946
f 2248//1947 2204//1947 2246//1947
f 2246//1948 2204//1948 2244//1948
f 2244//1949 2204//1949 2242//1949
f 2242//1950 2204//1950 2240//1950
f 2240//1951 2204//1951 2238//1951
f 2238//1952 2204//1952 2236//1952
f 2234//1953 2204//1953 2232//1953
f 2232//1954 2204//1954 2230//1954
f 2230//1955 2204//1955 2228//1955
f 2228//1956 2204//1956 2226//1956
f 2226//1957 2204//1957 2224//1957
f 2224//1958 2204//1958 2222//1958
f 2222//1959 2204//1959 2220//1959
f 2218//1960 2204//1960 2216//1960
f 2216//1961 2204//1961 2214//1961
f 2214//1962 2204//1962 2212//1962
f 2212//1963 2204//1963 2210//1963
f 2210//1964 2204//1964 2208//1964
f 2208//1965 2204//1965 2206//1965
f 2157//1966 2252//1966 2159//1966
f 2159//1967 2252//1967 2251//1967
f 2159//1968 2251//1968 2161//1968
f 2161//1969 2251//1969 2249//1969
f 2161//1970 2249//1970 2163//1970
f 2163//1971 2249//1971 2247//1971
f 2163//1972 2247//1972 2165//1972
f 2165//1973 2247//1973 2245//1973
f 2165//1974 2245//1974 2167//1974
f 2167//1975 2245//1975 2243//1975
f 2167//1976 2243//1976 2169//1976
f 2169//1977 2243//1977 2241//1977
f 2169//1978 2241//1978 2171//1978
f 2171//1979 2241//1979 2239//1979
f 2171//1980 2239//1980 2173//1980
f 2173//1981 2239//1981 2237//1981
f 2173//1982 2237//1982 2175//1982
f 2175//1983 2237//1983 2235//1983
f 2175//1984 2235//1984 2177//1984
f 2177//1985 2235//1985 2233//1985
f 2177//1986 2233//1986 2179//1986
f 2179//1987 2233//1987 2231//1987
f 2179//1988 2231//1988 2181//1988
f 2181//1989 2231//1989 2229//1989
f 2181//1990 2229//1990 2183//1990
f 2183//1991 2229//1991 2227//1991
f 2183//1992 2227//1992 2185//1992
f 2185//1993 2227//1993 2225//1993
f 2185//1994 2225//1994 2187//1994
f 2187//1995 2225//1995 2223//1995
f 2187//1996 2223//1996 2189//1996
f 2189//1997 2223//1997 2221//1997
f 2189//1998 2221//1998 2191//1998
f 2191//1999 2221//1999 2219//1999
f 2191//2000 2219//2000 2193//2000
f 2193//2001 2219//2001 2217//2001
f 2193//2002 2217//2002 2195//2002
f 2195//2003 2217//2003 2215//2003
f 2195//2004 2215//2004 2197//2004
f 2197//2005 2215//2005 2213//2005
f 2197//2006 2213//2006 2199//2006
f 2199//2007 2213//2007 2211//2007
f 2199//2008 2211//2008 2201//2008
f 2201//2009 2211//2009 2209//2009
f 2201//2010 2209//2010 2203//2010
f 2203//2011 2209//2011 2207//2011
f 2220//2012 2204//2012 2218//2012
f 2236//2013 2204//2013 2234//2013
f 2253//1846 2254//1846 2255//1846
f 2255//1847 2254//1847 2256//1847
f 2255//1848 2256//1848 2257//1848
f 2257//1849 2256//1849 2258//1849
f 2257//1850 2258//1850 2259//1850
f 2259//1851 2258//1851 2260//1851
f 2259//1852 2260//1852 2261//1852
f 2261//1853 2260//1853 2262//1853
f 2261//1854 2262//1854 2263//1854
f 2263//1855 2262//1855 2264//1855
f 2263//1856 2264//1856 2265//1856
f 2265//1857 2264//1857 2266//1857
f 2265//1858 2266//1858 2267//1858
f 2267//1859 2266//1859 2268//1859
f 2267//1860 2268//1860 2269//1860
f 2269//1861 2268//1861 2270//1861
f 2269//1862 2270//1862 2271//1862
f 2271//1863 2270//1863 2272//1863
f 2271//1864 2272//1864 2273//1864
f 2273//1865 2272//1865 2274//1865
f 2273//1866 2274//1866 2275//1866
f 2275//1867 2274//1867 2276//1867
f 2275//1868 2276//1868 2277//1868
f 2277//1869 2276//1869 2278//1869
f 2277//1870 2278//1870 2279//1870
f 2279//1871 2278//1871 2280//1871
f 2279//1872 2280//1872 2281//1872
f 2281//1873 2280//1873 2282//1873
f 2281//1874 2282//1874 2283//1874
f 2283//1875 2282//1875 2284//1875
f 2283//1876 2284//1876 2285//1876
f 2285//1877 2284//1877 2286//1877
f 2285//1878 2286//1878 2287//1878
f 2287//1879 2286//1879 2288//1879
f 2287//1880 2288//1880 2289//1880
f 2289//1881 2288//1881 2290//1881
f 2289//1882 2290//1882 2291//1882
f 2291//1883 2290//1883 2292//1883
f 2291//1884 2292//1884 2293//1884
f 2293//1885 2292//1885 2294//1885
f 2293//1886 2294//1886 2295//1886
f 2295//1887 2294//1887 2296//1887
f 2295//1888 2296//1888 2297//1888
f 2297//1889 2296//1889 2298//1889
f 2297//1890 2298//1890 2299//1890
f 2299//1891 2298//1891 2300//1891
f 2299//1892 2300//1892 2253//1892
f 2253//1893 2300//1893 2254//1893
f 2301//1894 2302//1894 2303//1894
f 2303//1895 2302//1895 2304//1895
f 2303//1896 2304//1896 2305//1896
f 2305//1897 2304//1897 2306//1897
f 2305//1898 2306//1898 2307//1898
f 2307//1899 2306//1899 2308//1899
f 2307//1900 2308//1900 2309//1900
f 2309//1901 2308//1901 2310//1901
f 2309//1902 2310//1902 2311//1902
f 2311//1903 2310//1903 2312//1903
f 2311//1904 2312//1904 2313//1904
f 2313//1905 2312//1905 2314//1905
f 2313//1906 2314//1906 2315//1906
f 2315//1907 2314//1907 2316//1907
f 2315//1908 2316//1908 2317//1908
f 2317//1909 2316//1909 2318//1909
f 2317//1910 2318//1910 2319//1910
f 2319//1911 2318//1911 2320//1911
f 2319//1912 2320//1912 2321//1912
f 2321//1913 2320//1913 2322//1913
f 2321//1914 2322//1914 2323//1914
f 2323//1915 2322//1915 2324//1915
f 2323//1916 2324//1916 2325//1916
f 2325//1917 2324//1917 2326//1917
f 2325//1918 2326//1918 2327//1918
f 2327//1919 2326//1919 2328//1919
f 2327//1920 2328//1920 2329//1920
f 2329//1921 2328//1921 2330//1921
f 2329//1922 2330//1922 2331//1922
f 2331//1923 2330//1923 2332//1923
f 2331//1924 2332//1924 2333//1924
f 2333//1925 2332//1925 2334//1925
f 2333//1926 2334//1926 2335//1926
f 2335//1927 2334//1927 2336//1927
f 2335//1928 2336//1928 2337//1928
f 2337//1929 2336//1929 2338//1929
f 2337//1930 2338//1930 2339//1930
f 2339//1931 2338//1931 2340//1931
f 2339//1932 2340//1932 2341//1932
f 2341//1933 2340//1933 2342//1933
f 2341//1934 2342//1934 2343//1934
f 2343//1935 2342//1935 2344//1935
f 2343//1936 2344//1936 2345//1936
f 2345//1937 2344//1937 2346//1937
f 2345//1938 2346//1938 2347//1938
f 2347//1939 2346//1939 2348//1939
f 2347//1940 2348//1940 2302//1940
f 2302//1941 2348//1941 2349//1941
f 2302//1942 2349//1942 2304//1942
f 2304//1943 2349//1943 2254//1943
f 2304//1944 2254//1944 2300//1944
f 2302//1945 2301//1945 2347//1945
f 2347//1946 2301//1946 2345//1946
f 2345//1947 2301//1947 2343//1947
f 2343//1948 2301//1948 2341//1948
f 2341//1949 2301//1949 2339//1949
f 2339//1950 2301//1950 2337//1950
f 2337//1951 2301//1951 2335//1951
f 2335//1952 2301//1952 2333//1952
f 2331//1953 2301//1953 2329//1953
f 2329//1954 2301//1954 2327//1954
f 2327//1955 2301//1955 2325//1955
f 2325//1956 2301//1956 2323//1956
f 2323//1957 2301//1957 2321//1957
f 2321//1958 2301//1958 2319//1958
f 2319//1959 2301//1959 2317//1959
f 2315//1960 2301//1960 2313//1960
f 2313//1961 2301//1961 2311//1961
f 2311//1962 2301//1962 2309//1962
f 2309//1963 2301//1963 2307//1963
f 2307//1964 2301//1964 2305//1964
f 2305//1965 2301//1965 2303//1965
f 2254//1966 2349//1966 2256//1966
f 2256//1967 2349//1967 2348//1967
f 2256//1968 2348//1968 2258//1968
f 2258//1969 2348//1969 2346//1969
f 2258//1970 2346//1970 2260//1970
f 2260//1971 2346//1971 2344//1971
f 2260//1972 2344//1972 2262//1972
f 2262//1973 2344//1973 2342//1973
f 2262//1974 2342//1974 2264//1974
f 2264//1975 2342//1975 2340//1975
f 2264//1976 2340//1976 2266//1976
f 2266//1977 2340//1977 2338//1977
f 2266//1978 2338//1978 2268//1978
f 2268//1979 2338//1979 2336//1979
f 2268//1980 2336//1980 2270//1980
f 2270//1981 2336//1981 2334//1981
f 2270//1982 2334//1982 2272//1982
f 2272//1983 2334//1983 2332//1983
f 2272//1984 2332//1984 2274//1984
f 2274//1985 2332//1985 2330//1985
f 2274//1986 2330//1986 2276//1986
f 2276//1987 2330//1987 2328//1987
f 2276//1988 2328//1988 2278//1988
f 2278//1989 2328//1989 2326//1989
f 2278//1990 2326//1990 2280//1990
f 2280//1991 2326//1991 2324//1991
f 2280//1992 2324//1992 2282//1992
f 2282//1993 2324//1993 2322//1993
f 2282//1994 2322//1994 2284//1994
f 2284//1995 2322//1995 2320//1995
f 2284//1996 2320//1996 2286//1996
f 2286//1997 2320//1997 2318//1997
f 2286//1998 2318//1998 2288//1998
f 2288//1999 2318//1999 2316//1999
f 2288//2000 2316//2000 2290//2000
f 2290//2001 2316//2001 2314//2001
f 2290//2002 2314//2002 2292//2002
f 2292//2003 2314//2003 2312//2003
f 2292//2004 2312//2004 2294//2004
f 2294//2005 2312//2005 2310//2005
f 2294//2006 2310//2006 2296//2006
f 2296//2007 2310//2007 2308//2007
f 2296//2008 2308//2008 2298//2008
f 2298//2009 2308//2009 2306//2009
f 2298//2010 2306//2010 2300//2010
f 2300//2011 2306//2011 2304//2011
f 2317//2012 2301//2012 2315//2012
f 2333//2013 2301//2013 2331//2013
f 2350//1846 2351//1846 2352//1846
f 2352//1847 2351//1847 2353//1847
f 2352//1848 2353//1848 2354//1848
f 2354//1849 2353//1849 2355//1849
f 2354//1850 2355//1850 2356//1850
f 2356//1851 2355//1851 2357//1851
f 2356//1852 2357//1852 2358//1852
f 2358//1853 2357//1853 2359//1853
f 2358//1854 2359//1854 2360//1854
f 2360//1855 2359//1855 2361//1855
f 2360//1856 2361//1856 2362//1856
f 2362//1857 2361//1857 2363//1857
f 2362//1858 2363//1858 2364//1858
f 2364//1859 2363//1859 2365//1859
f 2364//1860 2365//1860 2366//1860
f 2366//1861 2365//1861 2367//1861
f 2366//1862 2367//1862 2368//1862
f 2368//1863 2367//1863 2369//1863
f 2368//1864 2369//1864 2370//1864
f 2370//1865 2369//1865 2371//1865
f 2370//1866 2371//1866 2372//1866
f 2372//1867 2371//1867 2373//1867
f 2372//1868 2373//1868 2374//1868
f 2374//1869 2373//1869 2375//1869
f 2374//1870 2375//1870 2376//1870
f 2376//1871 2375//1871 2377//1871
f 2376//1872 2377//1872 2378//1872
f 2378//1873 2377//1873 2379//1873
f 2378//1874 2379//1874 2380//1874
f 2380//1875 2379//1875 2381//1875
f 2380//1876 2381//1876 2382//1876
f 2382//1877 2381//1877 2383//1877
f 2382//1878 2383//1878 2384//1878
f 2384//1879 2383//1879 2385//1879
f 2384//1880 2385//1880 2386//1880
f 2386//1881 2385//1881 2387//1881
f 2386//1882 2387//1882 2388//1882
f 2388//1883 2387//1883 2389//1883
f 2388//1884 2389//1884 2390//1884
f 2390//1885 2389//1885 2391//1885
f 2390//1886 2391//1886 2392//1886
f 2392//1887 2391//1887 2393//1887
f 2392//1888 2393//1888 2394//1888
f 2394//1889 2393//1889 2395//1889
f 2394//1890 2395//1890 2396//1890
f 2396//1891 2395//1891 2397//1891
f 2396//1892 2397//1892 2350//1892
f 2350//1893 2397//1893 2351//1893
f 2398//1894 2399//1894 2400//1894
f 2400//1895 2399//1895 2401//1895
f 2400//1896 2401//1896 2402//1896
f 2402//1897 2401//1897 2403//1897
f 2402//1898 2403//1898 2404//1898
f 2404//1899 2403//1899 2405//1899
f 2404//1900 2405//1900 2406//1900
f 2406//1901 2405//1901 2407//1901
f 2406//1902 2407//1902 2408//1902
f 2408//1903 2407//1903 2409//1903
f 2408//1904 2409//1904 2410//1904
f 2410//1905 2409//1905 2411//1905
f 2410//1906 2411//1906 2412//1906
f 2412//1907 2411//1907 2413//1907
f 2412//1908 2413//1908 2414//1908
f 2414//1909 2413//1909 2415//1909
f 2414//1910 2415//1910 2416//1910
f 2416//1911 2415//1911 2417//1911
f 2416//1912 2417//1912 2418//1912
f 2418//1913 2417//1913 2419//1913
f 2418//1914 2419//1914 2420//1914
f 2420//1915 2419//1915 2421//1915
f 2420//1916 2421//1916 2422//1916
f 2422//1917 2421//1917 2423//1917
f 2422//1918 2423//1918 2424//1918
f 2424//1919 2423//1919 2425//1919
f 2424//1920 2425//1920 2426//1920
f 2426//1921 2425//1921 2427//1921
f 2426//1922 2427//1922 2428//1922
f 2428//1923 2427//1923 2429//1923
f 2428//1924 2429//1924 2430//1924
f 2430//1925 2429//1925 2431//1925
f 2430//1926 2431//1926 2432//1926
f 2432//1927 2431//1927 2433//1927
f 2432//1928 2433//1928 2434//1928
f 2434//1929 2433//1929 2435//1929
f 2434//1930 2435//1930 2436//1930
f 2436//1931 2435//1931 2437//1931
f 2436//1932 2437//1932 2438//1932
f 2438//1933 2437//1933 2439//1933
f 2438//1934 2439//1934 2440//1934
f 2440//1935 2439//1935 2441//1935
f 2440//1936 2441//1936 2442//1936
f 2442//1937 2441//1937 2443//1937
f 2442//1938 2443//1938 2444//1938
f 2444//1939 2443//1939 2445//1939
f 2444//1940 2445//1940 2399//1940
f 2399//1941 2445//1941 2446//1941
f 2399//1942 2446//1942 2401//1942
f 2401//1943 2446//1943 2351//1943
f 2401//1944 2351//1944 2397//1944
f 2399//1945 2398//1945 2444//1945
f 2444//1946 2398//1946 2442//1946
f 2442//1947 2398//1947 2440//1947
f 2440//1948 2398//1948 2438//1948
f 2438//1949 2398//1949 2436//1949
f 2436//1950 2398//1950 2434//1950
f 2434//1951 2398//1951 2432//1951
f 2432//1952 2398//1952 2430//1952
f 2428//1953 2398//1953 2426//1953
f 2426//1954 2398//1954 2424//1954
f 2424//1955 2398//1955 2422//1955
f 2422//1956 2398//1956 2420//1956
f 2420//1957 2398//1957 2418//1957
f 2418//1958 2398//1958 2416//1958
f 2416//1959 2398//1959 2414//1959
f 2412//1960 2398//1960 2410//1960
f 2410//1961 2398//1961 2408//1961
f 2408//1962 2398//1962 2406//1962
f 2406//1963 2398//1963 2404//1963
f 2404//1964 2398//1964 2402//1964
f 2402//1965 2398//1965 2400//1965
f 2351//1966 2446//1966 2353//1966
f 2353//1967 2446//1967 2445//1967
f 2353//1968 2445//1968 2355//1968
f 2355//1969 2445//1969 2443//1969
f 2355//1970 2443//1970 2357//1970
f 2357//1971 2443//1971 2441//1971
f 2357//1972 2441//1972 2359//1972
f 2359//1973 2441//1973 2439//1973
f 2359//1974 2439//1974 2361//1974
f 2361//1975 2439//1975 2437//1975
f 2361//1976 2437//1976 2363//1976
f 2363//1977 2437//1977 2435//1977
f 2363//1978 2435//1978 2365//1978
f 2365//1979 2435//1979 2433//1979
f 2365//1980 2433//1980 2367//1980
f 2367//1981 2433//1981 2431//1981
f 2367//1982 2431//1982 2369//1982
f 2369//1983 2431//1983 2429//1983
f 2369//1984 2429//1984 2371//1984
f 2371//1985 2429//1985 2427//1985
f 2371//1986 2427//1986 2373//1986
f 2373//1987 2427//1987 2425//1987
f 2373//1988 2425//1988 2375//1988
f 2375//1989 2425//1989 2423//1989
f 2375//1990 2423//1990 2377//1990
f 2377//1991 2423//1991 2421//1991
f 2377//1992 2421//1992 2379//1992
f 2379//1993 2421//1993 2419//1993
f 2379//1994 2419//1994 2381//1994
f 2381//1995 2419//1995 2417//1995
f 2381//1996 2417//1996 2383//1996
f 2383//1997 2417//1997 2415//1997
f 2383//1998 2415//1998 2385//1998
f 2385//1999 2415//1999 2413//1999
f 2385//2000 2413//2000 2387//2000
f 2387//2001 2413//2001 2411//2001
f 2387//2002 2411//2002 2389//2002
f 2389//2003 2411//2003 2409//2003
f 2389//2004 2409//2004 2391//2004
f 2391//2005 2409//2005 2407//2005
f 2391//2006 2407//2006 2393//2006
f 2393//2007 2407//2007 2405//2007
f 2393//2008 2405//2008 2395//2008
f 2395//2009 2405//2009 2403//2009
f 2395//2010 2403//2010 2397//2010
f 2397//2011 2403//2011 2401//2011
f 2414//2012 2398//2012 2412//2012
f 2430//2013 2398//2013 2428//2013
f 1199//2014 1034//2014 2447//2014
f 2447//2014 1034//2014 1085//2014
f 2447//2015 1085//2015 2448//2015
f 2448//2015 1085//2015 1087//2015
f 2448//2016 1087//2016 2449//2016
f 2449//2016 1087//2016 1089//2016
f 2449//2017 1089//2017 2450//2017
f 2450//2017 1089//2017 1091//2017
f 2450//2018 1091//2018 2451//2018
f 2451//2018 1091//2018 1093//2018
f 2451//2019 1093//2019 2452//2019
f 2452//2019 1093//2019 1095//2019
f 2452//2020 1095//2020 2453//2020
f 2453//2020 1095//2020 1097//2020
f 2453//2021 1097//2021 2454//2021
f 2454//2021 1097//2021 1099//2021
f 2454//2022 1099//2022 2455//2022
f 2455//2022 1099//2022 1101//2022
f 2455//2023 1101//2023 2456//2023
f 2456//2023 1101//2023 1103//2023
f 2456//2024 1103//2024 2457//2024
f 2457//2024 1103//2024 1105//2024
f 2457//2025 1105//2025 1176//2025
f 1176//2025 1105//2025 789//2025
f 5//2026 1909//2026 3//2026
f 3//2027 1909//2027 2283//2027
f 3//2028 2283//2028 2285//2028
f 5//2029 6//2029 1909//2029
f 1909//2030 6//2030 8//2030
f 1909//2031 8//2031 10//2031
f 10//2032 12//2032 1909//2032
f 1909//2033 12//2033 1907//2033
f 1907//2034 12//2034 13//2034
f 1907//2035 13//2035 15//2035
f 15//2036 17//2036 1907//2036
f 1907//2037 17//2037 19//2037
f 1907//2038 19//2038 20//2038
f 20//2039 22//2039 1907//2039
f 1907//2040 22//2040 24//2040
f 1907//2041 24//2041 1905//2041
f 1905//2042 24//2042 26//2042
f 1905//2043 26//2043 28//2043
f 28//2044 30//2044 1905//2044
f 1905//2045 30//2045 31//2045
f 1905//2046 31//2046 1903//2046
f 1903//2047 31//2047 2291//2047
f 1903//2047 2291//2047 1118//2047
f 1118//2047 2291//2047 2000//2047
f 1118//2047 2000//2047 1176//2047
f 1176//2047 2000//2047 2194//2047
f 1176//2048 2194//2048 271//2048
f 271//2049 2194//2049 2196//2049
f 271//2050 2196//2050 270//2050
f 270//2051 2196//2051 268//2051
f 268//2052 2196//2052 266//2052
f 266//2053 2196//2053 264//2053
f 264//2041 2196//2041 2198//2041
f 264//2054 2198//2054 262//2054
f 262//2055 2198//2055 260//2055
f 260//2056 2198//2056 259//2056
f 259//2057 2198//2057 257//2057
f 257//2058 2198//2058 255//2058
f 255//2059 2198//2059 253//2059
f 253//2060 2198//2060 252//2060
f 252//2061 2198//2061 2200//2061
f 252//2062 2200//2062 250//2062
f 250//2063 2200//2063 248//2063
f 248//2064 2200//2064 246//2064
f 246//2065 2200//2065 245//2065
f 245//2026 2200//2026 243//2026
f 243//2027 2200//2027 2089//2027
f 243//2028 2089//2028 2091//2028
f 2291//2066 31//2066 2289//2066
f 2289//2067 31//2067 33//2067
f 2289//2068 33//2068 35//2068
f 35//2069 36//2069 2289//2069
f 2289//2070 36//2070 38//2070
f 2289//2071 38//2071 2287//2071
f 2287//2072 38//2072 40//2072
f 2287//2073 40//2073 42//2073
f 42//2074 43//2074 2287//2074
f 2287//2075 43//2075 45//2075
f 2287//2076 45//2076 47//2076
f 47//2077 49//2077 2287//2077
f 2287//2078 49//2078 50//2078
f 2287//2079 50//2079 2285//2079
f 2285//2080 50//2080 52//2080
f 2285//2081 52//2081 54//2081
f 54//2082 56//2082 2285//2082
f 2285//2083 56//2083 1//2083
f 2285//2084 1//2084 3//2084
f 1176//2085 271//2085 2095//2085
f 2095//2067 271//2067 273//2067
f 2095//2086 273//2086 275//2086
f 275//2087 276//2087 2095//2087
f 2095//2088 276//2088 278//2088
f 2095//2071 278//2071 2093//2071
f 2093//2089 278//2089 280//2089
f 2093//2090 280//2090 282//2090
f 282//2091 283//2091 2093//2091
f 2093//2092 283//2092 285//2092
f 2093//2093 285//2093 287//2093
f 287//2094 289//2094 2093//2094
f 2093//2095 289//2095 290//2095
f 2093//2096 290//2096 2091//2096
f 2091//2097 290//2097 292//2097
f 2091//2081 292//2081 294//2081
f 294//2082 296//2082 2091//2082
f 2091//2098 296//2098 241//2098
f 2091//2099 241//2099 243//2099
f 429//2026 2006//2026 427//2026
f 427//2027 2006//2027 2186//2027
f 427//2028 2186//2028 2188//2028
f 429//2029 430//2029 2006//2029
f 2006//2030 430//2030 432//2030
f 2006//2100 432//2100 434//2100
f 434//2062 436//2062 2006//2062
f 2006//2061 436//2061 2004//2061
f 2004//2101 436//2101 437//2101
f 2004//2059 437//2059 439//2059
f 439//2102 441//2102 2004//2102
f 2004//2103 441//2103 443//2103
f 2004//2056 443//2056 444//2056
f 444//2104 446//2104 2004//2104
f 2004//2105 446//2105 448//2105
f 2004//2041 448//2041 2002//2041
f 2002//2106 448//2106 450//2106
f 2002//2107 450//2107 452//2107
f 452//2108 454//2108 2002//2108
f 2002//2045 454//2045 455//2045
f 2002//2046 455//2046 2000//2046
f 2000//2047 455//2047 2194//2047
f 2194//2066 455//2066 2192//2066
f 2192//2067 455//2067 457//2067
f 2192//2086 457//2086 459//2086
f 459//2087 460//2087 2192//2087
f 2192//2088 460//2088 462//2088
f 2192//2071 462//2071 2190//2071
f 2190//2089 462//2089 464//2089
f 2190//2090 464//2090 466//2090
f 466//2091 467//2091 2190//2091
f 2190//2092 467//2092 469//2092
f 2190//2093 469//2093 471//2093
f 471//2094 473//2094 2190//2094
f 2190//2095 473//2095 474//2095
f 2190//2096 474//2096 2188//2096
f 2188//2097 474//2097 476//2097
f 2188//2081 476//2081 478//2081
f 478//2082 480//2082 2188//2082
f 2188//2098 480//2098 425//2098
f 2188//2099 425//2099 427//2099
f 557//2026 2394//2026 555//2026
f 555//2027 2394//2027 1895//2027
f 555//2028 1895//2028 1897//2028
f 557//2029 558//2029 2394//2029
f 2394//2030 558//2030 560//2030
f 2394//2031 560//2031 562//2031
f 562//2032 564//2032 2394//2032
f 2394//2033 564//2033 2392//2033
f 2392//2034 564//2034 565//2034
f 2392//2035 565//2035 567//2035
f 567//2036 569//2036 2392//2036
f 2392//2037 569//2037 571//2037
f 2392//2038 571//2038 572//2038
f 572//2039 574//2039 2392//2039
f 2392//2040 574//2040 576//2040
f 2392//2041 576//2041 2390//2041
f 2390//2042 576//2042 578//2042
f 2390//2043 578//2043 580//2043
f 580//2044 582//2044 2390//2044
f 2390//2045 582//2045 583//2045
f 2390//2109 583//2109 1118//2109
f 1118//2110 583//2110 1903//2110
f 1903//2066 583//2066 1901//2066
f 1901//2067 583//2067 585//2067
f 1901//2068 585//2068 587//2068
f 587//2069 588//2069 1901//2069
f 1901//2070 588//2070 590//2070
f 1901//2071 590//2071 1899//2071
f 1899//2072 590//2072 592//2072
f 1899//2073 592//2073 594//2073
f 594//2074 595//2074 1899//2074
f 1899//2075 595//2075 597//2075
f 1899//2076 597//2076 599//2076
f 599//2077 601//2077 1899//2077
f 1899//2078 601//2078 602//2078
f 1899//2079 602//2079 1897//2079
f 1897//2080 602//2080 604//2080
f 1897//2081 604//2081 606//2081
f 606//2082 608//2082 1897//2082
f 1897//2083 608//2083 553//2083
f 1897//2084 553//2084 555//2084
f 1869//2047 2277//2047 1867//2047
f 1867//2047 2277//2047 2279//2047
f 1867//2047 2279//2047 1865//2047
f 1865//2047 2279//2047 2281//2047
f 1865//2047 2281//2047 1911//2047
f 1911//2047 2281//2047 2283//2047
f 1911//2047 2283//2047 1909//2047
f 2277//2047 1869//2047 2275//2047
f 2275//2047 1869//2047 1871//2047
f 2275//2047 1871//2047 2273//2047
f 2273//2047 1871//2047 1873//2047
f 2273//2047 1873//2047 2271//2047
f 2271//2047 1873//2047 1875//2047
f 2271//2047 1875//2047 2269//2047
f 2269//2047 1875//2047 1877//2047
f 2269//2047 1877//2047 2267//2047
f 2267//2047 1877//2047 1879//2047
f 2267//2047 1879//2047 1130//2047
f 1130//2111 1879//2111 1881//2111
f 1130//2047 1881//2047 2362//2047
f 2362//2047 1881//2047 2360//2047
f 2360//2047 1881//2047 1883//2047
f 2360//2047 1883//2047 2358//2047
f 2358//2047 1883//2047 1885//2047
f 2358//2047 1885//2047 2356//2047
f 2356//2047 1885//2047 1887//2047
f 2356//2047 1887//2047 2354//2047
f 2354//2047 1887//2047 1889//2047
f 2354//2047 1889//2047 2352//2047
f 2352//2047 1889//2047 1891//2047
f 2352//2047 1891//2047 2350//2047
f 2350//2047 1891//2047 1893//2047
f 2350//2047 1893//2047 2396//2047
f 2396//2047 1893//2047 1895//2047
f 2396//2047 1895//2047 2394//2047
f 1966//2047 2180//2047 1964//2047
f 1964//2047 2180//2047 2182//2047
f 1964//2047 2182//2047 1962//2047
f 1962//2047 2182//2047 2184//2047
f 1962//2047 2184//2047 2008//2047
f 2008//2047 2184//2047 2186//2047
f 2008//2047 2186//2047 2006//2047
f 2180//2047 1966//2047 2178//2047
f 2178//2047 1966//2047 1968//2047
f 2178//2047 1968//2047 2176//2047
f 2176//2047 1968//2047 1970//2047
f 2176//2047 1970//2047 2174//2047
f 2174//2047 1970//2047 1972//2047
f 2174//2047 1972//2047 2172//2047
f 2172//2047 1972//2047 1974//2047
f 2172//2047 1974//2047 2170//2047
f 2170//2047 1974//2047 1976//2047
f 2170//2047 1976//2047 1199//2047
f 1199//2047 1976//2047 2267//2047
f 1199//2047 2267//2047 1130//2047
f 2267//2047 1976//2047 2265//2047
f 2265//2047 1976//2047 1978//2047
f 2265//2047 1978//2047 2263//2047
f 2263//2047 1978//2047 1980//2047
f 2263//2047 1980//2047 2261//2047
f 2261//2047 1980//2047 1982//2047
f 2261//2047 1982//2047 2259//2047
f 2259//2047 1982//2047 1984//2047
f 2259//2047 1984//2047 2257//2047
f 2257//2047 1984//2047 1986//2047
f 2257//2047 1986//2047 2255//2047
f 2255//2047 1986//2047 1988//2047
f 2255//2047 1988//2047 2253//2047
f 2253//2047 1988//2047 1990//2047
f 2253//2047 1990//2047 2299//2047
f 2299//2047 1990//2047 1992//2047
f 2299//2047 1992//2047 2297//2047
f 2297//2047 1992//2047 1994//2047
f 2297//2047 1994//2047 2295//2047
f 2295//2047 1994//2047 1996//2047
f 2295//2047 1996//2047 2293//2047
f 2293//2047 1996//2047 1998//2047
f 2293//2047 1998//2047 2291//2047
f 2291//2047 1998//2047 2000//2047
f 2059//2047 2061//2047 2452//2047
f 2452//2047 2061//2047 2063//2047
f 2452//2112 2063//2112 2451//2112
f 2451//2113 2063//2113 2065//2113
f 2451//2114 2065//2114 2450//2114
f 2450//2115 2065//2115 2067//2115
f 2450//2116 2067//2116 2449//2116
f 2449//2117 2067//2117 2069//2117
f 2449//2118 2069//2118 2071//2118
f 2449//2119 2071//2119 2448//2119
f 2448//2120 2071//2120 2073//2120
f 2448//2121 2073//2121 2447//2121
f 2447//2122 2073//2122 1199//2122
f 1199//2123 2073//2123 2075//2123
f 1199//2047 2075//2047 2168//2047
f 2168//2047 2075//2047 2166//2047
f 2166//2047 2075//2047 2077//2047
f 2166//2047 2077//2047 2164//2047
f 2164//2047 2077//2047 2079//2047
f 2164//2047 2079//2047 2162//2047
f 2162//2047 2079//2047 2081//2047
f 2162//2047 2081//2047 2160//2047
f 2160//2047 2081//2047 2083//2047
f 2160//2047 2083//2047 2158//2047
f 2158//2047 2083//2047 2085//2047
f 2158//2047 2085//2047 2156//2047
f 2156//2047 2085//2047 2087//2047
f 2156//2047 2087//2047 2202//2047
f 2202//2047 2087//2047 2089//2047
f 2202//2047 2089//2047 2200//2047
f 2095//2124 2097//2124 1176//2124
f 1176//2125 2097//2125 2457//2125
f 2457//2126 2097//2126 2456//2126
f 2456//2127 2097//2127 2099//2127
f 2456//2128 2099//2128 2455//2128
f 2455//2129 2099//2129 2101//2129
f 2455//2130 2101//2130 2103//2130
f 2455//2131 2103//2131 2454//2131
f 2454//2132 2103//2132 2105//2132
f 2454//2133 2105//2133 2453//2133
f 2453//2134 2105//2134 2059//2134
f 2453//2135 2059//2135 2452//2135
f 2168//2136 2170//2136 1199//2136
f 2362//2137 2364//2137 1130//2137
f 1130//2138 2364//2138 1129//2138
f 1129//2139 2364//2139 1128//2139
f 1128//2140 2364//2140 2366//2140
f 1128//2141 2366//2141 1127//2141
f 1127//2142 2366//2142 2368//2142
f 1127//2143 2368//2143 2370//2143
f 1127//2144 2370//2144 1126//2144
f 1126//2145 2370//2145 2372//2145
f 1126//2146 2372//2146 1125//2146
f 1125//2147 2372//2147 2374//2147
f 1125//2148 2374//2148 1124//2148
f 1124//2047 2374//2047 2376//2047
f 1124//2047 2376//2047 2378//2047
f 1124//2149 2378//2149 1123//2149
f 1123//2150 2378//2150 2380//2150
f 1123//2151 2380//2151 1122//2151
f 1122//2152 2380//2152 2382//2152
f 1122//2153 2382//2153 1121//2153
f 1121//2154 2382//2154 2384//2154
f 1121//2155 2384//2155 2386//2155
f 1121//2156 2386//2156 1120//2156
f 1120//2157 2386//2157 2388//2157
f 1120//2158 2388//2158 1119//2158
f 1119//2159 2388//2159 1118//2159
f 1118//2160 2388//2160 2390//2160
# Vertices: 2457, normals: 2160, texture coordinates: 0, faces: 4926

